ts,round,wave,agent,x_families,y,model,split,metric,value,coverage,notes
2026-09-18T23:59,R1,1,1387ca0e,A,-,verify,train,n_a_cols,20,1.00,cashflow OK; a_growth_12 26.5%; a_pending_share near-zero var
2026-09-19T00:00,R1,1,a3360891,-,Y1+Y2,verify,train,y2_neg_2of3_rate,0.0732,0.82,ACCEPTED size_auc=0.53; runway_lt1 REJECTED 38% SIZE_PROXY; onset REJECTED 1.1%
2026-09-19T00:01,R1,1,a26c1e9d,B,-,verify,train,b_liq_cov,0.9898,0.99,matches score_pipeline _liquidity maxabs=0
2026-09-19T00:02,R1,1,c36e5a12,C,-,verify,train,c_gap_sd_cov,0.951,1.00,12 c_ cols; June flag 62 vs Javier 61 due to COMP_0981 2026-09-01
2026-09-19T00:03,R1,1,a38ceaea,E,-,verify,train,e_ar_open_cov,0.641,0.61,15 e_ cols; delay matches pipeline; 470 train cos no invoices
2026-09-19T00:04,R1,1,be2b53f0,F,-,verify,train,f_ds_r_cov,0.885,1.00,15 f_ cols; schedule 1.7% CM / 3% cos; util snapshot last month only
2026-09-19T00:05,R2,2,bc1aa635,G,-,verify,train,g_n_accounts_cov,1.00,0.88,13 g_ cols; post-snapshot products excluded; shares NaN if no account yet
2026-09-19T00:06,R2,2,e1665b98,H,-,verify,train,h_sib_in_cov,1.00,0.98,7 h_ cols; solos share=1; sib_neg null on size-1
2026-09-19T00:07,R1,1,335a970c,-,Y5,verify,train,y5_ap_od30_ownp80,0.0852,1.00,ACCEPTED size=0.54; y5_ar_od30_sust 7.15% ACCEPTED; delay_up15 4.49% REJECTED
2026-09-19T00:08,R2,2,eacfb1c5,-,Y4,verify,train,y4_ds_r_double,0.1388,0.11,ACCEPTED size=0.44; others REJECTED (gt05 2.6%
2026-09-19T00:09,R1,1,0322eac0,D,-,verify,train,d_cust_hhi_cov,0.422,0.55,10 d_ cols; d_interco_share all-NaN (no COMP_* join); tx cp median 0
2026-09-19T00:10,R2,2,83986f10,-,Y3+Y6,verify,train,y3_recover_cash_6m,0.0712,1.00,ACCEPTED among stressed; y6_missed_payroll 6.1% ACCEPTED; y6_zero_in_3 CAUTION inverse-size; y3_recover_6m and y6_silent_60 REJECTED
2026-09-19T00:12,R4,3,2b391abc,-,Y1,weekly_ts,train40,mae_vs_mean,0.0,1.00,PARK TS: weekly ETS/SARIMAX do not beat hist mean (same as monthly)
2026-09-19T00:15,R1,2,d0748ae4,ACDEFGH,Y1+Y2,baselines,holdout,y1_net_h1_mase,0.341,1.00,hist_mean wins Y1 flows; last_value wins liq; Javier y2 AUROC 0.776 uses B; y2 holdout n_pos=23
2026-09-19T00:16,R3,2,ebab6189,-,Y7+Y8,verify,train,y7_top1_lost_inflow,0.0623,0.32,all four ACCEPTED; y8 leak screen single-e max 0.53
2026-09-19T00:17,R2,3,d2753bb5,ACDEFGH,Y3,lgbm,cv,auroc,0.710,1.00,beats c_n_days_with_tx; holdout 0.899 n_pos=14 LOW_POWER; Y6 missed_payroll PARK
2026-09-19T00:18,R1,3,6bfff878,ACDEFGH,Y2,lgbm,holdout,auroc,0.491,1.00,PARK y2 GBM; gain is size/activity; n_pos=23
2026-09-19T00:18,R3,3,b8b89dac,-,Y1-Y8,assemble,panel,n_y_cols,25,1.00,targets.parquet 22230x27; y_acceptance patched for Y7/Y8
2026-09-19T00:20,R3,3,22a1f47e,-,accepted_Ys,holdout_power,holdout,n_pos_max,23,1.00,ALL six binaries LOW_POWER on holdout; quote train CV only
2026-09-19T00:05,R1,2,d0748ae4,-,y1_net_h1,last_value,holdout,mase,0.407665,1.0000,series=net; mae=2.102e+06; scale=5.156e+06
2026-09-19T00:05,R1,2,d0748ae4,-,y1_net_h1,last_value,holdout,smape,1.2537,1.0000,series=net; mae=2.102e+06; scale=5.156e+06
2026-09-19T00:05,R1,2,d0748ae4,-,y1_net_h1,hist_mean,holdout,mase,0.34066,1.0000,series=net; mae=1.756e+06; scale=5.156e+06
2026-09-19T00:05,R1,2,d0748ae4,-,y1_net_h1,hist_mean,holdout,smape,1.33185,1.0000,series=net; mae=1.756e+06; scale=5.156e+06
2026-09-19T00:05,R1,2,d0748ae4,-,y1_net_h1,seasonal_naive_12,holdout,mase,0.0933835,0.2837,series=net; mae=4.815e+05; scale=5.156e+06
2026-09-19T00:05,R1,2,d0748ae4,-,y1_net_h1,seasonal_naive_12,holdout,smape,1.39068,0.2837,series=net; mae=4.815e+05; scale=5.156e+06
2026-09-19T00:05,R1,2,d0748ae4,-,y1_net_h3,last_value,holdout,mase,0.365336,1.0000,series=net; mae=1.884e+06; scale=5.156e+06
2026-09-19T00:05,R1,2,d0748ae4,-,y1_net_h3,last_value,holdout,smape,1.26476,1.0000,series=net; mae=1.884e+06; scale=5.156e+06
2026-09-19T00:05,R1,2,d0748ae4,-,y1_net_h3,hist_mean,holdout,mase,0.361437,1.0000,series=net; mae=1.864e+06; scale=5.156e+06
2026-09-19T00:05,R1,2,d0748ae4,-,y1_net_h3,hist_mean,holdout,smape,1.36154,1.0000,series=net; mae=1.864e+06; scale=5.156e+06
2026-09-19T00:05,R1,2,d0748ae4,-,y1_net_h3,seasonal_naive_12,holdout,mase,0.0933835,0.3314,series=net; mae=4.815e+05; scale=5.156e+06
2026-09-19T00:05,R1,2,d0748ae4,-,y1_net_h3,seasonal_naive_12,holdout,smape,1.39068,0.3314,series=net; mae=4.815e+05; scale=5.156e+06
2026-09-19T00:05,R1,2,d0748ae4,-,y1_in_h1,last_value,holdout,mase,0.570272,1.0000,series=op_in; mae=3.657e+06; scale=6.413e+06
2026-09-19T00:05,R1,2,d0748ae4,-,y1_in_h1,last_value,holdout,smape,0.789608,1.0000,series=op_in; mae=3.657e+06; scale=6.413e+06
2026-09-19T00:05,R1,2,d0748ae4,-,y1_in_h1,hist_mean,holdout,mase,0.451601,1.0000,series=op_in; mae=2.896e+06; scale=6.413e+06
2026-09-19T00:05,R1,2,d0748ae4,-,y1_in_h1,hist_mean,holdout,smape,0.893393,1.0000,series=op_in; mae=2.896e+06; scale=6.413e+06
2026-09-19T00:05,R1,2,d0748ae4,-,y1_in_h1,seasonal_naive_12,holdout,mase,0.151003,0.2837,series=op_in; mae=9.684e+05; scale=6.413e+06
2026-09-19T00:05,R1,2,d0748ae4,-,y1_in_h1,seasonal_naive_12,holdout,smape,0.952675,0.2837,series=op_in; mae=9.684e+05; scale=6.413e+06
2026-09-19T00:05,R1,2,d0748ae4,-,y1_in_h3,last_value,holdout,mase,0.512145,1.0000,series=op_in; mae=3.285e+06; scale=6.413e+06
2026-09-19T00:05,R1,2,d0748ae4,-,y1_in_h3,last_value,holdout,smape,0.801476,1.0000,series=op_in; mae=3.285e+06; scale=6.413e+06
2026-09-19T00:05,R1,2,d0748ae4,-,y1_in_h3,hist_mean,holdout,mase,0.495775,1.0000,series=op_in; mae=3.18e+06; scale=6.413e+06
2026-09-19T00:05,R1,2,d0748ae4,-,y1_in_h3,hist_mean,holdout,smape,0.9209,1.0000,series=op_in; mae=3.18e+06; scale=6.413e+06
2026-09-19T00:05,R1,2,d0748ae4,-,y1_in_h3,seasonal_naive_12,holdout,mase,0.151003,0.3314,series=op_in; mae=9.684e+05; scale=6.413e+06
2026-09-19T00:05,R1,2,d0748ae4,-,y1_in_h3,seasonal_naive_12,holdout,smape,0.952675,0.3314,series=op_in; mae=9.684e+05; scale=6.413e+06
2026-09-19T00:05,R1,2,d0748ae4,-,y1_liq_h1,last_value,holdout,mase,1.7942,1.0000,series=liq; mae=1.252e+07; scale=6.98e+06
2026-09-19T00:05,R1,2,d0748ae4,-,y1_liq_h1,last_value,holdout,smape,0.48641,1.0000,series=liq; mae=1.252e+07; scale=6.98e+06
2026-09-19T00:05,R1,2,d0748ae4,-,y1_liq_h1,hist_mean,holdout,mase,2.09376,1.0000,series=liq; mae=1.461e+07; scale=6.98e+06
2026-09-19T00:05,R1,2,d0748ae4,-,y1_liq_h1,hist_mean,holdout,smape,0.616507,1.0000,series=liq; mae=1.461e+07; scale=6.98e+06
2026-09-19T00:05,R1,2,d0748ae4,-,y1_liq_h1,seasonal_naive_12,holdout,mase,0.0946568,0.2837,series=liq; mae=6.607e+05; scale=6.98e+06
2026-09-19T00:05,R1,2,d0748ae4,-,y1_liq_h1,seasonal_naive_12,holdout,smape,0.871115,0.2837,series=liq; mae=6.607e+05; scale=6.98e+06
2026-09-19T00:05,R1,2,d0748ae4,-,y1_liq_h3,last_value,holdout,mase,1.90064,1.0000,series=liq; mae=1.327e+07; scale=6.98e+06
2026-09-19T00:05,R1,2,d0748ae4,-,y1_liq_h3,last_value,holdout,smape,0.634232,1.0000,series=liq; mae=1.327e+07; scale=6.98e+06
2026-09-19T00:05,R1,2,d0748ae4,-,y1_liq_h3,hist_mean,holdout,mase,2.46714,1.0000,series=liq; mae=1.722e+07; scale=6.98e+06
2026-09-19T00:05,R1,2,d0748ae4,-,y1_liq_h3,hist_mean,holdout,smape,0.706218,1.0000,series=liq; mae=1.722e+07; scale=6.98e+06
2026-09-19T00:05,R1,2,d0748ae4,-,y1_liq_h3,seasonal_naive_12,holdout,mase,0.0946568,0.3314,series=liq; mae=6.607e+05; scale=6.98e+06
2026-09-19T00:05,R1,2,d0748ae4,-,y1_liq_h3,seasonal_naive_12,holdout,smape,0.871115,0.3314,series=liq; mae=6.607e+05; scale=6.98e+06
2026-09-19T00:05,R1,2,d0748ae4,H,y2_neg_2of3,single_h_n_siblings_active,holdout,auroc,0.855959,1.0000,sign=-; train_auc=0.5026; families=A+C+D+E+F+G+H
2026-09-19T00:05,R1,2,d0748ae4,F,y2_neg_2of3,single_f_fc_r,holdout,auroc,0.699991,0.8331,sign=+; train_auc=0.5210; families=A+C+D+E+F+G+H
2026-09-19T00:05,R1,2,d0748ae4,E,y2_neg_2of3,single_e_delay_coll,holdout,auroc,0.691619,0.3932,sign=-; train_auc=0.5649; families=A+C+D+E+F+G+H
2026-09-19T00:05,R1,2,d0748ae4,E,y2_neg_2of3,single_e_ar_overdue,holdout,auroc,0.690159,0.4294,sign=-; train_auc=0.5701; families=A+C+D+E+F+G+H
2026-09-19T00:05,R1,2,d0748ae4,H,y2_neg_2of3,single_h_share_group_in,holdout,auroc,0.674607,0.9778,sign=+; train_auc=0.5185; families=A+C+D+E+F+G+H
2026-09-19T00:05,R1,2,d0748ae4,javier14,y2_neg_2of3,javier_score,holdout,auroc_neg_score,0.775788,1.0000,fit_ref on train company-months only; AUROC of -score
2026-09-19T00:07,R3,3,6bfff878,A+C+D+E+F+G+H,y2_neg_2of3,lightgbm_panel,cv5_group,auroc,0.540085,0.7807,"trees=50; n_x=282; lags=1,3; meta=group_size,n_banking; no_monotone; skipped=-; vs_dummy=0.541/0.500; vs_single=a_n_tx 0.41536336148472525"
2026-09-19T00:07,R3,3,6bfff878,A+C+D+E+F+G+H,y2_neg_2of3,lightgbm_panel,cv5_group,pr_auc,0.0776649,0.7807,"trees=50; n_x=282; lags=1,3; meta=group_size,n_banking; no_monotone; skipped=-; vs_dummy=0.541/0.500; vs_single=a_n_tx 0.41536336148472525"
2026-09-19T00:07,R3,3,6bfff878,A+C+D+E+F+G+H,y2_neg_2of3,lightgbm_panel,holdout,auroc,0.540507,1.0000,"trees=50; n_x=282; lags=1,3; meta=group_size,n_banking; no_monotone; skipped=-; vs_dummy=0.541/0.500; vs_single=a_n_tx 0.41536336148472525"
2026-09-19T00:07,R3,3,6bfff878,A+C+D+E+F+G+H,y2_neg_2of3,lightgbm_panel,holdout,pr_auc,0.0801248,1.0000,"trees=50; n_x=282; lags=1,3; meta=group_size,n_banking; no_monotone; skipped=-; vs_dummy=0.541/0.500; vs_single=a_n_tx 0.41536336148472525"
2026-09-19T00:07,R3,3,6bfff878,-,y2_neg_2of3,dummy_prior,holdout,auroc,0.5,1.0000,constant train prevalence 0.0732
2026-09-19T00:07,R3,3,6bfff878,A,y2_neg_2of3,single_a_n_tx,holdout,auroc,0.415363,1.0000,sign=1; train_auc=0.6007; src=baselines.single_feature_auroc
2026-09-19T00:07,R4,3,2b391abc,-,y1_weekly_net_h4,last_value,train_sample40,median_norm_mae,1.32719,1.0000,n_eligible=750; n_used=40; inv_due_cos=25; origin=2026-06-29; test=2026-07-06..2026-08-24; drop_stub_2026-08-31; debt_schedule=skipped; prophet=skip; beats_mean_median=0; n_fail=0
2026-09-19T00:07,R4,3,2b391abc,-,y1_weekly_net_h4,last_value,train_sample40,winrate_vs_mean,0.375,1.0000,n_eligible=750; n_used=40; inv_due_cos=25; origin=2026-06-29; test=2026-07-06..2026-08-24; drop_stub_2026-08-31; debt_schedule=skipped; prophet=skip; beats_mean_median=0; n_fail=0
2026-09-19T00:07,R4,3,2b391abc,-,y1_weekly_net_h4,hist_mean,train_sample40,median_norm_mae,1.07455,1.0000,n_eligible=750; n_used=40; inv_due_cos=25; origin=2026-06-29; test=2026-07-06..2026-08-24; drop_stub_2026-08-31; debt_schedule=skipped; prophet=skip; beats_mean_median=0; n_fail=0
2026-09-19T00:07,R4,3,2b391abc,-,y1_weekly_net_h4,hist_mean,train_sample40,winrate_vs_mean,0,1.0000,n_eligible=750; n_used=40; inv_due_cos=25; origin=2026-06-29; test=2026-07-06..2026-08-24; drop_stub_2026-08-31; debt_schedule=skipped; prophet=skip; beats_mean_median=0; n_fail=0
2026-09-19T00:07,R4,3,2b391abc,-,y1_weekly_net_h4,seas_naive,train_sample40,median_norm_mae,1.40878,1.0000,n_eligible=750; n_used=40; inv_due_cos=25; origin=2026-06-29; test=2026-07-06..2026-08-24; drop_stub_2026-08-31; debt_schedule=skipped; prophet=skip; beats_mean_median=0; n_fail=0
2026-09-19T00:07,R4,3,2b391abc,-,y1_weekly_net_h4,seas_naive,train_sample40,winrate_vs_mean,0.325,1.0000,n_eligible=750; n_used=40; inv_due_cos=25; origin=2026-06-29; test=2026-07-06..2026-08-24; drop_stub_2026-08-31; debt_schedule=skipped; prophet=skip; beats_mean_median=0; n_fail=0
2026-09-19T00:07,R4,3,2b391abc,-,y1_weekly_net_h4,ets,train_sample40,median_norm_mae,1.06007,1.0000,n_eligible=750; n_used=40; inv_due_cos=25; origin=2026-06-29; test=2026-07-06..2026-08-24; drop_stub_2026-08-31; debt_schedule=skipped; prophet=skip; beats_mean_median=1; n_fail=0
2026-09-19T00:07,R4,3,2b391abc,-,y1_weekly_net_h4,ets,train_sample40,winrate_vs_mean,0.65,1.0000,n_eligible=750; n_used=40; inv_due_cos=25; origin=2026-06-29; test=2026-07-06..2026-08-24; drop_stub_2026-08-31; debt_schedule=skipped; prophet=skip; beats_mean_median=1; n_fail=0
2026-09-19T00:07,R4,3,2b391abc,-,y1_weekly_net_h4,sarimax100,train_sample40,median_norm_mae,0.999918,1.0000,n_eligible=750; n_used=40; inv_due_cos=25; origin=2026-06-29; test=2026-07-06..2026-08-24; drop_stub_2026-08-31; debt_schedule=skipped; prophet=skip; beats_mean_median=1; n_fail=0
2026-09-19T00:07,R4,3,2b391abc,-,y1_weekly_net_h4,sarimax100,train_sample40,winrate_vs_mean,0.4,1.0000,n_eligible=750; n_used=40; inv_due_cos=25; origin=2026-06-29; test=2026-07-06..2026-08-24; drop_stub_2026-08-31; debt_schedule=skipped; prophet=skip; beats_mean_median=1; n_fail=0
2026-09-19T00:07,R4,3,2b391abc,calendar+inv_due,y1_weekly_net_h4,sarimax100_exog,train_sample40,median_norm_mae,1.0722,1.0000,n_eligible=750; n_used=40; inv_due_cos=25; origin=2026-06-29; test=2026-07-06..2026-08-24; drop_stub_2026-08-31; debt_schedule=skipped; prophet=skip; beats_mean_median=1; n_fail=0
2026-09-19T00:07,R4,3,2b391abc,calendar+inv_due,y1_weekly_net_h4,sarimax100_exog,train_sample40,winrate_vs_mean,0.35,1.0000,n_eligible=750; n_used=40; inv_due_cos=25; origin=2026-06-29; test=2026-07-06..2026-08-24; drop_stub_2026-08-31; debt_schedule=skipped; prophet=skip; beats_mean_median=1; n_fail=0
2026-09-19T00:07,R4,3,2b391abc,-,y1_weekly_net_h8,last_value,train_sample40,median_norm_mae,1.34443,1.0000,n_eligible=750; n_used=40; inv_due_cos=25; origin=2026-06-29; test=2026-07-06..2026-08-24; drop_stub_2026-08-31; debt_schedule=skipped; prophet=skip; beats_mean_median=0; n_fail=0
2026-09-19T00:07,R4,3,2b391abc,-,y1_weekly_net_h8,last_value,train_sample40,winrate_vs_mean,0.325,1.0000,n_eligible=750; n_used=40; inv_due_cos=25; origin=2026-06-29; test=2026-07-06..2026-08-24; drop_stub_2026-08-31; debt_schedule=skipped; prophet=skip; beats_mean_median=0; n_fail=0
2026-09-19T00:07,R4,3,2b391abc,-,y1_weekly_net_h8,hist_mean,train_sample40,median_norm_mae,0.857057,1.0000,n_eligible=750; n_used=40; inv_due_cos=25; origin=2026-06-29; test=2026-07-06..2026-08-24; drop_stub_2026-08-31; debt_schedule=skipped; prophet=skip; beats_mean_median=0; n_fail=0
2026-09-19T00:07,R4,3,2b391abc,-,y1_weekly_net_h8,hist_mean,train_sample40,winrate_vs_mean,0,1.0000,n_eligible=750; n_used=40; inv_due_cos=25; origin=2026-06-29; test=2026-07-06..2026-08-24; drop_stub_2026-08-31; debt_schedule=skipped; prophet=skip; beats_mean_median=0; n_fail=0
2026-09-19T00:07,R4,3,2b391abc,-,y1_weekly_net_h8,seas_naive,train_sample40,median_norm_mae,1.10268,1.0000,n_eligible=750; n_used=40; inv_due_cos=25; origin=2026-06-29; test=2026-07-06..2026-08-24; drop_stub_2026-08-31; debt_schedule=skipped; prophet=skip; beats_mean_median=0; n_fail=0
2026-09-19T00:07,R4,3,2b391abc,-,y1_weekly_net_h8,seas_naive,train_sample40,winrate_vs_mean,0.2,1.0000,n_eligible=750; n_used=40; inv_due_cos=25; origin=2026-06-29; test=2026-07-06..2026-08-24; drop_stub_2026-08-31; debt_schedule=skipped; prophet=skip; beats_mean_median=0; n_fail=0
2026-09-19T00:07,R4,3,2b391abc,-,y1_weekly_net_h8,ets,train_sample40,median_norm_mae,0.857057,1.0000,n_eligible=750; n_used=40; inv_due_cos=25; origin=2026-06-29; test=2026-07-06..2026-08-24; drop_stub_2026-08-31; debt_schedule=skipped; prophet=skip; beats_mean_median=1; n_fail=0
2026-09-19T00:07,R4,3,2b391abc,-,y1_weekly_net_h8,ets,train_sample40,winrate_vs_mean,0.55,1.0000,n_eligible=750; n_used=40; inv_due_cos=25; origin=2026-06-29; test=2026-07-06..2026-08-24; drop_stub_2026-08-31; debt_schedule=skipped; prophet=skip; beats_mean_median=1; n_fail=0
2026-09-19T00:07,R4,3,2b391abc,-,y1_weekly_net_h8,sarimax100,train_sample40,median_norm_mae,0.868261,1.0000,n_eligible=750; n_used=40; inv_due_cos=25; origin=2026-06-29; test=2026-07-06..2026-08-24; drop_stub_2026-08-31; debt_schedule=skipped; prophet=skip; beats_mean_median=0; n_fail=0
2026-09-19T00:07,R4,3,2b391abc,-,y1_weekly_net_h8,sarimax100,train_sample40,winrate_vs_mean,0.35,1.0000,n_eligible=750; n_used=40; inv_due_cos=25; origin=2026-06-29; test=2026-07-06..2026-08-24; drop_stub_2026-08-31; debt_schedule=skipped; prophet=skip; beats_mean_median=0; n_fail=0
2026-09-19T00:07,R4,3,2b391abc,calendar+inv_due,y1_weekly_net_h8,sarimax100_exog,train_sample40,median_norm_mae,0.920403,1.0000,n_eligible=750; n_used=40; inv_due_cos=25; origin=2026-06-29; test=2026-07-06..2026-08-24; drop_stub_2026-08-31; debt_schedule=skipped; prophet=skip; beats_mean_median=0; n_fail=0
2026-09-19T00:07,R4,3,2b391abc,calendar+inv_due,y1_weekly_net_h8,sarimax100_exog,train_sample40,winrate_vs_mean,0.35,1.0000,n_eligible=750; n_used=40; inv_due_cos=25; origin=2026-06-29; test=2026-07-06..2026-08-24; drop_stub_2026-08-31; debt_schedule=skipped; prophet=skip; beats_mean_median=0; n_fail=0
2026-09-19T00:08,R1,2,d0748ae4,-,y1_net_h1,last_value_seas_ok,holdout,mase,0.0769628,0.2837,series=net; mae=3.968e+05; scale=5.156e+06; support=seasonal_ok
2026-09-19T00:08,R1,2,d0748ae4,-,y1_net_h1,last_value_seas_ok,holdout,smape,1.2116,0.2837,series=net; mae=3.968e+05; scale=5.156e+06; support=seasonal_ok
2026-09-19T00:08,R1,2,d0748ae4,-,y1_net_h1,hist_mean_seas_ok,holdout,mase,0.0641027,0.2837,series=net; mae=3.305e+05; scale=5.156e+06; support=seasonal_ok
2026-09-19T00:08,R1,2,d0748ae4,-,y1_net_h1,hist_mean_seas_ok,holdout,smape,1.33694,0.2837,series=net; mae=3.305e+05; scale=5.156e+06; support=seasonal_ok
2026-09-19T00:08,R1,2,d0748ae4,-,y1_net_h1,seasonal_naive_12_seas_ok,holdout,mase,0.0933835,0.2837,series=net; mae=4.815e+05; scale=5.156e+06; support=seasonal_ok
2026-09-19T00:08,R1,2,d0748ae4,-,y1_net_h1,seasonal_naive_12_seas_ok,holdout,smape,1.39068,0.2837,series=net; mae=4.815e+05; scale=5.156e+06; support=seasonal_ok
2026-09-19T00:08,R1,2,d0748ae4,-,y1_net_h3,last_value_seas_ok,holdout,mase,0.0751909,0.3314,series=net; mae=3.877e+05; scale=5.156e+06; support=seasonal_ok
2026-09-19T00:08,R1,2,d0748ae4,-,y1_net_h3,last_value_seas_ok,holdout,smape,1.22088,0.3314,series=net; mae=3.877e+05; scale=5.156e+06; support=seasonal_ok
2026-09-19T00:08,R1,2,d0748ae4,-,y1_net_h3,hist_mean_seas_ok,holdout,mase,0.0662234,0.3314,series=net; mae=3.415e+05; scale=5.156e+06; support=seasonal_ok
2026-09-19T00:08,R1,2,d0748ae4,-,y1_net_h3,hist_mean_seas_ok,holdout,smape,1.35278,0.3314,series=net; mae=3.415e+05; scale=5.156e+06; support=seasonal_ok
2026-09-19T00:08,R1,2,d0748ae4,-,y1_net_h3,seasonal_naive_12_seas_ok,holdout,mase,0.0933835,0.3314,series=net; mae=4.815e+05; scale=5.156e+06; support=seasonal_ok
2026-09-19T00:08,R1,2,d0748ae4,-,y1_net_h3,seasonal_naive_12_seas_ok,holdout,smape,1.39068,0.3314,series=net; mae=4.815e+05; scale=5.156e+06; support=seasonal_ok
2026-09-19T00:08,R1,2,d0748ae4,-,y1_in_h1,last_value_seas_ok,holdout,mase,0.206027,0.2837,series=op_in; mae=1.321e+06; scale=6.413e+06; support=seasonal_ok
2026-09-19T00:08,R1,2,d0748ae4,-,y1_in_h1,last_value_seas_ok,holdout,smape,0.683427,0.2837,series=op_in; mae=1.321e+06; scale=6.413e+06; support=seasonal_ok
2026-09-19T00:08,R1,2,d0748ae4,-,y1_in_h1,hist_mean_seas_ok,holdout,mase,0.133043,0.2837,series=op_in; mae=8.532e+05; scale=6.413e+06; support=seasonal_ok
2026-09-19T00:08,R1,2,d0748ae4,-,y1_in_h1,hist_mean_seas_ok,holdout,smape,0.874079,0.2837,series=op_in; mae=8.532e+05; scale=6.413e+06; support=seasonal_ok
2026-09-19T00:08,R1,2,d0748ae4,-,y1_in_h1,seasonal_naive_12_seas_ok,holdout,mase,0.151003,0.2837,series=op_in; mae=9.684e+05; scale=6.413e+06; support=seasonal_ok
2026-09-19T00:08,R1,2,d0748ae4,-,y1_in_h1,seasonal_naive_12_seas_ok,holdout,smape,0.952675,0.2837,series=op_in; mae=9.684e+05; scale=6.413e+06; support=seasonal_ok
2026-09-19T00:08,R1,2,d0748ae4,-,y1_in_h3,last_value_seas_ok,holdout,mase,0.129378,0.3314,series=op_in; mae=8.297e+05; scale=6.413e+06; support=seasonal_ok
2026-09-19T00:08,R1,2,d0748ae4,-,y1_in_h3,last_value_seas_ok,holdout,smape,0.660017,0.3314,series=op_in; mae=8.297e+05; scale=6.413e+06; support=seasonal_ok
2026-09-19T00:08,R1,2,d0748ae4,-,y1_in_h3,hist_mean_seas_ok,holdout,mase,0.126911,0.3314,series=op_in; mae=8.139e+05; scale=6.413e+06; support=seasonal_ok
2026-09-19T00:08,R1,2,d0748ae4,-,y1_in_h3,hist_mean_seas_ok,holdout,smape,0.888801,0.3314,series=op_in; mae=8.139e+05; scale=6.413e+06; support=seasonal_ok
2026-09-19T00:08,R1,2,d0748ae4,-,y1_in_h3,seasonal_naive_12_seas_ok,holdout,mase,0.151003,0.3314,series=op_in; mae=9.684e+05; scale=6.413e+06; support=seasonal_ok
2026-09-19T00:08,R1,2,d0748ae4,-,y1_in_h3,seasonal_naive_12_seas_ok,holdout,smape,0.952675,0.3314,series=op_in; mae=9.684e+05; scale=6.413e+06; support=seasonal_ok
2026-09-19T00:08,R1,2,d0748ae4,-,y1_liq_h1,last_value_seas_ok,holdout,mase,0.0293974,0.2837,series=liq; mae=2.052e+05; scale=6.98e+06; support=seasonal_ok
2026-09-19T00:08,R1,2,d0748ae4,-,y1_liq_h1,last_value_seas_ok,holdout,smape,0.493061,0.2837,series=liq; mae=2.052e+05; scale=6.98e+06; support=seasonal_ok
2026-09-19T00:08,R1,2,d0748ae4,-,y1_liq_h1,hist_mean_seas_ok,holdout,mase,0.0644211,0.2837,series=liq; mae=4.496e+05; scale=6.98e+06; support=seasonal_ok
2026-09-19T00:08,R1,2,d0748ae4,-,y1_liq_h1,hist_mean_seas_ok,holdout,smape,0.760405,0.2837,series=liq; mae=4.496e+05; scale=6.98e+06; support=seasonal_ok
2026-09-19T00:08,R1,2,d0748ae4,-,y1_liq_h1,seasonal_naive_12_seas_ok,holdout,mase,0.0946568,0.2837,series=liq; mae=6.607e+05; scale=6.98e+06; support=seasonal_ok
2026-09-19T00:08,R1,2,d0748ae4,-,y1_liq_h1,seasonal_naive_12_seas_ok,holdout,smape,0.871115,0.2837,series=liq; mae=6.607e+05; scale=6.98e+06; support=seasonal_ok
2026-09-19T00:08,R1,2,d0748ae4,-,y1_liq_h3,last_value_seas_ok,holdout,mase,0.0432135,0.3314,series=liq; mae=3.016e+05; scale=6.98e+06; support=seasonal_ok
2026-09-19T00:08,R1,2,d0748ae4,-,y1_liq_h3,last_value_seas_ok,holdout,smape,0.635327,0.3314,series=liq; mae=3.016e+05; scale=6.98e+06; support=seasonal_ok
2026-09-19T00:08,R1,2,d0748ae4,-,y1_liq_h3,hist_mean_seas_ok,holdout,mase,0.0710364,0.3314,series=liq; mae=4.958e+05; scale=6.98e+06; support=seasonal_ok
2026-09-19T00:08,R1,2,d0748ae4,-,y1_liq_h3,hist_mean_seas_ok,holdout,smape,0.792592,0.3314,series=liq; mae=4.958e+05; scale=6.98e+06; support=seasonal_ok
2026-09-19T00:08,R1,2,d0748ae4,-,y1_liq_h3,seasonal_naive_12_seas_ok,holdout,mase,0.0946568,0.3314,series=liq; mae=6.607e+05; scale=6.98e+06; support=seasonal_ok
2026-09-19T00:08,R1,2,d0748ae4,-,y1_liq_h3,seasonal_naive_12_seas_ok,holdout,smape,0.871115,0.3314,series=liq; mae=6.607e+05; scale=6.98e+06; support=seasonal_ok
2026-09-19T00:08,R1,2,d0748ae4,C,y2_neg_2of3,single_c_n_tx_trainpick,holdout,auroc,0.415363,1.0000,selected on train; sign=+; train_auc=0.6007
2026-09-19T00:08,R1,2,d0748ae4,A,y2_neg_2of3,single_a_n_tx_trainpick,holdout,auroc,0.415363,1.0000,selected on train; sign=+; train_auc=0.6007
2026-09-19T00:08,R1,2,d0748ae4,C,y2_neg_2of3,single_c_gap_sd_trainpick,holdout,auroc,0.344854,0.9650,selected on train; sign=-; train_auc=0.5848
2026-09-19T00:08,R1,2,d0748ae4,A,y2_neg_2of3,single_a_in12_trainpick,holdout,auroc,0.214689,0.2124,selected on train; sign=+; train_auc=0.5793
2026-09-19T00:08,R1,2,d0748ae4,C,y2_neg_2of3,single_c_n_days_with_tx_trainpick,holdout,auroc,0.382416,1.0000,selected on train; sign=+; train_auc=0.5770
2026-09-19T00:08,R1,2,d0748ae4,-,y2_neg_2of3,holdout_base,holdout,n_pos,23,0.8331,holdout labels n=857; base rate noisy for AUROC
2026-09-19T00:09,R1,2,d0748ae4,javier14,y2_neg_2of3,javier_score,holdout,coverage_vs_all_y,0.833139,0.8331,n_pred=714 of n_y=857; cov_w>=0.5; first auroc_neg_score coverage was among scored only
2026-09-19T00:09,R3,3,d2753bb5,A+C+D+E+F+G+H,y3_recover_cash_6m,lightgbm_y3y6,cv5_group,auroc,0.70959,0.2541,"train on stressed (labeled) rows only; X may use E; never B; trees=50; n_x=278; lags=1,3; meta=group_size,n_banking; vs_dummy=0.899/0.500; vs_single=f_sched_vs_obs nan; beats_single=False"
2026-09-19T00:09,R3,3,d2753bb5,A+C+D+E+F+G+H,y3_recover_cash_6m,lightgbm_y3y6,holdout,auroc,0.899483,1.0000,"train on stressed (labeled) rows only; X may use E; never B; trees=50; n_x=278; lags=1,3; meta=group_size,n_banking; vs_dummy=0.899/0.500; vs_single=f_sched_vs_obs nan; beats_single=False"
2026-09-19T00:09,R3,3,d2753bb5,-,y3_recover_cash_6m,dummy_prior,holdout,auroc,0.5,1.0000,constant train prevalence 0.0712
2026-09-19T00:09,R3,3,d2753bb5,F,y3_recover_cash_6m,single_f_sched_vs_obs,holdout,auroc,,0.0000,sign=1; train_auc=0.8711; pick=train_best_allowed
2026-09-19T00:09,R3,3,d2753bb5,B+D+E+F+G+H,y6_missed_payroll,lightgbm_y3y6,cv5_group,auroc,0.577388,0.2701,"usual-payroll rows; never A or C; trees=50; n_x=212; lags=1,3; meta=group_size,n_banking; vs_dummy=0.483/0.500; vs_single=f_w_rate nan; beats_single=False"
2026-09-19T00:09,R3,3,d2753bb5,B+D+E+F+G+H,y6_missed_payroll,lightgbm_y3y6,holdout,auroc,0.483225,1.0000,"usual-payroll rows; never A or C; trees=50; n_x=212; lags=1,3; meta=group_size,n_banking; vs_dummy=0.483/0.500; vs_single=f_w_rate nan; beats_single=False"
2026-09-19T00:09,R3,3,d2753bb5,-,y6_missed_payroll,dummy_prior,holdout,auroc,0.5,1.0000,constant train prevalence 0.0611
2026-09-19T00:09,R3,3,d2753bb5,F,y6_missed_payroll,single_f_w_rate,holdout,auroc,,0.0000,sign=-1; train_auc=0.6972; pick=train_best_allowed
2026-09-19T00:09,R3,3,d2753bb5,B+D+E+F+G+H,y6_zero_in_3,lightgbm_y3y6_diag,cv5_group,auroc,0.924323,0.7685,"CAUTION inverse-size diagnostic; CAUTION diagnostic only: one-sided size AUROC 0.12 is a strong inverse size proxy (two-sided 0.88); not a clean win; trees=50; n_x=212; lags=1,3; meta=group_size,n_banking; vs_dummy=0.947/0.500; vs_single=h_share_group_in 0.9043434172722663; beats_single=True"
2026-09-19T00:09,R3,3,d2753bb5,B+D+E+F+G+H,y6_zero_in_3,lightgbm_y3y6_diag,holdout,auroc,0.946625,1.0000,"CAUTION inverse-size diagnostic; CAUTION diagnostic only: one-sided size AUROC 0.12 is a strong inverse size proxy (two-sided 0.88); not a clean win; trees=50; n_x=212; lags=1,3; meta=group_size,n_banking; vs_dummy=0.947/0.500; vs_single=h_share_group_in 0.9043434172722663; beats_single=True"
2026-09-19T00:09,R3,3,d2753bb5,-,y6_zero_in_3,dummy_prior,holdout,auroc,0.5,1.0000,CAUTION inverse-size diagnostic; constant train prevalence 0.0872
2026-09-19T00:09,R3,3,d2753bb5,H,y6_zero_in_3,single_h_share_group_in,holdout,auroc,0.904343,0.9870,CAUTION inverse-size diagnostic; sign=-1; train_auc=0.8592; pick=train_best_allowed
2026-09-19T00:09,R3,3,0c6820b4,A+B+C+F+G+H+D,y5_ap_od30_ownp80,xgb_panel,cv5_group,auroc,0.614352,0.2318,"trees=60; cv_std=0.0564; beats_single_hold=False; top=h_n_siblings_active_lag3:0.023,h_group_size_lag1:0.017,c_salary_month_lag3:0.014,h_group_size:0.013,f_fc_r_lag1:0.011,g_custom_share:0.011"
2026-09-19T00:09,R3,3,0c6820b4,A+B+C+F+G+H+D,y5_ap_od30_ownp80,xgb_panel,holdout,auroc,0.187451,1.0000,"trees=60; cv_std=0.0564; beats_single_hold=False; top=h_n_siblings_active_lag3:0.023,h_group_size_lag1:0.017,c_salary_month_lag3:0.014,h_group_size:0.013,f_fc_r_lag1:0.011,g_custom_share:0.011"
2026-09-19T00:09,R3,3,0c6820b4,A+B+C+F+G+H+D,y5_ap_od30_ownp80,dummy_prior,holdout,auroc,0.5,1.0000,sklearn DummyClassifier strategy=prior
2026-09-19T00:09,R3,3,0c6820b4,A+B+C+F+G+H+D,y5_ap_od30_ownp80,single_f_w_rate_lag1,holdout,auroc,,1.0000,sign=-; train_auc=0.6675; feat=f_w_rate_lag1
2026-09-19T00:09,R3,3,0c6820b4,A+B+C+F+G+H+D,y5_ap_od30_ownp80,xgb_panel,holdout,pr_auc,0.045834,1.0000,"trees=60; cv_std=0.0564; beats_single_hold=False; top=h_n_siblings_active_lag3:0.023,h_group_size_lag1:0.017,c_salary_month_lag3:0.014,h_group_size:0.013,f_fc_r_lag1:0.011,g_custom_share:0.011"
2026-09-19T00:09,R3,3,0c6820b4,A+B+C+F+G+H+D,y5_ar_od30_sust,xgb_panel,cv5_group,auroc,0.4918,0.1567,"trees=60; cv_std=0.0339; beats_single_hold=False; top=g_n_types:0.014,d_tx_cp_share:0.013,a_growth_12_lag3:0.013,c_zero_in_share_6_lag1:0.013,a_net_margin:0.013,g_n_accounts:0.012"
2026-09-19T00:09,R3,3,0c6820b4,A+B+C+F+G+H+D,y5_ar_od30_sust,xgb_panel,holdout,auroc,0.45621,1.0000,"trees=60; cv_std=0.0339; beats_single_hold=False; top=g_n_types:0.014,d_tx_cp_share:0.013,a_growth_12_lag3:0.013,c_zero_in_share_6_lag1:0.013,a_net_margin:0.013,g_n_accounts:0.012"
2026-09-19T00:09,R3,3,0c6820b4,A+B+C+F+G+H+D,y5_ar_od30_sust,dummy_prior,holdout,auroc,0.5,1.0000,sklearn DummyClassifier strategy=prior
2026-09-19T00:09,R3,3,0c6820b4,A+B+C+F+G+H+D,y5_ar_od30_sust,single_f_months_to_next_pay_lag3,holdout,auroc,,1.0000,sign=+; train_auc=0.6766; feat=f_months_to_next_pay_lag3
2026-09-19T00:09,R3,3,0c6820b4,A+B+C+F+G+H+D,y5_ar_od30_sust,xgb_panel,holdout,pr_auc,0.0497431,1.0000,"trees=60; cv_std=0.0339; beats_single_hold=False; top=g_n_types:0.014,d_tx_cp_share:0.013,a_growth_12_lag3:0.013,c_zero_in_share_6_lag1:0.013,a_net_margin:0.013,g_n_accounts:0.012"
2026-09-19T00:10,R3,3,6bfff878,A+C+D+E+F+G+H,y2_neg_2of3,lightgbm_panel,cv5_group,auroc,0.537765,0.7807,"trees=200; n_x=276; lags=1,3; meta=group_size,n_banking; no_monotone; skipped=-; vs_dummy=0.491/0.500; vs_single_train=a_n_tx 0.41536336148472525; vs_single_pub=None nan"
2026-09-19T00:10,R3,3,6bfff878,A+C+D+E+F+G+H,y2_neg_2of3,lightgbm_panel,cv5_group,pr_auc,0.0827385,0.7807,"trees=200; n_x=276; lags=1,3; meta=group_size,n_banking; no_monotone; skipped=-; vs_dummy=0.491/0.500; vs_single_train=a_n_tx 0.41536336148472525; vs_single_pub=None nan"
2026-09-19T00:10,R3,3,6bfff878,A+C+D+E+F+G+H,y2_neg_2of3,lightgbm_panel,holdout,auroc,0.491242,1.0000,"trees=200; n_x=276; lags=1,3; meta=group_size,n_banking; no_monotone; skipped=-; vs_dummy=0.491/0.500; vs_single_train=a_n_tx 0.41536336148472525; vs_single_pub=None nan"
2026-09-19T00:10,R3,3,6bfff878,A+C+D+E+F+G+H,y2_neg_2of3,lightgbm_panel,holdout,pr_auc,0.0312418,1.0000,"trees=200; n_x=276; lags=1,3; meta=group_size,n_banking; no_monotone; skipped=-; vs_dummy=0.491/0.500; vs_single_train=a_n_tx 0.41536336148472525; vs_single_pub=None nan"
2026-09-19T00:10,R3,3,6bfff878,-,y2_neg_2of3,dummy_prior,holdout,auroc,0.5,1.0000,constant train prevalence 0.0732
2026-09-19T00:10,R3,3,6bfff878,A,y2_neg_2of3,single_a_n_tx,holdout,auroc,0.415363,1.0000,sign=1; train_auc=0.6007; src=baselines.single_feature_auroc
2026-09-19T00:10,R3,3,d2753bb5,A+C+D+E+F+G+H,y3_recover_cash_6m,lightgbm_y3y6,cv5_group,auroc,0.70959,0.2541,"train on stressed (labeled) rows only; X may use E; never B; trees=50; n_x=278; lags=1,3; meta=group_size,n_banking; vs_dummy=0.899/0.500; vs_single=c_n_days_with_tx 0.7967032967032966; beats_single=True"
2026-09-19T00:10,R3,3,d2753bb5,A+C+D+E+F+G+H,y3_recover_cash_6m,lightgbm_y3y6,holdout,auroc,0.899483,1.0000,"train on stressed (labeled) rows only; X may use E; never B; trees=50; n_x=278; lags=1,3; meta=group_size,n_banking; vs_dummy=0.899/0.500; vs_single=c_n_days_with_tx 0.7967032967032966; beats_single=True"
2026-09-19T00:10,R3,3,d2753bb5,-,y3_recover_cash_6m,dummy_prior,holdout,auroc,0.5,1.0000,constant train prevalence 0.0712
2026-09-19T00:10,R3,3,d2753bb5,C,y3_recover_cash_6m,single_c_n_days_with_tx,holdout,auroc,0.796703,1.0000,sign=-1; train_auc=0.7231; pick=train_best_allowed
2026-09-19T00:10,R3,3,d2753bb5,B+D+E+F+G+H,y6_missed_payroll,lightgbm_y3y6,cv5_group,auroc,0.577388,0.2701,"usual-payroll rows; never A or C; trees=50; n_x=212; lags=1,3; meta=group_size,n_banking; vs_dummy=0.483/0.500; vs_single=e_dpo_proxy 0.6846846846846847; beats_single=False"
2026-09-19T00:10,R3,3,d2753bb5,B+D+E+F+G+H,y6_missed_payroll,lightgbm_y3y6,holdout,auroc,0.483225,1.0000,"usual-payroll rows; never A or C; trees=50; n_x=212; lags=1,3; meta=group_size,n_banking; vs_dummy=0.483/0.500; vs_single=e_dpo_proxy 0.6846846846846847; beats_single=False"
2026-09-19T00:10,R3,3,d2753bb5,-,y6_missed_payroll,dummy_prior,holdout,auroc,0.5,1.0000,constant train prevalence 0.0611
2026-09-19T00:10,R3,3,d2753bb5,E,y6_missed_payroll,single_e_dpo_proxy,holdout,auroc,0.684685,0.4207,sign=1; train_auc=0.6127; pick=train_best_allowed
2026-09-19T00:10,R3,3,d2753bb5,B+D+E+F+G+H,y6_zero_in_3,lightgbm_y3y6_diag,cv5_group,auroc,0.924323,0.7685,"CAUTION inverse-size diagnostic; CAUTION diagnostic only: one-sided size AUROC 0.12 is a strong inverse size proxy (two-sided 0.88); not a clean win; trees=50; n_x=212; lags=1,3; meta=group_size,n_banking; vs_dummy=0.947/0.500; vs_single=h_share_group_in 0.9043434172722663; beats_single=True"
2026-09-19T00:10,R3,3,d2753bb5,B+D+E+F+G+H,y6_zero_in_3,lightgbm_y3y6_diag,holdout,auroc,0.946625,1.0000,"CAUTION inverse-size diagnostic; CAUTION diagnostic only: one-sided size AUROC 0.12 is a strong inverse size proxy (two-sided 0.88); not a clean win; trees=50; n_x=212; lags=1,3; meta=group_size,n_banking; vs_dummy=0.947/0.500; vs_single=h_share_group_in 0.9043434172722663; beats_single=True"
2026-09-19T00:10,R3,3,d2753bb5,-,y6_zero_in_3,dummy_prior,holdout,auroc,0.5,1.0000,CAUTION inverse-size diagnostic; constant train prevalence 0.0872
2026-09-19T00:10,R3,3,d2753bb5,H,y6_zero_in_3,single_h_share_group_in,holdout,auroc,0.904343,0.9870,CAUTION inverse-size diagnostic; sign=-1; train_auc=0.8592; pick=train_best_allowed
2026-09-19T00:11,R3,3,0137801b,A+B+C+D+E+F+G+H,y1_net_h1,lightgbm_y1,cv5_group,mae,3.23802e+06,0.9426,"WIN vs hist_mean median_norm; trees=76; n_x=308; lags=1,3; meta=group_size,n_banking; gbm_mae=1.6957e+06; hist_mae=1.75649e+06; last_mae=2.10198e+06; gbm_medn=0.9810; hist_medn=1.0413; last_medn=1.3512; beats_last=True"
2026-09-19T00:11,R3,3,0137801b,A+B+C+D+E+F+G+H,y1_net_h1,lightgbm_y1,holdout,mae,1.6957e+06,1.0000,"WIN vs hist_mean median_norm; trees=76; n_x=308; lags=1,3; meta=group_size,n_banking; gbm_mae=1.6957e+06; hist_mae=1.75649e+06; last_mae=2.10198e+06; gbm_medn=0.9810; hist_medn=1.0413; last_medn=1.3512; beats_last=True"
2026-09-19T00:11,R3,3,0137801b,A+B+C+D+E+F+G+H,y1_net_h1,lightgbm_y1,holdout,mae_over_mean_abs,0.990242,1.0000,"WIN vs hist_mean median_norm; trees=76; n_x=308; lags=1,3; meta=group_size,n_banking; gbm_mae=1.6957e+06; hist_mae=1.75649e+06; last_mae=2.10198e+06; gbm_medn=0.9810; hist_medn=1.0413; last_medn=1.3512; beats_last=True"
2026-09-19T00:11,R3,3,0137801b,A+B+C+D+E+F+G+H,y1_net_h1,lightgbm_y1,holdout,median_norm_mae,0.981034,1.0000,"WIN vs hist_mean median_norm; trees=76; n_x=308; lags=1,3; meta=group_size,n_banking; gbm_mae=1.6957e+06; hist_mae=1.75649e+06; last_mae=2.10198e+06; gbm_medn=0.9810; hist_medn=1.0413; last_medn=1.3512; beats_last=True"
2026-09-19T00:11,R3,3,0137801b,-,y1_net_h1,hist_mean,holdout,mae,1.75649e+06,1.0000,same rows as lightgbm_y1; series=net
2026-09-19T00:11,R3,3,0137801b,-,y1_net_h1,hist_mean,holdout,mae_over_mean_abs,1.02574,1.0000,same rows as lightgbm_y1; series=net
2026-09-19T00:11,R3,3,0137801b,-,y1_net_h1,hist_mean,holdout,median_norm_mae,1.04127,1.0000,same rows as lightgbm_y1; series=net
2026-09-19T00:11,R3,3,0137801b,-,y1_net_h1,last_value,holdout,mae,2.10198e+06,1.0000,same rows as lightgbm_y1; series=net
2026-09-19T00:11,R3,3,0137801b,-,y1_net_h1,last_value,holdout,mae_over_mean_abs,1.2275,1.0000,same rows as lightgbm_y1; series=net
2026-09-19T00:11,R3,3,0137801b,-,y1_net_h1,last_value,holdout,median_norm_mae,1.35124,1.0000,same rows as lightgbm_y1; series=net
2026-09-19T00:11,R3,3,0137801b,A+B+C+D+E+F+G+H,y1_net_h3,lightgbm_y1,cv5_group,mae,3.44326e+06,0.8279,"WIN vs hist_mean median_norm; trees=111; n_x=308; lags=1,3; meta=group_size,n_banking; gbm_mae=1.47921e+06; hist_mae=1.86362e+06; last_mae=1.88373e+06; gbm_medn=1.0060; hist_medn=1.0881; last_medn=1.2352; beats_last=True"
2026-09-19T00:11,R3,3,0137801b,A+B+C+D+E+F+G+H,y1_net_h3,lightgbm_y1,holdout,mae,1.47921e+06,1.0000,"WIN vs hist_mean median_norm; trees=111; n_x=308; lags=1,3; meta=group_size,n_banking; gbm_mae=1.47921e+06; hist_mae=1.86362e+06; last_mae=1.88373e+06; gbm_medn=1.0060; hist_medn=1.0881; last_medn=1.2352; beats_last=True"
2026-09-19T00:11,R3,3,0137801b,A+B+C+D+E+F+G+H,y1_net_h3,lightgbm_y1,holdout,mae_over_mean_abs,0.951377,1.0000,"WIN vs hist_mean median_norm; trees=111; n_x=308; lags=1,3; meta=group_size,n_banking; gbm_mae=1.47921e+06; hist_mae=1.86362e+06; last_mae=1.88373e+06; gbm_medn=1.0060; hist_medn=1.0881; last_medn=1.2352; beats_last=True"
2026-09-19T00:11,R3,3,0137801b,A+B+C+D+E+F+G+H,y1_net_h3,lightgbm_y1,holdout,median_norm_mae,1.00599,1.0000,"WIN vs hist_mean median_norm; trees=111; n_x=308; lags=1,3; meta=group_size,n_banking; gbm_mae=1.47921e+06; hist_mae=1.86362e+06; last_mae=1.88373e+06; gbm_medn=1.0060; hist_medn=1.0881; last_medn=1.2352; beats_last=True"
2026-09-19T00:11,R3,3,0137801b,-,y1_net_h3,hist_mean,holdout,mae,1.86362e+06,1.0000,same rows as lightgbm_y1; series=net
2026-09-19T00:11,R3,3,0137801b,-,y1_net_h3,hist_mean,holdout,mae_over_mean_abs,1.19862,1.0000,same rows as lightgbm_y1; series=net
2026-09-19T00:11,R3,3,0137801b,-,y1_net_h3,hist_mean,holdout,median_norm_mae,1.0881,1.0000,same rows as lightgbm_y1; series=net
2026-09-19T00:11,R3,3,0137801b,-,y1_net_h3,last_value,holdout,mae,1.88373e+06,1.0000,same rows as lightgbm_y1; series=net
2026-09-19T00:11,R3,3,0137801b,-,y1_net_h3,last_value,holdout,mae_over_mean_abs,1.21155,1.0000,same rows as lightgbm_y1; series=net
2026-09-19T00:11,R3,3,0137801b,-,y1_net_h3,last_value,holdout,median_norm_mae,1.23517,1.0000,same rows as lightgbm_y1; series=net
2026-09-19T00:12,R3,3,0c6820b4,A+B+C+F+G+H+D,y5_ap_od30_ownp80,xgb_panel,cv5_group,auroc,0.61702,0.2318,"trees=60; cv_std=0.0584; beats_single_hold=False; top=h_n_siblings_active_lag3:0.029,h_group_size_lag1:0.022,a_out12:0.020,c_n_tx_lag1:0.016,c_salary_month_lag3:0.012,h_group_size:0.012"
2026-09-19T00:12,R3,3,0c6820b4,A+B+C+F+G+H+D,y5_ap_od30_ownp80,xgb_panel,holdout,auroc,0.222968,1.0000,"trees=60; cv_std=0.0584; beats_single_hold=False; top=h_n_siblings_active_lag3:0.029,h_group_size_lag1:0.022,a_out12:0.020,c_n_tx_lag1:0.016,c_salary_month_lag3:0.012,h_group_size:0.012"
2026-09-19T00:12,R3,3,0c6820b4,A+B+C+F+G+H+D,y5_ap_od30_ownp80,dummy_prior,holdout,auroc,0.5,1.0000,sklearn DummyClassifier strategy=prior
2026-09-19T00:12,R3,3,0c6820b4,A+B+C+F+G+H+D,y5_ap_od30_ownp80,single_h_group_size,holdout,auroc,0.460537,1.0000,sign=-; train_auc=0.5994; feat=h_group_size; min_cov=0.25
2026-09-19T00:12,R3,3,0c6820b4,A+B+C+F+G+H+D,y5_ap_od30_ownp80,xgb_panel,holdout,pr_auc,0.0466106,1.0000,"trees=60; cv_std=0.0584; beats_single_hold=False; top=h_n_siblings_active_lag3:0.029,h_group_size_lag1:0.022,a_out12:0.020,c_n_tx_lag1:0.016,c_salary_month_lag3:0.012,h_group_size:0.012"
2026-09-19T00:12,R3,3,0c6820b4,A+B+C+F+G+H+D,y5_ar_od30_sust,xgb_panel,cv5_group,auroc,0.507858,0.1567,"trees=94; cv_std=0.0279; beats_single_hold=False; top=c_n_tx_lag1:0.014,d_tx_cp_share:0.012,f_has_loc:0.012,g_has_card_lag3:0.011,a_n_tx_lag1:0.011,d_tx_cp_share_lag1:0.010"
2026-09-19T00:12,R3,3,0c6820b4,A+B+C+F+G+H+D,y5_ar_od30_sust,xgb_panel,holdout,auroc,0.591561,1.0000,"trees=94; cv_std=0.0279; beats_single_hold=False; top=c_n_tx_lag1:0.014,d_tx_cp_share:0.012,f_has_loc:0.012,g_has_card_lag3:0.011,a_n_tx_lag1:0.011,d_tx_cp_share_lag1:0.010"
2026-09-19T00:12,R3,3,0c6820b4,A+B+C+F+G+H+D,y5_ar_od30_sust,dummy_prior,holdout,auroc,0.5,1.0000,sklearn DummyClassifier strategy=prior
2026-09-19T00:12,R3,3,0c6820b4,A+B+C+F+G+H+D,y5_ar_od30_sust,single_d_tx_cp_share,holdout,auroc,0.785828,1.0000,sign=-; train_auc=0.6114; feat=d_tx_cp_share; min_cov=0.25
2026-09-19T00:12,R3,3,0c6820b4,A+B+C+F+G+H+D,y5_ar_od30_sust,xgb_panel,holdout,pr_auc,0.0669789,1.0000,"trees=94; cv_std=0.0279; beats_single_hold=False; top=c_n_tx_lag1:0.014,d_tx_cp_share:0.012,f_has_loc:0.012,g_has_card_lag3:0.011,a_n_tx_lag1:0.011,d_tx_cp_share_lag1:0.010"
2026-09-19T00:12,R3,3,0137801b,A+B+C+D+E+F+G+H,y1_liq_h1,lightgbm_y1,cv5_group,mae,4.01802e+06,0.9333,"WIN vs hist_mean median_norm; trees=100; n_x=308; lags=1,3; meta=group_size,n_banking; gbm_mae=1.09997e+07; hist_mae=1.4614e+07; last_mae=1.25231e+07; gbm_medn=0.4087; hist_medn=0.5442; last_medn=0.3852; beats_last=False"
2026-09-19T00:12,R3,3,0137801b,A+B+C+D+E+F+G+H,y1_liq_h1,lightgbm_y1,holdout,mae,1.09997e+07,1.0000,"WIN vs hist_mean median_norm; trees=100; n_x=308; lags=1,3; meta=group_size,n_banking; gbm_mae=1.09997e+07; hist_mae=1.4614e+07; last_mae=1.25231e+07; gbm_medn=0.4087; hist_medn=0.5442; last_medn=0.3852; beats_last=False"
2026-09-19T00:12,R3,3,0137801b,A+B+C+D+E+F+G+H,y1_liq_h1,lightgbm_y1,holdout,mae_over_mean_abs,0.797853,1.0000,"WIN vs hist_mean median_norm; trees=100; n_x=308; lags=1,3; meta=group_size,n_banking; gbm_mae=1.09997e+07; hist_mae=1.4614e+07; last_mae=1.25231e+07; gbm_medn=0.4087; hist_medn=0.5442; last_medn=0.3852; beats_last=False"
2026-09-19T00:12,R3,3,0137801b,A+B+C+D+E+F+G+H,y1_liq_h1,lightgbm_y1,holdout,median_norm_mae,0.408727,1.0000,"WIN vs hist_mean median_norm; trees=100; n_x=308; lags=1,3; meta=group_size,n_banking; gbm_mae=1.09997e+07; hist_mae=1.4614e+07; last_mae=1.25231e+07; gbm_medn=0.4087; hist_medn=0.5442; last_medn=0.3852; beats_last=False"
2026-09-19T00:12,R3,3,0137801b,-,y1_liq_h1,hist_mean,holdout,mae,1.4614e+07,1.0000,same rows as lightgbm_y1; series=liq
2026-09-19T00:12,R3,3,0137801b,-,y1_liq_h1,hist_mean,holdout,mae_over_mean_abs,1.06001,1.0000,same rows as lightgbm_y1; series=liq
2026-09-19T00:12,R3,3,0137801b,-,y1_liq_h1,hist_mean,holdout,median_norm_mae,0.544203,1.0000,same rows as lightgbm_y1; series=liq
2026-09-19T00:12,R3,3,0137801b,-,y1_liq_h1,last_value,holdout,mae,1.25231e+07,1.0000,same rows as lightgbm_y1; series=liq
2026-09-19T00:12,R3,3,0137801b,-,y1_liq_h1,last_value,holdout,mae_over_mean_abs,0.90835,1.0000,same rows as lightgbm_y1; series=liq
2026-09-19T00:12,R3,3,0137801b,-,y1_liq_h1,last_value,holdout,median_norm_mae,0.385225,1.0000,same rows as lightgbm_y1; series=liq
2026-09-19T00:12,R3,3,22a1f47e,-,y2_neg_2of3,holdout_power,holdout,n,857,0.7987,"true_auc=0.65; n_boot=4000; seed=20260918; sim_auc=0.6503; ci=[0.5409,0.7597]; analytic_w=0.2470; train=17356/1271/0.0732; hold_cos=72; hold_pos_cos=6; flag=LOW_POWER; usable=0"
2026-09-19T00:12,R3,3,22a1f47e,-,y2_neg_2of3,holdout_power,holdout,n_pos,23,0.7987,"true_auc=0.65; n_boot=4000; seed=20260918; sim_auc=0.6503; ci=[0.5409,0.7597]; analytic_w=0.2470; train=17356/1271/0.0732; hold_cos=72; hold_pos_cos=6; flag=LOW_POWER; usable=0"
2026-09-19T00:12,R3,3,22a1f47e,-,y2_neg_2of3,holdout_power,holdout,base_rate,0.0268378,0.7987,"true_auc=0.65; n_boot=4000; seed=20260918; sim_auc=0.6503; ci=[0.5409,0.7597]; analytic_w=0.2470; train=17356/1271/0.0732; hold_cos=72; hold_pos_cos=6; flag=LOW_POWER; usable=0"
2026-09-19T00:12,R3,3,22a1f47e,-,y2_neg_2of3,holdout_power,holdout,auroc_ci95_width,0.218748,0.7987,"true_auc=0.65; n_boot=4000; seed=20260918; sim_auc=0.6503; ci=[0.5409,0.7597]; analytic_w=0.2470; train=17356/1271/0.0732; hold_cos=72; hold_pos_cos=6; flag=LOW_POWER; usable=0"
2026-09-19T00:12,R3,3,22a1f47e,-,y2_neg_2of3,holdout_power,holdout,low_power,1,0.7987,"true_auc=0.65; n_boot=4000; seed=20260918; sim_auc=0.6503; ci=[0.5409,0.7597]; analytic_w=0.2470; train=17356/1271/0.0732; hold_cos=72; hold_pos_cos=6; flag=LOW_POWER; usable=0"
2026-09-19T00:12,R3,3,22a1f47e,-,y5_ap_od30_ownp80,holdout_power,holdout,n,195,0.1817,"true_auc=0.65; n_boot=4000; seed=20260918; sim_auc=0.6446; ci=[0.4953,0.7940]; analytic_w=0.3223; train=4905/418/0.0852; hold_cos=28; hold_pos_cos=8; flag=LOW_POWER; usable=0"
2026-09-19T00:12,R3,3,22a1f47e,-,y5_ap_od30_ownp80,holdout_power,holdout,n_pos,14,0.1817,"true_auc=0.65; n_boot=4000; seed=20260918; sim_auc=0.6446; ci=[0.4953,0.7940]; analytic_w=0.3223; train=4905/418/0.0852; hold_cos=28; hold_pos_cos=8; flag=LOW_POWER; usable=0"
2026-09-19T00:12,R3,3,22a1f47e,-,y5_ap_od30_ownp80,holdout_power,holdout,base_rate,0.0717949,0.1817,"true_auc=0.65; n_boot=4000; seed=20260918; sim_auc=0.6446; ci=[0.4953,0.7940]; analytic_w=0.3223; train=4905/418/0.0852; hold_cos=28; hold_pos_cos=8; flag=LOW_POWER; usable=0"
2026-09-19T00:12,R3,3,22a1f47e,-,y5_ap_od30_ownp80,holdout_power,holdout,auroc_ci95_width,0.298737,0.1817,"true_auc=0.65; n_boot=4000; seed=20260918; sim_auc=0.6446; ci=[0.4953,0.7940]; analytic_w=0.3223; train=4905/418/0.0852; hold_cos=28; hold_pos_cos=8; flag=LOW_POWER; usable=0"
2026-09-19T00:12,R3,3,22a1f47e,-,y5_ap_od30_ownp80,holdout_power,holdout,low_power,1,0.1817,"true_auc=0.65; n_boot=4000; seed=20260918; sim_auc=0.6446; ci=[0.4953,0.7940]; analytic_w=0.3223; train=4905/418/0.0852; hold_cos=28; hold_pos_cos=8; flag=LOW_POWER; usable=0"
2026-09-19T00:12,R3,3,22a1f47e,-,y5_ar_od30_sust,holdout_power,holdout,n,165,0.1538,"true_auc=0.65; n_boot=4000; seed=20260918; sim_auc=0.6405; ci=[0.4459,0.8352]; analytic_w=0.4229; train=3315/237/0.0715; hold_cos=23; hold_pos_cos=5; flag=LOW_POWER; usable=0"
2026-09-19T00:12,R3,3,22a1f47e,-,y5_ar_od30_sust,holdout_power,holdout,n_pos,8,0.1538,"true_auc=0.65; n_boot=4000; seed=20260918; sim_auc=0.6405; ci=[0.4459,0.8352]; analytic_w=0.4229; train=3315/237/0.0715; hold_cos=23; hold_pos_cos=5; flag=LOW_POWER; usable=0"
2026-09-19T00:12,R3,3,22a1f47e,-,y5_ar_od30_sust,holdout_power,holdout,base_rate,0.0484848,0.1538,"true_auc=0.65; n_boot=4000; seed=20260918; sim_auc=0.6405; ci=[0.4459,0.8352]; analytic_w=0.4229; train=3315/237/0.0715; hold_cos=23; hold_pos_cos=5; flag=LOW_POWER; usable=0"
2026-09-19T00:12,R3,3,22a1f47e,-,y5_ar_od30_sust,holdout_power,holdout,auroc_ci95_width,0.389351,0.1538,"true_auc=0.65; n_boot=4000; seed=20260918; sim_auc=0.6405; ci=[0.4459,0.8352]; analytic_w=0.4229; train=3315/237/0.0715; hold_cos=23; hold_pos_cos=5; flag=LOW_POWER; usable=0"
2026-09-19T00:12,R3,3,22a1f47e,-,y5_ar_od30_sust,holdout_power,holdout,low_power,1,0.1538,"true_auc=0.65; n_boot=4000; seed=20260918; sim_auc=0.6405; ci=[0.4459,0.8352]; analytic_w=0.4229; train=3315/237/0.0715; hold_cos=23; hold_pos_cos=5; flag=LOW_POWER; usable=0"
2026-09-19T00:12,R3,3,22a1f47e,-,y4_ds_r_double,holdout_power,holdout,n,135,0.1258,"true_auc=0.65; n_boot=4000; seed=20260918; sim_auc=0.6478; ci=[0.5047,0.7910]; analytic_w=0.3071; train=2370/329/0.1388; hold_cos=25; hold_pos_cos=9; flag=LOW_POWER; usable=0"
2026-09-19T00:12,R3,3,22a1f47e,-,y4_ds_r_double,holdout_power,holdout,n_pos,16,0.1258,"true_auc=0.65; n_boot=4000; seed=20260918; sim_auc=0.6478; ci=[0.5047,0.7910]; analytic_w=0.3071; train=2370/329/0.1388; hold_cos=25; hold_pos_cos=9; flag=LOW_POWER; usable=0"
2026-09-19T00:12,R3,3,22a1f47e,-,y4_ds_r_double,holdout_power,holdout,base_rate,0.118519,0.1258,"true_auc=0.65; n_boot=4000; seed=20260918; sim_auc=0.6478; ci=[0.5047,0.7910]; analytic_w=0.3071; train=2370/329/0.1388; hold_cos=25; hold_pos_cos=9; flag=LOW_POWER; usable=0"
2026-09-19T00:12,R3,3,22a1f47e,-,y4_ds_r_double,holdout_power,holdout,auroc_ci95_width,0.286239,0.1258,"true_auc=0.65; n_boot=4000; seed=20260918; sim_auc=0.6478; ci=[0.5047,0.7910]; analytic_w=0.3071; train=2370/329/0.1388; hold_cos=25; hold_pos_cos=9; flag=LOW_POWER; usable=0"
2026-09-19T00:12,R3,3,22a1f47e,-,y4_ds_r_double,holdout_power,holdout,low_power,1,0.1258,"true_auc=0.65; n_boot=4000; seed=20260918; sim_auc=0.6478; ci=[0.5047,0.7910]; analytic_w=0.3071; train=2370/329/0.1388; hold_cos=25; hold_pos_cos=9; flag=LOW_POWER; usable=0"
2026-09-19T00:12,R3,3,22a1f47e,-,y3_recover_cash_6m,holdout_power,holdout,n,235,0.2190,"true_auc=0.65; n_boot=4000; seed=20260918; sim_auc=0.6433; ci=[0.4964,0.7902]; analytic_w=0.3207; train=5648/402/0.0712; hold_cos=33; hold_pos_cos=7; flag=LOW_POWER; usable=0"
2026-09-19T00:12,R3,3,22a1f47e,-,y3_recover_cash_6m,holdout_power,holdout,n_pos,14,0.2190,"true_auc=0.65; n_boot=4000; seed=20260918; sim_auc=0.6433; ci=[0.4964,0.7902]; analytic_w=0.3207; train=5648/402/0.0712; hold_cos=33; hold_pos_cos=7; flag=LOW_POWER; usable=0"
2026-09-19T00:12,R3,3,22a1f47e,-,y3_recover_cash_6m,holdout_power,holdout,base_rate,0.0595745,0.2190,"true_auc=0.65; n_boot=4000; seed=20260918; sim_auc=0.6433; ci=[0.4964,0.7902]; analytic_w=0.3207; train=5648/402/0.0712; hold_cos=33; hold_pos_cos=7; flag=LOW_POWER; usable=0"
2026-09-19T00:12,R3,3,22a1f47e,-,y3_recover_cash_6m,holdout_power,holdout,auroc_ci95_width,0.293811,0.2190,"true_auc=0.65; n_boot=4000; seed=20260918; sim_auc=0.6433; ci=[0.4964,0.7902]; analytic_w=0.3207; train=5648/402/0.0712; hold_cos=33; hold_pos_cos=7; flag=LOW_POWER; usable=0"
2026-09-19T00:12,R3,3,22a1f47e,-,y3_recover_cash_6m,holdout_power,holdout,low_power,1,0.2190,"true_auc=0.65; n_boot=4000; seed=20260918; sim_auc=0.6433; ci=[0.4964,0.7902]; analytic_w=0.3207; train=5648/402/0.0712; hold_cos=33; hold_pos_cos=7; flag=LOW_POWER; usable=0"
2026-09-19T00:12,R3,3,22a1f47e,-,y6_missed_payroll,holdout_power,holdout,n,271,0.2526,"true_auc=0.65; n_boot=4000; seed=20260918; sim_auc=0.6356; ci=[0.4329,0.8382]; analytic_w=0.4481; train=6004/367/0.0611; hold_cos=25; hold_pos_cos=2; flag=LOW_POWER; usable=0"
2026-09-19T00:12,R3,3,22a1f47e,-,y6_missed_payroll,holdout_power,holdout,n_pos,7,0.2526,"true_auc=0.65; n_boot=4000; seed=20260918; sim_auc=0.6356; ci=[0.4329,0.8382]; analytic_w=0.4481; train=6004/367/0.0611; hold_cos=25; hold_pos_cos=2; flag=LOW_POWER; usable=0"
2026-09-19T00:12,R3,3,22a1f47e,-,y6_missed_payroll,holdout_power,holdout,base_rate,0.0258303,0.2526,"true_auc=0.65; n_boot=4000; seed=20260918; sim_auc=0.6356; ci=[0.4329,0.8382]; analytic_w=0.4481; train=6004/367/0.0611; hold_cos=25; hold_pos_cos=2; flag=LOW_POWER; usable=0"
2026-09-19T00:12,R3,3,22a1f47e,-,y6_missed_payroll,holdout_power,holdout,auroc_ci95_width,0.405344,0.2526,"true_auc=0.65; n_boot=4000; seed=20260918; sim_auc=0.6356; ci=[0.4329,0.8382]; analytic_w=0.4481; train=6004/367/0.0611; hold_cos=25; hold_pos_cos=2; flag=LOW_POWER; usable=0"
2026-09-19T00:12,R3,3,22a1f47e,-,y6_missed_payroll,holdout_power,holdout,low_power,1,0.2526,"true_auc=0.65; n_boot=4000; seed=20260918; sim_auc=0.6356; ci=[0.4329,0.8382]; analytic_w=0.4481; train=6004/367/0.0611; hold_cos=25; hold_pos_cos=2; flag=LOW_POWER; usable=0"
2026-09-19T00:13,R3,3,170793d7,A+B+C+E+F+G+H,y7_top1_lost,lightgbm_y7y8,cv5_group,auroc,0.663415,0.3358,"secondary; looser Y7 (no inflow clause); never D; trees=50; n_x=278; lags=1,3; meta=group_size,n_banking; hold_n_pos=122; hold_n=391; vs_dummy=0.680/0.500; vs_single=e_ar_issued 0.5982235358644646; beats_single=True"
2026-09-19T00:13,R3,3,170793d7,A+B+C+E+F+G+H,y7_top1_lost,lightgbm_y7y8,holdout,auroc,0.680084,1.0000,"secondary; looser Y7 (no inflow clause); never D; trees=50; n_x=278; lags=1,3; meta=group_size,n_banking; hold_n_pos=122; hold_n=391; vs_dummy=0.680/0.500; vs_single=e_ar_issued 0.5982235358644646; beats_single=True"
2026-09-19T00:13,R3,3,170793d7,-,y7_top1_lost,dummy_prior,holdout,auroc,0.5,1.0000,secondary; constant train prevalence 0.2879; hold_n_pos=122
2026-09-19T00:13,R3,3,170793d7,E,y7_top1_lost,single_e_ar_issued,holdout,auroc,0.598224,1.0000,secondary; sign=-1; train_auc=0.6564; pick=train_best_allowed; hold_n_pos=122
2026-09-19T00:13,R3,3,170793d7,A+B+C+E+F+G+H,y7_top1_lost_inflow,lightgbm_y7y8,cv5_group,auroc,0.644744,0.3031,"INTERESTING; Y7 shock + sustained op_in drop; never D; thin positives; trees=50; n_x=278; lags=1,3; meta=group_size,n_banking; hold_n_pos=15; hold_n=318; vs_dummy=0.763/0.500; vs_single=e_ar_issued 0.5884488448844885; beats_single=True"
2026-09-19T00:13,R3,3,170793d7,A+B+C+E+F+G+H,y7_top1_lost_inflow,lightgbm_y7y8,holdout,auroc,0.762816,1.0000,"INTERESTING; Y7 shock + sustained op_in drop; never D; thin positives; trees=50; n_x=278; lags=1,3; meta=group_size,n_banking; hold_n_pos=15; hold_n=318; vs_dummy=0.763/0.500; vs_single=e_ar_issued 0.5884488448844885; beats_single=True"
2026-09-19T00:13,R3,3,170793d7,-,y7_top1_lost_inflow,dummy_prior,holdout,auroc,0.5,1.0000,INTERESTING; constant train prevalence 0.0623; hold_n_pos=15
2026-09-19T00:13,R3,3,170793d7,E,y7_top1_lost_inflow,single_e_ar_issued,holdout,auroc,0.588449,1.0000,INTERESTING; sign=-1; train_auc=0.6507; pick=train_best_allowed; hold_n_pos=15
2026-09-19T00:13,R3,3,170793d7,A+B+C+D+F+G+H,y8_inv_worse_6,lightgbm_y7y8,cv5_group,auroc,0.549374,0.1747,"INTERESTING; invoice-side Y; never E (not a+b+e union); intended cash A/B; trees=50; n_x=263; lags=1,3; meta=group_size,n_banking; hold_n_pos=17; hold_n=132; vs_dummy=0.520/0.500; vs_single=a_in12 0.5862068965517241; beats_single=False"
2026-09-19T00:13,R3,3,170793d7,A+B+C+D+F+G+H,y8_inv_worse_6,lightgbm_y7y8,holdout,auroc,0.519693,1.0000,"INTERESTING; invoice-side Y; never E (not a+b+e union); intended cash A/B; trees=50; n_x=263; lags=1,3; meta=group_size,n_banking; hold_n_pos=17; hold_n=132; vs_dummy=0.520/0.500; vs_single=a_in12 0.5862068965517241; beats_single=False"
2026-09-19T00:13,R3,3,170793d7,-,y8_inv_worse_6,dummy_prior,holdout,auroc,0.5,1.0000,INTERESTING; constant train prevalence 0.1960; hold_n_pos=17
2026-09-19T00:13,R3,3,170793d7,A,y8_inv_worse_6,single_a_in12,holdout,auroc,0.586207,0.2348,INTERESTING; sign=1; train_auc=0.6139; pick=train_best_allowed; hold_n_pos=2
2026-09-19T00:13,R3,3,170793d7,C+D+E+F+G+H,y8_cash_worse_6,lightgbm_y7y8,cv5_group,auroc,0.564833,0.3143,"INTERESTING; cash-side Y; never A or B (not a+b+e union); intended invoice E; trees=50; n_x=218; lags=1,3; meta=group_size,n_banking; hold_n_pos=61; hold_n=233; vs_dummy=0.490/0.500; vs_single=h_share_group_in 0.5168818272095332; beats_single=False"
2026-09-19T00:13,R3,3,170793d7,C+D+E+F+G+H,y8_cash_worse_6,lightgbm_y7y8,holdout,auroc,0.490278,1.0000,"INTERESTING; cash-side Y; never A or B (not a+b+e union); intended invoice E; trees=50; n_x=218; lags=1,3; meta=group_size,n_banking; hold_n_pos=61; hold_n=233; vs_dummy=0.490/0.500; vs_single=h_share_group_in 0.5168818272095332; beats_single=False"
2026-09-19T00:13,R3,3,170793d7,-,y8_cash_worse_6,dummy_prior,holdout,auroc,0.5,1.0000,INTERESTING; constant train prevalence 0.2312; hold_n_pos=61
2026-09-19T00:13,R3,3,170793d7,H,y8_cash_worse_6,single_h_share_group_in,holdout,auroc,0.516882,0.9614,INTERESTING; sign=-1; train_auc=0.5692; pick=train_best_allowed; hold_n_pos=53
2026-09-19T00:14,R3,3,67e8ef01,A+C+D+E+F+G+H,y3_recover_cash_6m,lgbm_small_d3_n50,cv5_group,auroc,0.762239,0.2670,"stressed-only (label NaN otherwise); X=A,C,D,E,F,G,H; never B; train group-fold CV only; no holdout AUROC; trees=50; max_depth=3; n_x=278; lags=1,3; meta=group_size,n_banking; mean=0.7622; sd=0.0158; folds=0:0.7728,1:0.7394,2:0.7649,3:0.7795,4:0.7547; train=5648/402/0.0712; quote=cv5_group_not_holdout"
2026-09-19T00:14,R3,3,67e8ef01,A+C+D+E+F+G+H,y3_recover_cash_6m,lgbm_small_d3_n50,cv5_group,auroc_sd,0.0157735,0.2670,"stressed-only (label NaN otherwise); X=A,C,D,E,F,G,H; never B; train group-fold CV only; no holdout AUROC; trees=50; max_depth=3; n_x=278; lags=1,3; meta=group_size,n_banking; mean=0.7622; sd=0.0158; folds=0:0.7728,1:0.7394,2:0.7649,3:0.7795,4:0.7547; train=5648/402/0.0712; quote=cv5_group_not_holdout"
2026-09-19T00:14,R3,3,67e8ef01,A+C+D+E+F+G+H,y2_neg_2of3,lgbm_small_d3_n50,cv5_group,auroc,0.540042,0.8203,"X=A,C,D,E,F,G,H; never B; train group-fold CV only; no holdout AUROC; trees=50; max_depth=3; n_x=278; lags=1,3; meta=group_size,n_banking; mean=0.5400; sd=0.1166; folds=0:0.3440,1:0.6293,2:0.6224,3:0.5311,4:0.5734; train=17356/1271/0.0732; quote=cv5_group_not_holdout"
2026-09-19T00:14,R3,3,67e8ef01,A+C+D+E+F+G+H,y2_neg_2of3,lgbm_small_d3_n50,cv5_group,auroc_sd,0.11657,0.8203,"X=A,C,D,E,F,G,H; never B; train group-fold CV only; no holdout AUROC; trees=50; max_depth=3; n_x=278; lags=1,3; meta=group_size,n_banking; mean=0.5400; sd=0.1166; folds=0:0.3440,1:0.6293,2:0.6224,3:0.5311,4:0.5734; train=17356/1271/0.0732; quote=cv5_group_not_holdout"
2026-09-19T00:21,R3,3,823061e3,A+C+D+E+F+G+H,y3_recover_cash_6m,lightgbm_y3_group,cv5_group,auroc,0.694465,0.2670,"PARK; mixture_cv=0.6945 vs global_cv=0.7096 published=0.710 keep_if>0.720; sibling OOF on groups with>=5 train cos (fit >=20 rows/both classes); else global group-fold; used_groups=39/235 used_rows=2528/5648; group_row_mix=0.7626 group_row_global=0.7179; n_x=278; lags=1,3; trees_final=50; holdout_pos=14 LOW_POWER; never B; stressed-only"
2026-09-19T00:21,R3,3,823061e3,A+C+D+E+F+G+H,y3_recover_cash_6m,lightgbm_y3_global_equiv,cv5_group,auroc,0.70959,0.2670,"same-run global group-fold; published 0.710; PARK; mixture_cv=0.6945 vs global_cv=0.7096 published=0.710 keep_if>0.720; sibling OOF on groups with>=5 train cos (fit >=20 rows/both classes); else global group-fold; used_groups=39/235 used_rows=2528/5648; group_row_mix=0.7626 group_row_global=0.7179; n_x=278; lags=1,3; trees_final=50; holdout_pos=14 LOW_POWER; never B; stressed-only"
2026-09-19T00:21,R3,3,823061e3,A+C+D+E+F+G+H,y3_recover_cash_6m,lightgbm_y3_group,holdout,auroc,0.899483,1.0000,"LOW_POWER n_pos=14; unseen groups → global only; PARK; mixture_cv=0.6945 vs global_cv=0.7096 published=0.710 keep_if>0.720; sibling OOF on groups with>=5 train cos (fit >=20 rows/both classes); else global group-fold; used_groups=39/235 used_rows=2528/5648; group_row_mix=0.7626 group_row_global=0.7179; n_x=278; lags=1,3; trees_final=50; holdout_pos=14 LOW_POWER; never B; stressed-only"
2026-09-19T00:21,R3,3,823061e3,-,y3_recover_cash_6m,dummy_prior,holdout,auroc,0.5,1.0000,constant train prevalence 0.0712; LOW_POWER
2026-09-19T00:23,R4,4,634720f6,A+B+C+D+E+G+H,y9_fee_r_ownp80,lightgbm_y9,cv5_group,auroc,0.554235,0.4314,"PARK; PRIMARY; primary Y9 own-p80; questions 3+5 turning/why; never F; drop a_fin_cost* and a_fc*; trees=50; n_x=260; lags=1,3; meta=group_size,n_banking; cv=0.554 dummy_cv=0.500 single_cv=a_out6 0.5654353143439279; cv_gap_dummy=0.054 cv_gap_single=-0.011199838724341271; clear_margin=0.02; hold_n_pos=73 USABLE; hold=0.625/0.500; vs_single_hold=a_out6 0.5346974706918023"
2026-09-19T00:23,R4,4,634720f6,A+B+C+D+E+G+H,y9_fee_r_ownp80,lightgbm_y9,holdout,auroc,0.624512,1.0000,"PARK; PRIMARY; primary Y9 own-p80; questions 3+5 turning/why; never F; drop a_fin_cost* and a_fc*; trees=50; n_x=260; lags=1,3; meta=group_size,n_banking; cv=0.554 dummy_cv=0.500 single_cv=a_out6 0.5654353143439279; cv_gap_dummy=0.054 cv_gap_single=-0.011199838724341271; clear_margin=0.02; hold_n_pos=73 USABLE; hold=0.625/0.500; vs_single_hold=a_out6 0.5346974706918023"
2026-09-19T00:23,R4,4,634720f6,-,y9_fee_r_ownp80,dummy_prior,cv5_group,auroc,0.5,0.4314,PRIMARY; constant 0.5; train prevalence 0.1408
2026-09-19T00:23,R4,4,634720f6,A,y9_fee_r_ownp80,single_a_out6,cv5_group,auroc,0.565435,0.4314,PRIMARY; sign=1; train_auc=0.5669; pick=train_best_allowed; WIN_COMPARE=cv5_group
2026-09-19T00:23,R4,4,634720f6,A,y9_fee_r_ownp80,single_a_out6,holdout,auroc,0.534697,1.0000,PRIMARY; sign=1; train_auc=0.5669; pick=train_best_allowed; hold_n_pos=73 USABLE
2026-09-19T00:23,R4,4,634720f6,A+B+C+D+E+G+H,y9_fee_spike,lightgbm_y9,cv5_group,auroc,0.575857,0.3544,"PARK; secondary; Y9 NSF/fee spike (2 of next 3); questions 3+5; never F; drop a_fin_cost* and a_fc*; trees=50; n_x=260; lags=1,3; meta=group_size,n_banking; cv=0.576 dummy_cv=0.500 single_cv=a_op_in 0.5631453691553061; cv_gap_dummy=0.076 cv_gap_single=0.012712118322650068; clear_margin=0.02; hold_n_pos=95 USABLE; hold=0.604/0.500; vs_single_hold=a_op_in 0.5548223350253807"
2026-09-19T00:23,R4,4,634720f6,A+B+C+D+E+G+H,y9_fee_spike,lightgbm_y9,holdout,auroc,0.603527,1.0000,"PARK; secondary; Y9 NSF/fee spike (2 of next 3); questions 3+5; never F; drop a_fin_cost* and a_fc*; trees=50; n_x=260; lags=1,3; meta=group_size,n_banking; cv=0.576 dummy_cv=0.500 single_cv=a_op_in 0.5631453691553061; cv_gap_dummy=0.076 cv_gap_single=0.012712118322650068; clear_margin=0.02; hold_n_pos=95 USABLE; hold=0.604/0.500; vs_single_hold=a_op_in 0.5548223350253807"
2026-09-19T00:23,R4,4,634720f6,-,y9_fee_spike,dummy_prior,cv5_group,auroc,0.5,0.3544,secondary; constant 0.5; train prevalence 0.1906
2026-09-19T00:23,R4,4,634720f6,A,y9_fee_spike,single_a_op_in,cv5_group,auroc,0.563145,0.3544,secondary; sign=-1; train_auc=0.5621; pick=train_best_allowed; WIN_COMPARE=cv5_group
2026-09-19T00:23,R4,4,634720f6,A,y9_fee_spike,single_a_op_in,holdout,auroc,0.554822,1.0000,secondary; sign=-1; train_auc=0.5621; pick=train_best_allowed; hold_n_pos=95 USABLE
2026-09-19T00:23,R4,4,7f37f0fd,A+C+F,y3_recover_cash_6m,lgbm_y3_core_shap,cv5_group,auroc,0.709899,0.2670,"CLOSE; SHAP-stable core only (plus lags 1,3); never B; drop a_op_in SIZE; no e_dso_proxy (optional 6th left out); vs_published=0.710/n_x=278; cv=0.7099±0.0406; n_x=15; stems=5; lags=1,3; trees=50; vs_dummy=0.710/0.500; vs_single=c_n_days_with_tx 0.7114423276043065; beats_single=False; folds=0:0.6618,1:0.7606,2:0.7066,3:0.6811,4:0.7394; train=5648/402/0.0712; quote=cv5_group_not_holdout; neither reaches 0.710 but at least one is within 0.02 (A=0.710, B=0.693)"
2026-09-19T00:23,R4,4,7f37f0fd,A+C+F,y3_recover_cash_6m,lgbm_y3_core_shap,cv5_group,auroc_sd,0.0406165,0.2670,"CLOSE; SHAP-stable core only (plus lags 1,3); never B; drop a_op_in SIZE; no e_dso_proxy (optional 6th left out); vs_published=0.710/n_x=278; cv=0.7099±0.0406; n_x=15; stems=5; lags=1,3; trees=50; vs_dummy=0.710/0.500; vs_single=c_n_days_with_tx 0.7114423276043065; beats_single=False; folds=0:0.6618,1:0.7606,2:0.7066,3:0.6811,4:0.7394; train=5648/402/0.0712; quote=cv5_group_not_holdout; neither reaches 0.710 but at least one is within 0.02 (A=0.710, B=0.693)"
2026-09-19T00:23,R4,4,7f37f0fd,C,y3_recover_cash_6m,single_c_n_days_with_tx,cv5_group,auroc,0.711442,0.2670,train-fold pick among A cols; picked_most=c_n_days_with_tx; counts={'c_n_days_with_tx': 5}
2026-09-19T00:23,R4,4,7f37f0fd,A+C+D+E+F+G+H,y3_recover_cash_6m,lgbm_y3_core_keep,cv5_group,auroc,0.692899,0.2670,"CLOSE; feature_report keep ∩ ratios/flags; never B; drop raw euro levels and a_op_in; no count stems; vs_published=0.710/n_x=278; cv=0.6929±0.0170; n_x=126; stems=42; lags=1,3; trees=50; vs_dummy=0.693/0.500; vs_single=c_gap_sd 0.6705568146640797; beats_single=True; folds=0:0.6755,1:0.6977,2:0.6805,3:0.7189,4:0.6918; train=5648/402/0.0712; quote=cv5_group_not_holdout; neither reaches 0.710 but at least one is within 0.02 (A=0.710, B=0.693)"
2026-09-19T00:23,R4,4,7f37f0fd,A+C+D+E+F+G+H,y3_recover_cash_6m,lgbm_y3_core_keep,cv5_group,auroc_sd,0.0169972,0.2670,"CLOSE; feature_report keep ∩ ratios/flags; never B; drop raw euro levels and a_op_in; no count stems; vs_published=0.710/n_x=278; cv=0.6929±0.0170; n_x=126; stems=42; lags=1,3; trees=50; vs_dummy=0.693/0.500; vs_single=c_gap_sd 0.6705568146640797; beats_single=True; folds=0:0.6755,1:0.6977,2:0.6805,3:0.7189,4:0.6918; train=5648/402/0.0712; quote=cv5_group_not_holdout; neither reaches 0.710 but at least one is within 0.02 (A=0.710, B=0.693)"
2026-09-19T00:23,R4,4,7f37f0fd,C,y3_recover_cash_6m,single_c_gap_sd,cv5_group,auroc,0.670557,0.2670,"train-fold pick among B cols; picked_most=c_gap_sd; counts={'c_gap_sd': 3, 'c_ss_month': 2}"
2026-09-19T00:23,R4,4,7f37f0fd,A+C+F,y3_recover_cash_6m,lgbm_y3_core_shap_d3_n50,cv5_group,auroc,0.751971,0.2670,"CLOSE; same X as A; 0.762 spec (50 trees, max_depth=3); diagnostic — not used for KEEP/PARK; vs_published=0.710/n_x=278; cv=0.7520±0.0366; n_x=15; stems=5; lags=1,3; trees=50; vs_dummy=0.752/0.500; vs_single=c_n_days_with_tx 0.7114423276043065; beats_single=True; folds=0:0.6891,1:0.7804,2:0.7691,3:0.7518,4:0.7695; train=5648/402/0.0712; quote=cv5_group_not_holdout; neither reaches 0.710 but at least one is within 0.02 (A=0.710, B=0.693)"
2026-09-19T00:23,R4,4,7f37f0fd,A+C+F,y3_recover_cash_6m,lgbm_y3_core_shap_d3_n50,cv5_group,auroc_sd,0.0366165,0.2670,"CLOSE; same X as A; 0.762 spec (50 trees, max_depth=3); diagnostic — not used for KEEP/PARK; vs_published=0.710/n_x=278; cv=0.7520±0.0366; n_x=15; stems=5; lags=1,3; trees=50; vs_dummy=0.752/0.500; vs_single=c_n_days_with_tx 0.7114423276043065; beats_single=True; folds=0:0.6891,1:0.7804,2:0.7691,3:0.7518,4:0.7695; train=5648/402/0.0712; quote=cv5_group_not_holdout; neither reaches 0.710 but at least one is within 0.02 (A=0.710, B=0.693)"
2026-09-19T00:28,R4,4,a41f9c72,A+B+C+D+E+F+G+H,y1_in_h1,lightgbm_y1,cv5_group,mae,3.78332e+06,0.9426,"NO_WIN vs hist_mean median_norm; trees=54; n_x=308; lags=1,3; meta=group_size,n_banking; gbm_mae=3.01981e+06; hist_mae=2.89628e+06; last_mae=3.65735e+06; gbm_medn=0.7989; hist_medn=0.7953; last_medn=0.9813; beats_last=True"
2026-09-19T00:28,R4,4,a41f9c72,A+B+C+D+E+F+G+H,y1_in_h1,lightgbm_y1,holdout,mae,3.01981e+06,1.0000,"NO_WIN vs hist_mean median_norm; trees=54; n_x=308; lags=1,3; meta=group_size,n_banking; gbm_mae=3.01981e+06; hist_mae=2.89628e+06; last_mae=3.65735e+06; gbm_medn=0.7989; hist_medn=0.7953; last_medn=0.9813; beats_last=True"
2026-09-19T00:28,R4,4,a41f9c72,A+B+C+D+E+F+G+H,y1_in_h1,lightgbm_y1,holdout,mae_over_mean_abs,0.947526,1.0000,"NO_WIN vs hist_mean median_norm; trees=54; n_x=308; lags=1,3; meta=group_size,n_banking; gbm_mae=3.01981e+06; hist_mae=2.89628e+06; last_mae=3.65735e+06; gbm_medn=0.7989; hist_medn=0.7953; last_medn=0.9813; beats_last=True"
2026-09-19T00:28,R4,4,a41f9c72,A+B+C+D+E+F+G+H,y1_in_h1,lightgbm_y1,holdout,median_norm_mae,0.798851,1.0000,"NO_WIN vs hist_mean median_norm; trees=54; n_x=308; lags=1,3; meta=group_size,n_banking; gbm_mae=3.01981e+06; hist_mae=2.89628e+06; last_mae=3.65735e+06; gbm_medn=0.7989; hist_medn=0.7953; last_medn=0.9813; beats_last=True"
2026-09-19T00:28,R4,4,a41f9c72,-,y1_in_h1,hist_mean,holdout,mae,2.89628e+06,1.0000,same rows as lightgbm_y1; series=op_in
2026-09-19T00:28,R4,4,a41f9c72,-,y1_in_h1,hist_mean,holdout,mae_over_mean_abs,0.908765,1.0000,same rows as lightgbm_y1; series=op_in
2026-09-19T00:28,R4,4,a41f9c72,-,y1_in_h1,hist_mean,holdout,median_norm_mae,0.795308,1.0000,same rows as lightgbm_y1; series=op_in
2026-09-19T00:28,R4,4,a41f9c72,-,y1_in_h1,last_value,holdout,mae,3.65735e+06,1.0000,same rows as lightgbm_y1; series=op_in
2026-09-19T00:28,R4,4,a41f9c72,-,y1_in_h1,last_value,holdout,mae_over_mean_abs,1.14757,1.0000,same rows as lightgbm_y1; series=op_in
2026-09-19T00:28,R4,4,a41f9c72,-,y1_in_h1,last_value,holdout,median_norm_mae,0.981341,1.0000,same rows as lightgbm_y1; series=op_in
2026-09-19T00:28,R4,4,a41f9c72,A+B+C+D+E+F+G+H,y1_in_h3,lightgbm_y1,cv5_group,mae,4.21598e+06,0.8279,"WIN vs hist_mean median_norm; trees=116; n_x=308; lags=1,3; meta=group_size,n_banking; gbm_mae=3.29843e+06; hist_mae=3.17958e+06; last_mae=3.28457e+06; gbm_medn=0.8169; hist_medn=0.8556; last_medn=0.8782; beats_last=True"
2026-09-19T00:28,R4,4,a41f9c72,A+B+C+D+E+F+G+H,y1_in_h3,lightgbm_y1,holdout,mae,3.29843e+06,1.0000,"WIN vs hist_mean median_norm; trees=116; n_x=308; lags=1,3; meta=group_size,n_banking; gbm_mae=3.29843e+06; hist_mae=3.17958e+06; last_mae=3.28457e+06; gbm_medn=0.8169; hist_medn=0.8556; last_medn=0.8782; beats_last=True"
2026-09-19T00:28,R4,4,a41f9c72,A+B+C+D+E+F+G+H,y1_in_h3,lightgbm_y1,holdout,mae_over_mean_abs,0.935462,1.0000,"WIN vs hist_mean median_norm; trees=116; n_x=308; lags=1,3; meta=group_size,n_banking; gbm_mae=3.29843e+06; hist_mae=3.17958e+06; last_mae=3.28457e+06; gbm_medn=0.8169; hist_medn=0.8556; last_medn=0.8782; beats_last=True"
2026-09-19T00:28,R4,4,a41f9c72,A+B+C+D+E+F+G+H,y1_in_h3,lightgbm_y1,holdout,median_norm_mae,0.81692,1.0000,"WIN vs hist_mean median_norm; trees=116; n_x=308; lags=1,3; meta=group_size,n_banking; gbm_mae=3.29843e+06; hist_mae=3.17958e+06; last_mae=3.28457e+06; gbm_medn=0.8169; hist_medn=0.8556; last_medn=0.8782; beats_last=True"
2026-09-19T00:28,R4,4,a41f9c72,-,y1_in_h3,hist_mean,holdout,mae,3.17958e+06,1.0000,same rows as lightgbm_y1; series=op_in
2026-09-19T00:28,R4,4,a41f9c72,-,y1_in_h3,hist_mean,holdout,mae_over_mean_abs,0.901754,1.0000,same rows as lightgbm_y1; series=op_in
2026-09-19T00:28,R4,4,a41f9c72,-,y1_in_h3,hist_mean,holdout,median_norm_mae,0.855604,1.0000,same rows as lightgbm_y1; series=op_in
2026-09-19T00:28,R4,4,a41f9c72,-,y1_in_h3,last_value,holdout,mae,3.28457e+06,1.0000,same rows as lightgbm_y1; series=op_in
2026-09-19T00:28,R4,4,a41f9c72,-,y1_in_h3,last_value,holdout,mae_over_mean_abs,0.93153,1.0000,same rows as lightgbm_y1; series=op_in
2026-09-19T00:28,R4,4,a41f9c72,-,y1_in_h3,last_value,holdout,median_norm_mae,0.878217,1.0000,same rows as lightgbm_y1; series=op_in
2026-09-19T00:29,R4,4,a41f9c72,A+B+C+D+E+F+G+H,y1_liq_h3,lightgbm_y1,cv5_group,mae,4.60604e+06,0.8203,"WIN vs hist_mean median_norm; trees=117; n_x=308; lags=1,3; meta=group_size,n_banking; gbm_mae=7.86654e+06; hist_mae=1.72201e+07; last_mae=1.32661e+07; gbm_medn=0.5682; hist_medn=0.6251; last_medn=0.5864; beats_last=True"
2026-09-19T00:29,R4,4,a41f9c72,A+B+C+D+E+F+G+H,y1_liq_h3,lightgbm_y1,holdout,mae,7.86654e+06,1.0000,"WIN vs hist_mean median_norm; trees=117; n_x=308; lags=1,3; meta=group_size,n_banking; gbm_mae=7.86654e+06; hist_mae=1.72201e+07; last_mae=1.32661e+07; gbm_medn=0.5682; hist_medn=0.6251; last_medn=0.5864; beats_last=True"
2026-09-19T00:29,R4,4,a41f9c72,A+B+C+D+E+F+G+H,y1_liq_h3,lightgbm_y1,holdout,mae_over_mean_abs,0.971025,1.0000,"WIN vs hist_mean median_norm; trees=117; n_x=308; lags=1,3; meta=group_size,n_banking; gbm_mae=7.86654e+06; hist_mae=1.72201e+07; last_mae=1.32661e+07; gbm_medn=0.5682; hist_medn=0.6251; last_medn=0.5864; beats_last=True"
2026-09-19T00:29,R4,4,a41f9c72,A+B+C+D+E+F+G+H,y1_liq_h3,lightgbm_y1,holdout,median_norm_mae,0.568209,1.0000,"WIN vs hist_mean median_norm; trees=117; n_x=308; lags=1,3; meta=group_size,n_banking; gbm_mae=7.86654e+06; hist_mae=1.72201e+07; last_mae=1.32661e+07; gbm_medn=0.5682; hist_medn=0.6251; last_medn=0.5864; beats_last=True"
2026-09-19T00:29,R4,4,a41f9c72,-,y1_liq_h3,hist_mean,holdout,mae,1.72201e+07,1.0000,same rows as lightgbm_y1; series=liq
2026-09-19T00:29,R4,4,a41f9c72,-,y1_liq_h3,hist_mean,holdout,mae_over_mean_abs,2.1256,1.0000,same rows as lightgbm_y1; series=liq
2026-09-19T00:29,R4,4,a41f9c72,-,y1_liq_h3,hist_mean,holdout,median_norm_mae,0.625073,1.0000,same rows as lightgbm_y1; series=liq
2026-09-19T00:29,R4,4,a41f9c72,-,y1_liq_h3,last_value,holdout,mae,1.32661e+07,1.0000,same rows as lightgbm_y1; series=liq
2026-09-19T00:29,R4,4,a41f9c72,-,y1_liq_h3,last_value,holdout,mae_over_mean_abs,1.63753,1.0000,same rows as lightgbm_y1; series=liq
2026-09-19T00:29,R4,4,a41f9c72,-,y1_liq_h3,last_value,holdout,median_norm_mae,0.586369,1.0000,same rows as lightgbm_y1; series=liq
2026-09-19T00:30,R4,4,a41f9c72,A+B+C+D+E+F+G+H,y1_in_h1,lightgbm_y1_last_resid,cv5_group,mae,2.94901e+06,0.9426,"NO_WIN vs hist_mean median_norm; trees=245; n_x=308; lags=1,3; meta=group_size,n_banking; residual=last; x_mode=raw; gbm_mae=3.40754e+06; hist_mae=2.89628e+06; last_mae=3.65735e+06; gbm_medn=0.7977; hist_medn=0.7953; last_medn=0.9813; beats_last=True"
2026-09-19T00:30,R4,4,a41f9c72,A+B+C+D+E+F+G+H,y1_in_h1,lightgbm_y1_last_resid,holdout,mae,3.40754e+06,1.0000,"NO_WIN vs hist_mean median_norm; trees=245; n_x=308; lags=1,3; meta=group_size,n_banking; residual=last; x_mode=raw; gbm_mae=3.40754e+06; hist_mae=2.89628e+06; last_mae=3.65735e+06; gbm_medn=0.7977; hist_medn=0.7953; last_medn=0.9813; beats_last=True"
2026-09-19T00:30,R4,4,a41f9c72,A+B+C+D+E+F+G+H,y1_in_h1,lightgbm_y1_last_resid,holdout,mae_over_mean_abs,1.06918,1.0000,"NO_WIN vs hist_mean median_norm; trees=245; n_x=308; lags=1,3; meta=group_size,n_banking; residual=last; x_mode=raw; gbm_mae=3.40754e+06; hist_mae=2.89628e+06; last_mae=3.65735e+06; gbm_medn=0.7977; hist_medn=0.7953; last_medn=0.9813; beats_last=True"
2026-09-19T00:30,R4,4,a41f9c72,A+B+C+D+E+F+G+H,y1_in_h1,lightgbm_y1_last_resid,holdout,median_norm_mae,0.797694,1.0000,"NO_WIN vs hist_mean median_norm; trees=245; n_x=308; lags=1,3; meta=group_size,n_banking; residual=last; x_mode=raw; gbm_mae=3.40754e+06; hist_mae=2.89628e+06; last_mae=3.65735e+06; gbm_medn=0.7977; hist_medn=0.7953; last_medn=0.9813; beats_last=True"
2026-09-19T00:30,R4,4,a41f9c72,-,y1_in_h1,hist_mean,holdout,mae,2.89628e+06,1.0000,same rows as lightgbm_y1_last_resid; series=op_in
2026-09-19T00:30,R4,4,a41f9c72,-,y1_in_h1,hist_mean,holdout,mae_over_mean_abs,0.908765,1.0000,same rows as lightgbm_y1_last_resid; series=op_in
2026-09-19T00:30,R4,4,a41f9c72,-,y1_in_h1,hist_mean,holdout,median_norm_mae,0.795308,1.0000,same rows as lightgbm_y1_last_resid; series=op_in
2026-09-19T00:30,R4,4,a41f9c72,-,y1_in_h1,last_value,holdout,mae,3.65735e+06,1.0000,same rows as lightgbm_y1_last_resid; series=op_in
2026-09-19T00:30,R4,4,a41f9c72,-,y1_in_h1,last_value,holdout,mae_over_mean_abs,1.14757,1.0000,same rows as lightgbm_y1_last_resid; series=op_in
2026-09-19T00:30,R4,4,a41f9c72,-,y1_in_h1,last_value,holdout,median_norm_mae,0.981341,1.0000,same rows as lightgbm_y1_last_resid; series=op_in
2026-09-19T00:30,R4,4,a41f9c72,A+B+C+D+E+F+G+H,y1_in_h1,lightgbm_y1_log_size,cv5_group,mae,3.77121e+06,0.9426,"WIN vs hist_mean median_norm; trees=50; n_x=302; lags=1,3; meta=group_size,n_banking; residual=none; x_mode=log_size; gbm_mae=2.97837e+06; hist_mae=2.89628e+06; last_mae=3.65735e+06; gbm_medn=0.7861; hist_medn=0.7953; last_medn=0.9813; beats_last=True"
2026-09-19T00:30,R4,4,a41f9c72,A+B+C+D+E+F+G+H,y1_in_h1,lightgbm_y1_log_size,holdout,mae,2.97837e+06,1.0000,"WIN vs hist_mean median_norm; trees=50; n_x=302; lags=1,3; meta=group_size,n_banking; residual=none; x_mode=log_size; gbm_mae=2.97837e+06; hist_mae=2.89628e+06; last_mae=3.65735e+06; gbm_medn=0.7861; hist_medn=0.7953; last_medn=0.9813; beats_last=True"
2026-09-19T00:30,R4,4,a41f9c72,A+B+C+D+E+F+G+H,y1_in_h1,lightgbm_y1_log_size,holdout,mae_over_mean_abs,0.934524,1.0000,"WIN vs hist_mean median_norm; trees=50; n_x=302; lags=1,3; meta=group_size,n_banking; residual=none; x_mode=log_size; gbm_mae=2.97837e+06; hist_mae=2.89628e+06; last_mae=3.65735e+06; gbm_medn=0.7861; hist_medn=0.7953; last_medn=0.9813; beats_last=True"
2026-09-19T00:30,R4,4,a41f9c72,A+B+C+D+E+F+G+H,y1_in_h1,lightgbm_y1_log_size,holdout,median_norm_mae,0.786147,1.0000,"WIN vs hist_mean median_norm; trees=50; n_x=302; lags=1,3; meta=group_size,n_banking; residual=none; x_mode=log_size; gbm_mae=2.97837e+06; hist_mae=2.89628e+06; last_mae=3.65735e+06; gbm_medn=0.7861; hist_medn=0.7953; last_medn=0.9813; beats_last=True"
2026-09-19T00:30,R4,4,a41f9c72,-,y1_in_h1,hist_mean,holdout,mae,2.89628e+06,1.0000,same rows as lightgbm_y1_log_size; series=op_in
2026-09-19T00:30,R4,4,a41f9c72,-,y1_in_h1,hist_mean,holdout,mae_over_mean_abs,0.908765,1.0000,same rows as lightgbm_y1_log_size; series=op_in
2026-09-19T00:30,R4,4,a41f9c72,-,y1_in_h1,hist_mean,holdout,median_norm_mae,0.795308,1.0000,same rows as lightgbm_y1_log_size; series=op_in
2026-09-19T00:30,R4,4,a41f9c72,-,y1_in_h1,last_value,holdout,mae,3.65735e+06,1.0000,same rows as lightgbm_y1_log_size; series=op_in
2026-09-19T00:30,R4,4,a41f9c72,-,y1_in_h1,last_value,holdout,mae_over_mean_abs,1.14757,1.0000,same rows as lightgbm_y1_log_size; series=op_in
2026-09-19T00:30,R4,4,a41f9c72,-,y1_in_h1,last_value,holdout,median_norm_mae,0.981341,1.0000,same rows as lightgbm_y1_log_size; series=op_in
2026-09-19T00:30,R4,4,catmix_t3,M,-,verify,train,m_t3_cov_cm,0.867,0.867,"14 t3 CLOSE (acf1 0.57-0.71 overlap-only); m_fin_share_t3 PARK rho=0.944 vs f_fc_r; m_coll_vs_pay_t3 cov=0.823; no parquet/FAMILIES"
2026-09-19T00:30,R4,4,catmix_t3,M,-,verify,train,m_t3_acf3_median,-0.102,0.867,"Q6 CLOSE: acf3 median -0.102 (no shared months); t6 acf6 -0.26 to -0.39 also CLOSE; mix is contemporaneous why not lead time"
2026-09-19T00:34,R4,4,a41f9c72,A+B+C+D+E+F+G+H,y1_in_h1,lightgbm_y1,cv5_group,median_norm_mae,0.72599,0.9426,OOF group-fold median_norm; hist 0.7814 last 0.8217; holdout check 0.7989 vs hist 0.7953 NO_WIN PARK
2026-09-19T00:34,R4,4,a41f9c72,-,y1_in_h1,hist_mean,cv5_group,median_norm_mae,0.781389,0.9426,same OOF rows as lightgbm_y1; series=op_in
2026-09-19T00:34,R4,4,a41f9c72,-,y1_in_h1,last_value,cv5_group,median_norm_mae,0.821671,0.9426,same OOF rows as lightgbm_y1; series=op_in
2026-09-19T00:34,R4,4,a41f9c72,A+B+C+D+E+F+G+H,y1_in_h3,lightgbm_y1,cv5_group,median_norm_mae,0.815547,0.8279,OOF group-fold median_norm; hist 0.8206 last 0.8931; holdout 0.8169 vs hist 0.8556 thin WIN
2026-09-19T00:34,R4,4,a41f9c72,-,y1_in_h3,hist_mean,cv5_group,median_norm_mae,0.820613,0.8279,same OOF rows as lightgbm_y1; series=op_in
2026-09-19T00:34,R4,4,a41f9c72,-,y1_in_h3,last_value,cv5_group,median_norm_mae,0.893086,0.8279,same OOF rows as lightgbm_y1; series=op_in
2026-09-19T00:34,R4,4,a41f9c72,A+B+C+D+E+F+G+H,y1_liq_h3,lightgbm_y1,cv5_group,median_norm_mae,0.631548,0.8203,OOF group-fold median_norm; hist 0.6450 last 0.5984 last WINS CV; holdout 0.568 vs last 0.586 not trusted
2026-09-19T00:34,R4,4,a41f9c72,-,y1_liq_h3,hist_mean,cv5_group,median_norm_mae,0.645045,0.8203,same OOF rows as lightgbm_y1; series=liq
2026-09-19T00:34,R4,4,a41f9c72,-,y1_liq_h3,last_value,cv5_group,median_norm_mae,0.598436,0.8203,same OOF rows as lightgbm_y1; series=liq
2026-09-19T00:34,R4,4,a41f9c72,A+B+C+D+E+F+G+H,y1_in_h1,lightgbm_y1_last_resid,cv5_group,median_norm_mae,0.738219,0.9426,OOF last-residual median_norm; hist 0.7814; holdout 0.7977 NO_WIN PARK
2026-09-19T00:34,R4,4,a41f9c72,A+B+C+D+E+F+G+H,y1_in_h1,lightgbm_y1_log_size,cv5_group,median_norm_mae,0.733447,0.9426,OOF log_size median_norm; hist 0.7814; holdout 0.7861 gap 0.009 < CLEAR_MARGIN 0.02 PARK
2026-09-19T00:38,R4,4,a41f9c72,A+B+C+D+E+F+G+H,y1_in_h1,lightgbm_y1_hist_resid,cv5_group,mae,3.69695e+06,0.9426,"WIN vs hist_mean median_norm; trees=136; n_x=308; lags=1,3; meta=group_size,n_banking; residual=hist; x_mode=raw; gbm_mae=2.90646e+06; hist_mae=2.89628e+06; last_mae=3.65735e+06; gbm_medn=0.7626; hist_medn=0.7953; last_medn=0.9813; beats_last=True; cv_oof_medn=0.7765; cv_hist_medn=0.7814"
2026-09-19T00:38,R4,4,a41f9c72,A+B+C+D+E+F+G+H,y1_in_h1,lightgbm_y1_hist_resid,cv5_group,median_norm_mae,0.776514,0.9426,"WIN vs hist_mean median_norm; trees=136; n_x=308; lags=1,3; meta=group_size,n_banking; residual=hist; x_mode=raw; gbm_mae=2.90646e+06; hist_mae=2.89628e+06; last_mae=3.65735e+06; gbm_medn=0.7626; hist_medn=0.7953; last_medn=0.9813; beats_last=True; cv_oof_medn=0.7765; cv_hist_medn=0.7814"
2026-09-19T00:38,R4,4,a41f9c72,A+B+C+D+E+F+G+H,y1_in_h1,lightgbm_y1_hist_resid,holdout,mae,2.90646e+06,1.0000,"WIN vs hist_mean median_norm; trees=136; n_x=308; lags=1,3; meta=group_size,n_banking; residual=hist; x_mode=raw; gbm_mae=2.90646e+06; hist_mae=2.89628e+06; last_mae=3.65735e+06; gbm_medn=0.7626; hist_medn=0.7953; last_medn=0.9813; beats_last=True; cv_oof_medn=0.7765; cv_hist_medn=0.7814"
2026-09-19T00:38,R4,4,a41f9c72,A+B+C+D+E+F+G+H,y1_in_h1,lightgbm_y1_hist_resid,holdout,mae_over_mean_abs,0.911959,1.0000,"WIN vs hist_mean median_norm; trees=136; n_x=308; lags=1,3; meta=group_size,n_banking; residual=hist; x_mode=raw; gbm_mae=2.90646e+06; hist_mae=2.89628e+06; last_mae=3.65735e+06; gbm_medn=0.7626; hist_medn=0.7953; last_medn=0.9813; beats_last=True; cv_oof_medn=0.7765; cv_hist_medn=0.7814"
2026-09-19T00:38,R4,4,a41f9c72,A+B+C+D+E+F+G+H,y1_in_h1,lightgbm_y1_hist_resid,holdout,median_norm_mae,0.762622,1.0000,"WIN vs hist_mean median_norm; trees=136; n_x=308; lags=1,3; meta=group_size,n_banking; residual=hist; x_mode=raw; gbm_mae=2.90646e+06; hist_mae=2.89628e+06; last_mae=3.65735e+06; gbm_medn=0.7626; hist_medn=0.7953; last_medn=0.9813; beats_last=True; cv_oof_medn=0.7765; cv_hist_medn=0.7814"
2026-09-19T00:38,R4,4,a41f9c72,-,y1_in_h1,hist_mean,holdout,mae,2.89628e+06,1.0000,same rows as lightgbm_y1_hist_resid; series=op_in
2026-09-19T00:38,R4,4,a41f9c72,-,y1_in_h1,hist_mean,holdout,mae_over_mean_abs,0.908765,1.0000,same rows as lightgbm_y1_hist_resid; series=op_in
2026-09-19T00:38,R4,4,a41f9c72,-,y1_in_h1,hist_mean,holdout,median_norm_mae,0.795308,1.0000,same rows as lightgbm_y1_hist_resid; series=op_in
2026-09-19T00:38,R4,4,a41f9c72,-,y1_in_h1,last_value,holdout,mae,3.65735e+06,1.0000,same rows as lightgbm_y1_hist_resid; series=op_in
2026-09-19T00:38,R4,4,a41f9c72,-,y1_in_h1,last_value,holdout,mae_over_mean_abs,1.14757,1.0000,same rows as lightgbm_y1_hist_resid; series=op_in
2026-09-19T00:38,R4,4,a41f9c72,-,y1_in_h1,last_value,holdout,median_norm_mae,0.981341,1.0000,same rows as lightgbm_y1_hist_resid; series=op_in
2026-09-19T00:40,R4,4,d56ee5fe,D+E,data_join_qa,coverage,train,train_no_invoice_cos,470,0.6128500823723229,confirm_470=True; mixed_groups=38; no_inv_in_mixed=110
2026-09-19T00:40,R4,4,d56ee5fe,D+E,data_join_qa,coverage,train,train_cm_both_inv_tx,0.5339603913598336,0.5339603913598336,n_both=11297; usable cross-source month share
2026-09-19T00:40,R4,4,d56ee5fe,D+E,data_join_qa,coverage,train,inv_tx_cp_overlap_n,40670,0.3487634205742119,share_inv_rows_cp_in_tx=0.5000; sets_disjoint_comp=True
2026-09-19T00:40,R4,4,d56ee5fe,D+E,data_join_qa,coverage,train,amount_match_iss_0_01,0.21234175564350238,0.21234175564350238,random=0.0050; gap=0.2073; issuance-month
2026-09-19T00:40,R4,4,d56ee5fe,D+E,data_join_qa,coverage,train,amount_match_pay_0_01,0.3573938347480651,0.3573938347480651,random=0.0048; gap=0.3526; verdict=KEEP; payment-month headline
2026-09-19T00:40,R4,4,d56ee5fe,D+E,data_join_qa,coverage,train,y8_cash_other_inv_share,0.5801603206412825,0.5801603206412825,n_lab=6986; n_other=4053; y8_inv_other_tx=0.9812001030131342; verdict=PARK
2026-09-19T00:40,R4,4,d56ee5fe,D+E,data_join_qa,coverage,train,y8_inv_other_tx_share,0.9812001030131342,0.9812001030131342,n_lab=3883; CLOSE data-excuse for y8_inv
2026-09-19T00:40,R4,4,d56ee5fe,D+E,data_join_qa,coverage,train,d_interco_n_eq_join,0,0.0,CLOSE; COMP_* ∩ COUNTERPARTY_* empty
2026-09-19T00:40,R4,4,d56ee5fe,D+E,data_join_qa,coverage,train,f_w_rate_train_cos_ever,38,0.03130148270181219,cm_share=0.017393770383324667; last_month_only_util=0
2026-09-19T00:40,R4,4,d56ee5fe,D+E,data_join_qa,coverage,train,banking_first_created_after_202409,0.7357555739058629,0.7357555739058629,n=891/1211
2026-09-19T00:43,R4,4,410a183a,E+F,y7_top1_lost,lgbm_y7_core_shap,cv5_group,auroc,0.707686,0.3528,"CLOSE; SHAP card: clipped DSO, lag1 issued (not euro level), credit-note ±lag1, delay_coll, DSO lag1, f_fc_r_lag3; never D / meta; vs_published=0.663/n_x=278; cv=0.7077±0.0950; n_x=7; mode=early_stop; collapsed=True; trees=50; vs_dummy=0.708/0.500; vs_single=e_ar_issued_lag1 0.6295013756872236; beats_single=True; folds=0:0.7389,1:0.7964,2:0.7417,3:0.7151,4:0.5462; trees_folds=0:5,1:5,2:42,3:5,4:6; hold_check=0.696416600645987; train=7464/2149/0.2879; worst_d=e_credit_note_ratio_lag1 0.3063242175427291; worst_size=e_ar_issued_lag1 0.46444495658367785; quote=cv5_group_not_holdout; no KEEP (or early-stop collapsed); within 0.02 of 0.663: A=0.708, B=0.705"
2026-09-19T00:43,R4,4,410a183a,E+F,y7_top1_lost,lgbm_y7_core_shap,cv5_group,auroc_sd,0.0950384,0.3528,"CLOSE; SHAP card: clipped DSO, lag1 issued (not euro level), credit-note ±lag1, delay_coll, DSO lag1, f_fc_r_lag3; never D / meta; vs_published=0.663/n_x=278; cv=0.7077±0.0950; n_x=7; mode=early_stop; collapsed=True; trees=50; vs_dummy=0.708/0.500; vs_single=e_ar_issued_lag1 0.6295013756872236; beats_single=True; folds=0:0.7389,1:0.7964,2:0.7417,3:0.7151,4:0.5462; trees_folds=0:5,1:5,2:42,3:5,4:6; hold_check=0.696416600645987; train=7464/2149/0.2879; worst_d=e_credit_note_ratio_lag1 0.3063242175427291; worst_size=e_ar_issued_lag1 0.46444495658367785; quote=cv5_group_not_holdout; no KEEP (or early-stop collapsed); within 0.02 of 0.663: A=0.708, B=0.705"
2026-09-19T00:43,R4,4,410a183a,E,y7_top1_lost,single_e_ar_issued_lag1,cv5_group,auroc,0.629501,0.3528,train-fold pick among A cols; picked_most=e_ar_issued_lag1; counts={'e_ar_issued_lag1': 5}
2026-09-19T00:43,R4,4,410a183a,E+F,y7_top1_lost,lgbm_y7_core_shap_d3_n50,cv5_group,auroc,0.711106,0.3528,"CLOSE; same X as A; 50 trees, max_depth=3; diagnostic — not used for KEEP (Y3 lesson: early-stop on tiny X can collapse); vs_published=0.663/n_x=278; cv=0.7111±0.0843; n_x=7; mode=shallow; collapsed=False; trees=50; vs_dummy=0.711/0.500; vs_single=e_ar_issued_lag1 0.6295013756872236; beats_single=True; folds=0:0.7239,1:0.7994,2:0.7423,3:0.7183,4:0.5717; trees_folds=0:50,1:50,2:50,3:50,4:50; hold_check=0.701078676336157; train=7464/2149/0.2879; worst_d=e_credit_note_ratio_lag1 0.3063242175427291; worst_size=e_ar_issued_lag1 0.46444495658367785; quote=cv5_group_not_holdout; no KEEP (or early-stop collapsed); within 0.02 of 0.663: A=0.708, B=0.705"
2026-09-19T00:43,R4,4,410a183a,E+F,y7_top1_lost,lgbm_y7_core_shap_d3_n50,cv5_group,auroc_sd,0.0842878,0.3528,"CLOSE; same X as A; 50 trees, max_depth=3; diagnostic — not used for KEEP (Y3 lesson: early-stop on tiny X can collapse); vs_published=0.663/n_x=278; cv=0.7111±0.0843; n_x=7; mode=shallow; collapsed=False; trees=50; vs_dummy=0.711/0.500; vs_single=e_ar_issued_lag1 0.6295013756872236; beats_single=True; folds=0:0.7239,1:0.7994,2:0.7423,3:0.7183,4:0.5717; trees_folds=0:50,1:50,2:50,3:50,4:50; hold_check=0.701078676336157; train=7464/2149/0.2879; worst_d=e_credit_note_ratio_lag1 0.3063242175427291; worst_size=e_ar_issued_lag1 0.46444495658367785; quote=cv5_group_not_holdout; no KEEP (or early-stop collapsed); within 0.02 of 0.663: A=0.708, B=0.705"
2026-09-19T00:43,R4,4,410a183a,E+F,y7_top1_lost,lgbm_y7_core_shap_n50,cv5_group,auroc,0.712387,0.3528,"CLOSE; same X as A; 50 trees no early stop (explain_y7 final-fit trees); diagnostic if 400+ES collapses; vs_published=0.663/n_x=278; cv=0.7124±0.0896; n_x=7; mode=fixed50; collapsed=False; trees=50; vs_dummy=0.712/0.500; vs_single=e_ar_issued_lag1 0.6295013756872236; beats_single=True; folds=0:0.7448,1:0.7906,2:0.7401,3:0.7288,4:0.5577; trees_folds=0:50,1:50,2:50,3:50,4:50; hold_check=0.696416600645987; train=7464/2149/0.2879; worst_d=e_credit_note_ratio_lag1 0.3063242175427291; worst_size=e_ar_issued_lag1 0.46444495658367785; quote=cv5_group_not_holdout; no KEEP (or early-stop collapsed); within 0.02 of 0.663: A=0.708, B=0.705"
2026-09-19T00:43,R4,4,410a183a,E+F,y7_top1_lost,lgbm_y7_core_shap_n50,cv5_group,auroc_sd,0.0896394,0.3528,"CLOSE; same X as A; 50 trees no early stop (explain_y7 final-fit trees); diagnostic if 400+ES collapses; vs_published=0.663/n_x=278; cv=0.7124±0.0896; n_x=7; mode=fixed50; collapsed=False; trees=50; vs_dummy=0.712/0.500; vs_single=e_ar_issued_lag1 0.6295013756872236; beats_single=True; folds=0:0.7448,1:0.7906,2:0.7401,3:0.7288,4:0.5577; trees_folds=0:50,1:50,2:50,3:50,4:50; hold_check=0.696416600645987; train=7464/2149/0.2879; worst_d=e_credit_note_ratio_lag1 0.3063242175427291; worst_size=e_ar_issued_lag1 0.46444495658367785; quote=cv5_group_not_holdout; no KEEP (or early-stop collapsed); within 0.02 of 0.663: A=0.708, B=0.705"
2026-09-19T00:43,R4,4,410a183a,E+F,y7_top1_lost,lgbm_y7_core_nodsolag,cv5_group,auroc,0.705158,0.3528,"CLOSE; A minus e_dso_proxy_lag1 (SHAP + vs univ − 0.506 sign flip); vs_published=0.663/n_x=278; cv=0.7052±0.0808; n_x=6; mode=early_stop; collapsed=True; trees=50; vs_dummy=0.705/0.500; vs_single=e_ar_issued_lag1 0.6295013756872236; beats_single=True; folds=0:0.7011,1:0.7990,2:0.7391,3:0.7085,4:0.5781; trees_folds=0:1,1:11,2:20,3:4,4:6; hold_check=0.6854013041623499; train=7464/2149/0.2879; worst_d=e_credit_note_ratio_lag1 0.3063242175427291; worst_size=e_ar_issued_lag1 0.46444495658367785; quote=cv5_group_not_holdout; no KEEP (or early-stop collapsed); within 0.02 of 0.663: A=0.708, B=0.705"
2026-09-19T00:43,R4,4,410a183a,E+F,y7_top1_lost,lgbm_y7_core_nodsolag,cv5_group,auroc_sd,0.0808421,0.3528,"CLOSE; A minus e_dso_proxy_lag1 (SHAP + vs univ − 0.506 sign flip); vs_published=0.663/n_x=278; cv=0.7052±0.0808; n_x=6; mode=early_stop; collapsed=True; trees=50; vs_dummy=0.705/0.500; vs_single=e_ar_issued_lag1 0.6295013756872236; beats_single=True; folds=0:0.7011,1:0.7990,2:0.7391,3:0.7085,4:0.5781; trees_folds=0:1,1:11,2:20,3:4,4:6; hold_check=0.6854013041623499; train=7464/2149/0.2879; worst_d=e_credit_note_ratio_lag1 0.3063242175427291; worst_size=e_ar_issued_lag1 0.46444495658367785; quote=cv5_group_not_holdout; no KEEP (or early-stop collapsed); within 0.02 of 0.663: A=0.708, B=0.705"
2026-09-19T00:43,R4,4,410a183a,E,y7_top1_lost,single_e_ar_issued_lag1,cv5_group,auroc,0.629501,0.3528,train-fold pick among B cols; picked_most=e_ar_issued_lag1; counts={'e_ar_issued_lag1': 5}
2026-09-19T00:43,R4,4,410a183a,E+F,y7_top1_lost,lgbm_y7_core_nodsolag_d3_n50,cv5_group,auroc,0.712068,0.3528,"CLOSE; same X as B; 50 / depth-3 diagnostic; vs_published=0.663/n_x=278; cv=0.7121±0.0860; n_x=6; mode=shallow; collapsed=False; trees=50; vs_dummy=0.712/0.500; vs_single=e_ar_issued_lag1 0.6295013756872236; beats_single=True; folds=0:0.7411,1:0.8022,2:0.7393,3:0.7066,4:0.5711; trees_folds=0:50,1:50,2:50,3:50,4:50; hold_check=0.706258760436346; train=7464/2149/0.2879; worst_d=e_credit_note_ratio_lag1 0.3063242175427291; worst_size=e_ar_issued_lag1 0.46444495658367785; quote=cv5_group_not_holdout; no KEEP (or early-stop collapsed); within 0.02 of 0.663: A=0.708, B=0.705"
2026-09-19T00:43,R4,4,410a183a,E+F,y7_top1_lost,lgbm_y7_core_nodsolag_d3_n50,cv5_group,auroc_sd,0.0860326,0.3528,"CLOSE; same X as B; 50 / depth-3 diagnostic; vs_published=0.663/n_x=278; cv=0.7121±0.0860; n_x=6; mode=shallow; collapsed=False; trees=50; vs_dummy=0.712/0.500; vs_single=e_ar_issued_lag1 0.6295013756872236; beats_single=True; folds=0:0.7411,1:0.8022,2:0.7393,3:0.7066,4:0.5711; trees_folds=0:50,1:50,2:50,3:50,4:50; hold_check=0.706258760436346; train=7464/2149/0.2879; worst_d=e_credit_note_ratio_lag1 0.3063242175427291; worst_size=e_ar_issued_lag1 0.46444495658367785; quote=cv5_group_not_holdout; no KEEP (or early-stop collapsed); within 0.02 of 0.663: A=0.708, B=0.705"
2026-09-19T00:43,R4,4,410a183a,E+F,y7_top1_lost,lgbm_y7_core_logissued_d3_n50,cv5_group,auroc,0.711352,0.3528,"CLOSE; same X as C; 50 / depth-3 diagnostic; vs_published=0.663/n_x=278; cv=0.7114±0.0889; n_x=8; mode=shallow; collapsed=False; trees=50; vs_dummy=0.711/0.500; vs_single=e_ar_issued_log1p 0.6625521042121081; beats_single=True; folds=0:0.7259,1:0.8006,2:0.7475,3:0.7198,4:0.5629; trees_folds=0:50,1:50,2:50,3:50,4:50; hold_check=0.7076909013346334; train=7464/2149/0.2879; worst_d=e_credit_note_ratio_lag1 0.3063242175427291; worst_size=e_ar_issued_log1p 0.48148371679027824; quote=cv5_group_not_holdout; no KEEP (or early-stop collapsed); within 0.02 of 0.663: A=0.708, B=0.705"
2026-09-19T00:43,R4,4,410a183a,E+F,y7_top1_lost,lgbm_y7_core_logissued_d3_n50,cv5_group,auroc_sd,0.088869,0.3528,"CLOSE; same X as C; 50 / depth-3 diagnostic; vs_published=0.663/n_x=278; cv=0.7114±0.0889; n_x=8; mode=shallow; collapsed=False; trees=50; vs_dummy=0.711/0.500; vs_single=e_ar_issued_log1p 0.6625521042121081; beats_single=True; folds=0:0.7259,1:0.8006,2:0.7475,3:0.7198,4:0.5629; trees_folds=0:50,1:50,2:50,3:50,4:50; hold_check=0.7076909013346334; train=7464/2149/0.2879; worst_d=e_credit_note_ratio_lag1 0.3063242175427291; worst_size=e_ar_issued_log1p 0.48148371679027824; quote=cv5_group_not_holdout; no KEEP (or early-stop collapsed); within 0.02 of 0.663: A=0.708, B=0.705"
2026-09-19T00:43,R4,4,410a183a,E,y7_top1_lost,lgbm_y7_core_min2_d3_n50,cv5_group,auroc,0.635742,0.3528,"CLOSE; same X as MIN; 50 / depth-3 diagnostic; vs_published=0.663/n_x=278; cv=0.6357±0.0840; n_x=2; mode=shallow; collapsed=False; trees=50; vs_dummy=0.636/0.500; vs_single=e_ar_issued_lag1 0.6295013756872236; beats_single=True; folds=0:0.6733,1:0.7316,2:0.6412,3:0.6293,4:0.5032; trees_folds=0:50,1:50,2:50,3:50,4:50; hold_check=0.6310561277347797; train=7464/2149/0.2879; worst_d=e_ar_issued_lag1 0.2969340540563523; worst_size=e_ar_issued_lag1 0.46444495658367785; quote=cv5_group_not_holdout; no KEEP (or early-stop collapsed); within 0.02 of 0.663: A=0.708, B=0.705"
2026-09-19T00:43,R4,4,410a183a,E,y7_top1_lost,lgbm_y7_core_min2_d3_n50,cv5_group,auroc_sd,0.084024,0.3528,"CLOSE; same X as MIN; 50 / depth-3 diagnostic; vs_published=0.663/n_x=278; cv=0.6357±0.0840; n_x=2; mode=shallow; collapsed=False; trees=50; vs_dummy=0.636/0.500; vs_single=e_ar_issued_lag1 0.6295013756872236; beats_single=True; folds=0:0.6733,1:0.7316,2:0.6412,3:0.6293,4:0.5032; trees_folds=0:50,1:50,2:50,3:50,4:50; hold_check=0.6310561277347797; train=7464/2149/0.2879; worst_d=e_ar_issued_lag1 0.2969340540563523; worst_size=e_ar_issued_lag1 0.46444495658367785; quote=cv5_group_not_holdout; no KEEP (or early-stop collapsed); within 0.02 of 0.663: A=0.708, B=0.705"
2026-09-19T00:43,R4,4,410a183a,E,y7_top1_lost,lgbm_y7_core_q5_d3_n50,cv5_group,auroc,0.673653,0.3528,"CLOSE; Q5 contemporaneous only (DSO, credit-note, delay); 50 / depth-3; vs_published=0.663/n_x=278; cv=0.6737±0.0802; n_x=3; mode=shallow; collapsed=False; trees=50; vs_dummy=0.674/0.500; vs_single=e_credit_note_ratio 0.49158217275956434; beats_single=True; folds=0:0.7239,1:0.7349,2:0.6938,3:0.6797,4:0.5359; trees_folds=0:50,1:50,2:50,3:50,4:50; hold_check=0.6721463830824548; train=7464/2149/0.2879; worst_d=e_credit_note_ratio 0.3023685312106944; worst_size=e_credit_note_ratio 0.17655808675144755; quote=cv5_group_not_holdout; no KEEP (or early-stop collapsed); within 0.02 of 0.663: A=0.708, B=0.705"
2026-09-19T00:43,R4,4,410a183a,E,y7_top1_lost,lgbm_y7_core_q5_d3_n50,cv5_group,auroc_sd,0.08016,0.3528,"CLOSE; Q5 contemporaneous only (DSO, credit-note, delay); 50 / depth-3; vs_published=0.663/n_x=278; cv=0.6737±0.0802; n_x=3; mode=shallow; collapsed=False; trees=50; vs_dummy=0.674/0.500; vs_single=e_credit_note_ratio 0.49158217275956434; beats_single=True; folds=0:0.7239,1:0.7349,2:0.6938,3:0.6797,4:0.5359; trees_folds=0:50,1:50,2:50,3:50,4:50; hold_check=0.6721463830824548; train=7464/2149/0.2879; worst_d=e_credit_note_ratio 0.3023685312106944; worst_size=e_credit_note_ratio 0.17655808675144755; quote=cv5_group_not_holdout; no KEEP (or early-stop collapsed); within 0.02 of 0.663: A=0.708, B=0.705"
2026-09-19T00:43,R4,4,410a183a,E+F,y7_top1_lost,lgbm_y7_core_q6_d3_n50,cv5_group,auroc,0.643958,0.3528,"CLOSE; Q6 lead-time only (issued lag1, CN lag1, DSO lag1, fc_r lag3); vs_published=0.663/n_x=278; cv=0.6440±0.0744; n_x=4; mode=shallow; collapsed=False; trees=50; vs_dummy=0.644/0.500; vs_single=e_ar_issued_lag1 0.6295013756872236; beats_single=True; folds=0:0.6587,1:0.7148,2:0.6782,3:0.6495,4:0.5186; trees_folds=0:50,1:50,2:50,3:50,4:50; hold_check=0.6726948625754159; train=7464/2149/0.2879; worst_d=e_credit_note_ratio_lag1 0.3063242175427291; worst_size=e_ar_issued_lag1 0.46444495658367785; quote=cv5_group_not_holdout; no KEEP (or early-stop collapsed); within 0.02 of 0.663: A=0.708, B=0.705"
2026-09-19T00:43,R4,4,410a183a,E+F,y7_top1_lost,lgbm_y7_core_q6_d3_n50,cv5_group,auroc_sd,0.0744109,0.3528,"CLOSE; Q6 lead-time only (issued lag1, CN lag1, DSO lag1, fc_r lag3); vs_published=0.663/n_x=278; cv=0.6440±0.0744; n_x=4; mode=shallow; collapsed=False; trees=50; vs_dummy=0.644/0.500; vs_single=e_ar_issued_lag1 0.6295013756872236; beats_single=True; folds=0:0.6587,1:0.7148,2:0.6782,3:0.6495,4:0.5186; trees_folds=0:50,1:50,2:50,3:50,4:50; hold_check=0.6726948625754159; train=7464/2149/0.2879; worst_d=e_credit_note_ratio_lag1 0.3063242175427291; worst_size=e_ar_issued_lag1 0.46444495658367785; quote=cv5_group_not_holdout; no KEEP (or early-stop collapsed); within 0.02 of 0.663: A=0.708, B=0.705"
2026-09-19T00:43,R4,4,410a183a,E+F,y7_top1_lost,lgbm_y7_core_vol_d3_n50,cv5_group,auroc,0.728902,0.3528,"CLOSE; B plus cv of issued lags 1/2/3 (fold-4 short-DSO churn hypothesis); vs_published=0.663/n_x=278; cv=0.7289±0.0808; n_x=7; mode=shallow; collapsed=False; trees=50; vs_dummy=0.729/0.500; vs_single=e_ar_issued_lag1 0.621748591831251; beats_single=True; folds=0:0.7661,1:0.8125,2:0.7447,3:0.7246,4:0.5967; trees_folds=0:50,1:50,2:50,3:50,4:50; hold_check=0.7246175879090743; train=7464/2149/0.2879; worst_d=e_credit_note_ratio_lag1 0.3063242175427291; worst_size=e_ar_issued_lag1 0.46444495658367785; quote=cv5_group_not_holdout; no KEEP (or early-stop collapsed); within 0.02 of 0.663: A=0.708, B=0.705"
2026-09-19T00:43,R4,4,410a183a,E+F,y7_top1_lost,lgbm_y7_core_vol_d3_n50,cv5_group,auroc_sd,0.0808145,0.3528,"CLOSE; B plus cv of issued lags 1/2/3 (fold-4 short-DSO churn hypothesis); vs_published=0.663/n_x=278; cv=0.7289±0.0808; n_x=7; mode=shallow; collapsed=False; trees=50; vs_dummy=0.729/0.500; vs_single=e_ar_issued_lag1 0.621748591831251; beats_single=True; folds=0:0.7661,1:0.8125,2:0.7447,3:0.7246,4:0.5967; trees_folds=0:50,1:50,2:50,3:50,4:50; hold_check=0.7246175879090743; train=7464/2149/0.2879; worst_d=e_credit_note_ratio_lag1 0.3063242175427291; worst_size=e_ar_issued_lag1 0.46444495658367785; quote=cv5_group_not_holdout; no KEEP (or early-stop collapsed); within 0.02 of 0.663: A=0.708, B=0.705"
2026-09-19T00:43,R4,4,410a183a,E+F,y7_top1_lost,lgbm_y7_core_turnover_d3_n50,cv5_group,auroc,0.719992,0.3528,"CLOSE; no DSO; issued lag1 + issued-lag CV + credit-note ±lag1 + fc_r lag3; vs_published=0.663/n_x=278; cv=0.7200±0.0344; n_x=5; mode=shallow; collapsed=False; trees=50; vs_dummy=0.720/0.500; vs_single=e_ar_issued_lag1 0.621748591831251; beats_single=True; folds=0:0.7446,1:0.7646,2:0.7125,3:0.6984,4:0.6799; trees_folds=0:50,1:50,2:50,3:50,4:50; hold_check=0.7241605216649399; train=7464/2149/0.2879; worst_d=e_credit_note_ratio_lag1 0.3063242175427291; worst_size=e_ar_issued_lag1 0.46444495658367785; quote=cv5_group_not_holdout; no KEEP (or early-stop collapsed); within 0.02 of 0.663: A=0.708, B=0.705"
2026-09-19T00:43,R4,4,410a183a,E+F,y7_top1_lost,lgbm_y7_core_turnover_d3_n50,cv5_group,auroc_sd,0.0343863,0.3528,"CLOSE; no DSO; issued lag1 + issued-lag CV + credit-note ±lag1 + fc_r lag3; vs_published=0.663/n_x=278; cv=0.7200±0.0344; n_x=5; mode=shallow; collapsed=False; trees=50; vs_dummy=0.720/0.500; vs_single=e_ar_issued_lag1 0.621748591831251; beats_single=True; folds=0:0.7446,1:0.7646,2:0.7125,3:0.6984,4:0.6799; trees_folds=0:50,1:50,2:50,3:50,4:50; hold_check=0.7241605216649399; train=7464/2149/0.2879; worst_d=e_credit_note_ratio_lag1 0.3063242175427291; worst_size=e_ar_issued_lag1 0.46444495658367785; quote=cv5_group_not_holdout; no KEEP (or early-stop collapsed); within 0.02 of 0.663: A=0.708, B=0.705"
2026-09-19T00:43,R4,4,410a183a,E+F,y7_top1_lost,lgbm_y7_core_turndelay_d3_n50,cv5_group,auroc,0.729346,0.3528,"CLOSE; TURNOVER plus collection delay (Q5 why without DSO); vs_published=0.663/n_x=278; cv=0.7293±0.0407; n_x=6; mode=shallow; collapsed=False; trees=50; vs_dummy=0.729/0.500; vs_single=e_ar_issued_lag1 0.621748591831251; beats_single=True; folds=0:0.7520,1:0.7850,2:0.7205,3:0.7108,4:0.6785; trees_folds=0:50,1:50,2:50,3:50,4:50; hold_check=0.7083765007008349; train=7464/2149/0.2879; worst_d=e_credit_note_ratio_lag1 0.3063242175427291; worst_size=e_ar_issued_lag1 0.46444495658367785; quote=cv5_group_not_holdout; no KEEP (or early-stop collapsed); within 0.02 of 0.663: A=0.708, B=0.705"
2026-09-19T00:43,R4,4,410a183a,E+F,y7_top1_lost,lgbm_y7_core_turndelay_d3_n50,cv5_group,auroc_sd,0.0406777,0.3528,"CLOSE; TURNOVER plus collection delay (Q5 why without DSO); vs_published=0.663/n_x=278; cv=0.7293±0.0407; n_x=6; mode=shallow; collapsed=False; trees=50; vs_dummy=0.729/0.500; vs_single=e_ar_issued_lag1 0.621748591831251; beats_single=True; folds=0:0.7520,1:0.7850,2:0.7205,3:0.7108,4:0.6785; trees_folds=0:50,1:50,2:50,3:50,4:50; hold_check=0.7083765007008349; train=7464/2149/0.2879; worst_d=e_credit_note_ratio_lag1 0.3063242175427291; worst_size=e_ar_issued_lag1 0.46444495658367785; quote=cv5_group_not_holdout; no KEEP (or early-stop collapsed); within 0.02 of 0.663: A=0.708, B=0.705"
2026-09-19T00:43,R4,4,410a183a,E,y7_top1_lost,lgbm_y7_core_turn2_d3_n50,cv5_group,auroc,0.677259,0.3528,"CLOSE; two-col turnover floor: issued lag1 + issued-lag CV; vs_published=0.663/n_x=278; cv=0.6773±0.0363; n_x=2; mode=shallow; collapsed=False; trees=50; vs_dummy=0.677/0.500; vs_single=e_ar_issued_lag1 0.621748591831251; beats_single=True; folds=0:0.7145,1:0.7050,2:0.6584,3:0.6834,4:0.6251; trees_folds=0:50,1:50,2:50,3:50,4:50; hold_check=0.671963556584801; train=7464/2149/0.2879; worst_d=e_ar_issued_lag1 0.2969340540563523; worst_size=e_ar_issued_lag1 0.46444495658367785; quote=cv5_group_not_holdout; no claimable early-stop number yet; diagnostics only so far"
2026-09-19T00:43,R4,4,410a183a,E,y7_top1_lost,lgbm_y7_core_turn2_d3_n50,cv5_group,auroc_sd,0.0363124,0.3528,"CLOSE; two-col turnover floor: issued lag1 + issued-lag CV; vs_published=0.663/n_x=278; cv=0.6773±0.0363; n_x=2; mode=shallow; collapsed=False; trees=50; vs_dummy=0.677/0.500; vs_single=e_ar_issued_lag1 0.621748591831251; beats_single=True; folds=0:0.7145,1:0.7050,2:0.6584,3:0.6834,4:0.6251; trees_folds=0:50,1:50,2:50,3:50,4:50; hold_check=0.671963556584801; train=7464/2149/0.2879; worst_d=e_ar_issued_lag1 0.2969340540563523; worst_size=e_ar_issued_lag1 0.46444495658367785; quote=cv5_group_not_holdout; no claimable early-stop number yet; diagnostics only so far"
2026-09-19T00:43,R4,4,410a183a,E,y7_top1_lost,lgbm_y7_core_turn_nofc_d3_n50,cv5_group,auroc,0.714054,0.3528,"CLOSE; TURNOVER minus f_fc_r_lag3; vs_published=0.663/n_x=278; cv=0.7141±0.0303; n_x=4; mode=shallow; collapsed=False; trees=50; vs_dummy=0.714/0.500; vs_single=e_ar_issued_lag1 0.621748591831251; beats_single=True; folds=0:0.7320,1:0.7545,2:0.7134,3:0.6895,4:0.6808; trees_folds=0:50,1:50,2:50,3:50,4:50; hold_check=0.718233896032665; train=7464/2149/0.2879; worst_d=e_credit_note_ratio_lag1 0.3063242175427291; worst_size=e_ar_issued_lag1 0.46444495658367785; quote=cv5_group_not_holdout; no claimable early-stop number yet; diagnostics only so far"
2026-09-19T00:43,R4,4,410a183a,E,y7_top1_lost,lgbm_y7_core_turn_nofc_d3_n50,cv5_group,auroc_sd,0.0302901,0.3528,"CLOSE; TURNOVER minus f_fc_r_lag3; vs_published=0.663/n_x=278; cv=0.7141±0.0303; n_x=4; mode=shallow; collapsed=False; trees=50; vs_dummy=0.714/0.500; vs_single=e_ar_issued_lag1 0.621748591831251; beats_single=True; folds=0:0.7320,1:0.7545,2:0.7134,3:0.6895,4:0.6808; trees_folds=0:50,1:50,2:50,3:50,4:50; hold_check=0.718233896032665; train=7464/2149/0.2879; worst_d=e_credit_note_ratio_lag1 0.3063242175427291; worst_size=e_ar_issued_lag1 0.46444495658367785; quote=cv5_group_not_holdout; no claimable early-stop number yet; diagnostics only so far"
2026-09-19T00:43,R4,4,410a183a,E+F,y7_top1_lost,lgbm_y7_core_turn_nocn_d3_n50,cv5_group,auroc,0.706921,0.3528,"CLOSE; TURNOVER minus contemporaneous credit-note (keep lag1); vs_published=0.663/n_x=278; cv=0.7069±0.0342; n_x=4; mode=shallow; collapsed=False; trees=50; vs_dummy=0.707/0.500; vs_single=e_ar_issued_lag1 0.621748591831251; beats_single=True; folds=0:0.7301,1:0.7519,2:0.6959,3:0.6917,4:0.6650; trees_folds=0:50,1:50,2:50,3:50,4:50; hold_check=0.7065177646413554; train=7464/2149/0.2879; worst_d=e_credit_note_ratio_lag1 0.3063242175427291; worst_size=e_ar_issued_lag1 0.46444495658367785; quote=cv5_group_not_holdout; no claimable early-stop number yet; diagnostics only so far"
2026-09-19T00:43,R4,4,410a183a,E+F,y7_top1_lost,lgbm_y7_core_turn_nocn_d3_n50,cv5_group,auroc_sd,0.0341871,0.3528,"CLOSE; TURNOVER minus contemporaneous credit-note (keep lag1); vs_published=0.663/n_x=278; cv=0.7069±0.0342; n_x=4; mode=shallow; collapsed=False; trees=50; vs_dummy=0.707/0.500; vs_single=e_ar_issued_lag1 0.621748591831251; beats_single=True; folds=0:0.7301,1:0.7519,2:0.6959,3:0.6917,4:0.6650; trees_folds=0:50,1:50,2:50,3:50,4:50; hold_check=0.7065177646413554; train=7464/2149/0.2879; worst_d=e_credit_note_ratio_lag1 0.3063242175427291; worst_size=e_ar_issued_lag1 0.46444495658367785; quote=cv5_group_not_holdout; no claimable early-stop number yet; diagnostics only so far"
2026-09-19T00:43,R4,4,410a183a,E,y7_top1_lost,lgbm_y7_core_turncv_d3_n50,cv5_group,auroc,0.651014,0.3528,"CLOSE; single issued-lag CV (fold-4 lever, not a size clone); vs_published=0.663/n_x=278; cv=0.6510±0.0337; n_x=1; mode=shallow; collapsed=False; trees=50; vs_dummy=0.651/0.500; vs_single=e_ar_issued_lag_cv 0.626945943578923; beats_single=True; folds=0:0.6811,1:0.6793,2:0.6245,3:0.6636,4:0.6065; trees_folds=0:50,1:50,2:50,3:50,4:50; hold_check=0.6479523432262783; train=7464/2149/0.2879; worst_d=e_ar_issued_lag_cv 0.02231197052854028; worst_size=e_ar_issued_lag_cv 0.016587886852603463; quote=cv5_group_not_holdout; no claimable early-stop number yet; diagnostics only so far"
2026-09-19T00:43,R4,4,410a183a,E,y7_top1_lost,lgbm_y7_core_turncv_d3_n50,cv5_group,auroc_sd,0.033739,0.3528,"CLOSE; single issued-lag CV (fold-4 lever, not a size clone); vs_published=0.663/n_x=278; cv=0.6510±0.0337; n_x=1; mode=shallow; collapsed=False; trees=50; vs_dummy=0.651/0.500; vs_single=e_ar_issued_lag_cv 0.626945943578923; beats_single=True; folds=0:0.6811,1:0.6793,2:0.6245,3:0.6636,4:0.6065; trees_folds=0:50,1:50,2:50,3:50,4:50; hold_check=0.6479523432262783; train=7464/2149/0.2879; worst_d=e_ar_issued_lag_cv 0.02231197052854028; worst_size=e_ar_issued_lag_cv 0.016587886852603463; quote=cv5_group_not_holdout; no claimable early-stop number yet; diagnostics only so far"
2026-09-19T00:51,R4,4,410a183a,E+F,y7_top1_lost,lgbm_y7_core_bhi_d3_n50,cv5_group,auroc,0.695444,0.3528,"CLOSE; B with DSO gated at 1 month (short DSO zeroed; constant, not a fit); vs_published=0.663/n_x=278; cv=0.6954±0.0388; n_x=6; mode=shallow; collapsed=False; trees=50; vs_dummy=0.695/0.500; vs_single=e_ar_issued_lag1 0.6295013756872236; beats_single=True; folds=0:0.6953,1:0.7480,2:0.7094,3:0.6833,4:0.6413; trees_folds=0:50,1:50,2:50,3:50,4:50; hold_check=0.6855536595770614; train=7464/2149/0.2879; worst_d=e_credit_note_ratio_lag1 0.3063242175427291; worst_size=e_ar_issued_lag1 0.46444495658367785; quote=cv5_group_not_holdout; no claimable early-stop number yet; diagnostics only so far"
2026-09-19T00:51,R4,4,410a183a,E+F,y7_top1_lost,lgbm_y7_core_bhi_d3_n50,cv5_group,auroc_sd,0.0388179,0.3528,"CLOSE; B with DSO gated at 1 month (short DSO zeroed; constant, not a fit); vs_published=0.663/n_x=278; cv=0.6954±0.0388; n_x=6; mode=shallow; collapsed=False; trees=50; vs_dummy=0.695/0.500; vs_single=e_ar_issued_lag1 0.6295013756872236; beats_single=True; folds=0:0.6953,1:0.7480,2:0.7094,3:0.6833,4:0.6413; trees_folds=0:50,1:50,2:50,3:50,4:50; hold_check=0.6855536595770614; train=7464/2149/0.2879; worst_d=e_credit_note_ratio_lag1 0.3063242175427291; worst_size=e_ar_issued_lag1 0.46444495658367785; quote=cv5_group_not_holdout; no claimable early-stop number yet; diagnostics only so far"
2026-09-19T00:51,R4,4,410a183a,E+F,y7_top1_lost,lgbm_y7_core_turn3_d3_n50,cv5_group,auroc,0.692863,0.3528,"CLOSE; TURNOVER minus last-month issued (is lag1 needed?); vs_published=0.663/n_x=278; cv=0.6929±0.0322; n_x=4; mode=shallow; collapsed=False; trees=50; vs_dummy=0.693/0.500; vs_single=e_ar_issued_lag_cv 0.626945943578923; beats_single=True; folds=0:0.7175,1:0.7331,2:0.6785,3:0.6826,4:0.6527; trees_folds=0:50,1:50,2:50,3:50,4:50; hold_check=0.7163599244317143; train=7464/2149/0.2879; worst_d=e_credit_note_ratio_lag1 0.3063242175427291; worst_size=e_credit_note_ratio 0.17655808675144755; quote=cv5_group_not_holdout; no claimable early-stop number yet; diagnostics only so far"
2026-09-19T00:51,R4,4,410a183a,E+F,y7_top1_lost,lgbm_y7_core_turn3_d3_n50,cv5_group,auroc_sd,0.0322364,0.3528,"CLOSE; TURNOVER minus last-month issued (is lag1 needed?); vs_published=0.663/n_x=278; cv=0.6929±0.0322; n_x=4; mode=shallow; collapsed=False; trees=50; vs_dummy=0.693/0.500; vs_single=e_ar_issued_lag_cv 0.626945943578923; beats_single=True; folds=0:0.7175,1:0.7331,2:0.6785,3:0.6826,4:0.6527; trees_folds=0:50,1:50,2:50,3:50,4:50; hold_check=0.7163599244317143; train=7464/2149/0.2879; worst_d=e_credit_note_ratio_lag1 0.3063242175427291; worst_size=e_credit_note_ratio 0.17655808675144755; quote=cv5_group_not_holdout; no claimable early-stop number yet; diagnostics only so far"
2026-09-19T00:51,R4,4,410a183a,E+F,y7_top1_lost,lgbm_y7_core_turncncv_d3_n50,cv5_group,auroc,0.720472,0.3528,"CLOSE; TURNOVER plus credit-note lag1/lag3 CV; vs_published=0.663/n_x=278; cv=0.7205±0.0356; n_x=6; mode=shallow; collapsed=False; trees=50; vs_dummy=0.720/0.500; vs_single=e_ar_issued_lag1 0.621748591831251; beats_single=True; folds=0:0.7473,1:0.7641,2:0.7149,3:0.7003,4:0.6757; trees_folds=0:50,1:50,2:50,3:50,4:50; hold_check=0.730513742458407; train=7464/2149/0.2879; worst_d=e_credit_note_ratio_lag1 0.3063242175427291; worst_size=e_ar_issued_lag1 0.46444495658367785; quote=cv5_group_not_holdout; no claimable early-stop number yet; diagnostics only so far"
2026-09-19T00:51,R4,4,410a183a,E+F,y7_top1_lost,lgbm_y7_core_turncncv_d3_n50,cv5_group,auroc_sd,0.035596,0.3528,"CLOSE; TURNOVER plus credit-note lag1/lag3 CV; vs_published=0.663/n_x=278; cv=0.7205±0.0356; n_x=6; mode=shallow; collapsed=False; trees=50; vs_dummy=0.720/0.500; vs_single=e_ar_issued_lag1 0.621748591831251; beats_single=True; folds=0:0.7473,1:0.7641,2:0.7149,3:0.7003,4:0.6757; trees_folds=0:50,1:50,2:50,3:50,4:50; hold_check=0.730513742458407; train=7464/2149/0.2879; worst_d=e_credit_note_ratio_lag1 0.3063242175427291; worst_size=e_ar_issued_lag1 0.46444495658367785; quote=cv5_group_not_holdout; no claimable early-stop number yet; diagnostics only so far"
2026-09-19T00:51,R4,4,410a183a,E+F,y7_top1_lost,lgbm_y7_core_turnhi_d3_n50,cv5_group,auroc,0.717988,0.3528,"CLOSE; TURNOVER plus gated DSO (can stretched-only DSO help fold 4?); vs_published=0.663/n_x=278; cv=0.7180±0.0411; n_x=6; mode=shallow; collapsed=False; trees=50; vs_dummy=0.718/0.500; vs_single=e_ar_issued_lag1 0.621748591831251; beats_single=True; folds=0:0.7403,1:0.7717,2:0.7173,3:0.6971,4:0.6636; trees_folds=0:50,1:50,2:50,3:50,4:50; hold_check=0.720991529038942; train=7464/2149/0.2879; worst_d=e_credit_note_ratio_lag1 0.3063242175427291; worst_size=e_ar_issued_lag1 0.46444495658367785; quote=cv5_group_not_holdout; no claimable early-stop number yet; diagnostics only so far"
2026-09-19T00:51,R4,4,410a183a,E+F,y7_top1_lost,lgbm_y7_core_turnhi_d3_n50,cv5_group,auroc_sd,0.0411493,0.3528,"CLOSE; TURNOVER plus gated DSO (can stretched-only DSO help fold 4?); vs_published=0.663/n_x=278; cv=0.7180±0.0411; n_x=6; mode=shallow; collapsed=False; trees=50; vs_dummy=0.718/0.500; vs_single=e_ar_issued_lag1 0.621748591831251; beats_single=True; folds=0:0.7403,1:0.7717,2:0.7173,3:0.6971,4:0.6636; trees_folds=0:50,1:50,2:50,3:50,4:50; hold_check=0.720991529038942; train=7464/2149/0.2879; worst_d=e_credit_note_ratio_lag1 0.3063242175427291; worst_size=e_ar_issued_lag1 0.46444495658367785; quote=cv5_group_not_holdout; no claimable early-stop number yet; diagnostics only so far"
2026-09-19T00:53,R4,4,d56ee5fe,J,-,verify,train,j_pay_match,0.4560,0.4560,KEEP-Q5; cov_erp=0.712; size_rho=0.000; acf1=0.226; vs_y3=-0.060; not a Y3 X; NaN on 470
2026-09-19T00:53,R4,4,d56ee5fe,J,-,verify,train,j_iss_match,0.5282,0.5282,KEEP-Q5; cov_erp=0.825; size_rho=0.018; acf1=0.262; rho_vs_pay=0.678; keep both
2026-09-19T00:53,R4,4,d56ee5fe,J,-,verify,train,j_has_book,1.0000,1.0000,KEEP-Q5 miss flag; size_rho=-0.015; acf1=0.835 step; 470 stay 0; 156 flip
2026-09-19T00:53,R4,4,d56ee5fe,J,-,verify,train,j_pay_match_t3,0.4517,0.4517,CLOSE not emitted; acf1=0.689 overlap; acf3=-0.003; sum/sum min_periods=3
2026-09-19T00:53,R4,4,d56ee5fe,J,y3_recover_cash_6m,verify,train,j_as_y3_x,-0.060,0.4560,CLOSE as Y3 X; KEEP as Q5 diagnostic; n_paid Y3 raw -0.142 dies after size residual ~0
2026-09-19T00:55,R4,4,f248c993,A+B+C+D+E+G+H,y4_ds_r_double,xgb_y4_es400,cv5_group,auroc,0.585018,0.1120,"PARK; Y5 protocol copy: 400 trees, max_depth=4, early-stop 40; q3_turning/q5_why; never F; drop a_fin_cost*,a_debt*,m_debt*; lags=1,3; n_x=241; trees_median=41; collapsed=True; cv=0.5850±0.0389; dummy=0.500; single=d_n_supp_lag3 0.5084; gap_single=0.07662422820135384; leak_max_abs_rho=0.41098331999784515; size_auroc=0.4928792578880667; hold_n_pos=16 LOW_POWER; trees collapsed to <= 10; do not KEEP a 400+ES collapse (run 50/depth-3)"
2026-09-19T00:55,R4,4,f248c993,A+B+C+D+E+G+H,y4_ds_r_double,xgb_y4_es400,cv5_group,auroc_sd,0.0388626,0.1120,"PARK; Y5 protocol copy: 400 trees, max_depth=4, early-stop 40; q3_turning/q5_why; never F; drop a_fin_cost*,a_debt*,m_debt*; lags=1,3; n_x=241; trees_median=41; collapsed=True; cv=0.5850±0.0389; dummy=0.500; single=d_n_supp_lag3 0.5084; gap_single=0.07662422820135384; leak_max_abs_rho=0.41098331999784515; size_auroc=0.4928792578880667; hold_n_pos=16 LOW_POWER; trees collapsed to <= 10; do not KEEP a 400+ES collapse (run 50/depth-3)"
2026-09-19T00:55,R4,4,f248c993,A+B+C+D+E+G+H,y4_ds_r_double,dummy_prior,cv5_group,auroc,0.5,0.1120,constant 0.50; DummyClassifier prior on each train fold
2026-09-19T00:55,R4,4,f248c993,D,y4_ds_r_double,single_d_n_supp_lag3,cv5_group,auroc,0.508394,0.1120,"per-fold train pick among allowed X; most=d_n_supp_lag3; counts={'e_ap_open': 1, 'd_n_supp_lag3': 2, 'd_cust_top1_lag3': 1, 'd_cust_top1_lag1': 1}"
2026-09-19T00:55,R4,4,f248c993,A+B+C+D+E+G+H,y4_ds_r_double,xgb_y4_es400,holdout,auroc,0.467437,1.0000,LOW_POWER check only; n_pos=16; not used for KEEP/PARK; PARK
2026-09-19T00:55,R4,4,f248c993,A+B+C+D+E+G+H,y4_ds_r_double,xgb_y4_d3_n50,cv5_group,auroc,0.560752,0.1120,"KEEP; diagnostic 50 trees, max_depth=3 (use if 400+ES collapses); q3_turning/q5_why; never F; drop a_fin_cost*,a_debt*,m_debt*; lags=1,3; n_x=241; trees_median=50; collapsed=False; cv=0.5608±0.0497; dummy=0.500; single=d_n_supp_lag3 0.5084; gap_single=0.0523580809414802; leak_max_abs_rho=0.41098331999784515; size_auroc=0.4928792578880667; hold_n_pos=16 LOW_POWER; CV 0.561 >= single 0.508 + 0.02 and beats dummy"
2026-09-19T00:55,R4,4,f248c993,A+B+C+D+E+G+H,y4_ds_r_double,xgb_y4_d3_n50,cv5_group,auroc_sd,0.0496857,0.1120,"KEEP; diagnostic 50 trees, max_depth=3 (use if 400+ES collapses); q3_turning/q5_why; never F; drop a_fin_cost*,a_debt*,m_debt*; lags=1,3; n_x=241; trees_median=50; collapsed=False; cv=0.5608±0.0497; dummy=0.500; single=d_n_supp_lag3 0.5084; gap_single=0.0523580809414802; leak_max_abs_rho=0.41098331999784515; size_auroc=0.4928792578880667; hold_n_pos=16 LOW_POWER; CV 0.561 >= single 0.508 + 0.02 and beats dummy"
2026-09-19T00:55,R4,4,f248c993,A+B+C+D+E+G+H,y4_ds_r_double,dummy_prior,cv5_group,auroc,0.5,0.1120,constant 0.50; DummyClassifier prior on each train fold
2026-09-19T00:55,R4,4,f248c993,D,y4_ds_r_double,single_d_n_supp_lag3,cv5_group,auroc,0.508394,0.1120,"per-fold train pick among allowed X; most=d_n_supp_lag3; counts={'e_ap_open': 1, 'd_n_supp_lag3': 2, 'd_cust_top1_lag3': 1, 'd_cust_top1_lag1': 1}"
2026-09-19T00:55,R4,4,f248c993,A+B+C+D+E+G+H,y4_ds_r_double,xgb_y4_d3_n50,holdout,auroc,0.467437,1.0000,LOW_POWER check only; n_pos=16; not used for KEEP/PARK; KEEP
2026-09-19T00:56,R4,4,f248c993,A+B+C+D+E+G+H,y4_ds_r_double,lgb_y4_d3_n50,cv5_group,auroc,0.539591,0.1120,"KEEP; LightGBM shallow twin of the 50 / depth-3 spec; q3_turning/q5_why; never F; drop a_fin_cost*,a_debt*,m_debt*; lags=1,3; n_x=241; trees_median=50; collapsed=False; cv=0.5396±0.0429; dummy=0.500; single=d_n_supp_lag3 0.5084; gap_single=0.031196833759571718; leak_max_abs_rho=0.41098331999784515; size_auroc=0.4928792578880667; hold_n_pos=16 LOW_POWER; CV 0.540 >= single 0.508 + 0.02 and beats dummy"
2026-09-19T00:56,R4,4,f248c993,A+B+C+D+E+G+H,y4_ds_r_double,lgb_y4_d3_n50,cv5_group,auroc_sd,0.0428528,0.1120,"KEEP; LightGBM shallow twin of the 50 / depth-3 spec; q3_turning/q5_why; never F; drop a_fin_cost*,a_debt*,m_debt*; lags=1,3; n_x=241; trees_median=50; collapsed=False; cv=0.5396±0.0429; dummy=0.500; single=d_n_supp_lag3 0.5084; gap_single=0.031196833759571718; leak_max_abs_rho=0.41098331999784515; size_auroc=0.4928792578880667; hold_n_pos=16 LOW_POWER; CV 0.540 >= single 0.508 + 0.02 and beats dummy"
2026-09-19T00:56,R4,4,f248c993,A+B+C+D+E+G+H,y4_ds_r_double,dummy_prior,cv5_group,auroc,0.5,0.1120,constant 0.50; DummyClassifier prior on each train fold
2026-09-19T00:56,R4,4,f248c993,D,y4_ds_r_double,single_d_n_supp_lag3,cv5_group,auroc,0.508394,0.1120,"per-fold train pick among allowed X; most=d_n_supp_lag3; counts={'e_ap_open': 1, 'd_n_supp_lag3': 2, 'd_cust_top1_lag3': 1, 'd_cust_top1_lag1': 1}"
2026-09-19T00:56,R4,4,f248c993,A+B+C+D+E+G+H,y4_ds_r_double,lgb_y4_d3_n50,holdout,auroc,0.479254,1.0000,LOW_POWER check only; n_pos=16; not used for KEEP/PARK; KEEP
2026-09-19T00:56,R4,4,f248c993,A+B+C+D+E+G+H,y4_ds_r_double,xgb_y4_d3_n50_nosize,cv5_group,auroc,0.550869,0.1120,"KEEP; 50 / depth-3 after dropping raw euro SIZE stems; q3_turning/q5_why; never F; drop a_fin_cost*,a_debt*,m_debt*; lags=1,3; n_x=199; trees_median=50; collapsed=False; cv=0.5509±0.0475; dummy=0.500; single=d_n_supp_lag3 0.5084; gap_single=0.042474794525811155; leak_max_abs_rho=0.41098331999784515; size_auroc=0.4928792578880667; hold_n_pos=16 LOW_POWER; CV 0.551 >= single 0.508 + 0.02 and beats dummy"
2026-09-19T00:56,R4,4,f248c993,A+B+C+D+E+G+H,y4_ds_r_double,xgb_y4_d3_n50_nosize,cv5_group,auroc_sd,0.0475247,0.1120,"KEEP; 50 / depth-3 after dropping raw euro SIZE stems; q3_turning/q5_why; never F; drop a_fin_cost*,a_debt*,m_debt*; lags=1,3; n_x=199; trees_median=50; collapsed=False; cv=0.5509±0.0475; dummy=0.500; single=d_n_supp_lag3 0.5084; gap_single=0.042474794525811155; leak_max_abs_rho=0.41098331999784515; size_auroc=0.4928792578880667; hold_n_pos=16 LOW_POWER; CV 0.551 >= single 0.508 + 0.02 and beats dummy"
2026-09-19T00:56,R4,4,f248c993,A+B+C+D+E+G+H,y4_ds_r_double,dummy_prior,cv5_group,auroc,0.5,0.1120,constant 0.50; DummyClassifier prior on each train fold
2026-09-19T00:56,R4,4,f248c993,D,y4_ds_r_double,single_d_n_supp_lag3,cv5_group,auroc,0.508394,0.1120,"per-fold train pick among allowed X; most=d_n_supp_lag3; counts={'e_ap_open': 1, 'd_n_supp_lag3': 2, 'd_cust_top1_lag3': 1, 'd_cust_top1_lag1': 1}"
2026-09-19T00:56,R4,4,f248c993,A+B+C+D+E+G+H,y4_ds_r_double,xgb_y4_d3_n50_nosize,holdout,auroc,0.455357,1.0000,LOW_POWER check only; n_pos=16; not used for KEEP/PARK; KEEP
2026-09-19T00:57,R4,4,f248c993,A+B+C+D+E+G+H,y4_ds_r_double,lgb_y4_d3_n50_nosize,cv5_group,auroc,0.543635,0.1120,"KEEP; LightGBM shallow twin, no raw euro SIZE stems; q3_turning/q5_why; never F; drop a_fin_cost*,a_debt*,m_debt*; lags=1,3; n_x=190; trees_median=50; collapsed=False; cv=0.5436±0.0415; dummy=0.500; single=d_n_supp_lag3 0.5084; gap_single=0.03524144753377112; leak_max_abs_rho=0.41098331999784515; size_auroc=0.4928792578880667; hold_n_pos=16 LOW_POWER; CV 0.544 >= single 0.508 + 0.02 and beats dummy"
2026-09-19T00:57,R4,4,f248c993,A+B+C+D+E+G+H,y4_ds_r_double,lgb_y4_d3_n50_nosize,cv5_group,auroc_sd,0.0414549,0.1120,"KEEP; LightGBM shallow twin, no raw euro SIZE stems; q3_turning/q5_why; never F; drop a_fin_cost*,a_debt*,m_debt*; lags=1,3; n_x=190; trees_median=50; collapsed=False; cv=0.5436±0.0415; dummy=0.500; single=d_n_supp_lag3 0.5084; gap_single=0.03524144753377112; leak_max_abs_rho=0.41098331999784515; size_auroc=0.4928792578880667; hold_n_pos=16 LOW_POWER; CV 0.544 >= single 0.508 + 0.02 and beats dummy"
2026-09-19T00:57,R4,4,f248c993,A+B+C+D+E+G+H,y4_ds_r_double,dummy_prior,cv5_group,auroc,0.5,0.1120,constant 0.50; DummyClassifier prior on each train fold
2026-09-19T00:57,R4,4,f248c993,D,y4_ds_r_double,single_d_n_supp_lag3,cv5_group,auroc,0.508394,0.1120,"per-fold train pick among allowed X; most=d_n_supp_lag3; counts={'e_ap_open': 1, 'd_n_supp_lag3': 2, 'd_cust_top1_lag3': 1, 'd_cust_top1_lag1': 1}"
2026-09-19T00:57,R4,4,f248c993,A+B+C+D+E+G+H,y4_ds_r_double,lgb_y4_d3_n50_nosize,holdout,auroc,0.481092,1.0000,LOW_POWER check only; n_pos=16; not used for KEEP/PARK; KEEP
2026-09-19T00:57,R4,4,f248c993,A+B+C+D+E+G+H,y4_ds_r_double,xgb_y4_d3_n50_ratios,cv5_group,auroc,0.50948,0.1120,"PARK; 50 / depth-3; drop euro SIZE and activity/group counts; q3_turning/q5_why; never F; drop a_fin_cost*,a_debt*,m_debt*; lags=1,3; n_x=146; trees_median=50; collapsed=False; cv=0.5095±0.0627; dummy=0.500; single=d_cust_lost_lag3 0.5598; gap_single=-0.050328806111570534; leak_max_abs_rho=0.3898910211650744; size_auroc=0.4928792578880667; hold_n_pos=16 LOW_POWER; CV 0.509 loses to single 0.560 by 0.050"
2026-09-19T00:57,R4,4,f248c993,A+B+C+D+E+G+H,y4_ds_r_double,xgb_y4_d3_n50_ratios,cv5_group,auroc_sd,0.0627177,0.1120,"PARK; 50 / depth-3; drop euro SIZE and activity/group counts; q3_turning/q5_why; never F; drop a_fin_cost*,a_debt*,m_debt*; lags=1,3; n_x=146; trees_median=50; collapsed=False; cv=0.5095±0.0627; dummy=0.500; single=d_cust_lost_lag3 0.5598; gap_single=-0.050328806111570534; leak_max_abs_rho=0.3898910211650744; size_auroc=0.4928792578880667; hold_n_pos=16 LOW_POWER; CV 0.509 loses to single 0.560 by 0.050"
2026-09-19T00:57,R4,4,f248c993,A+B+C+D+E+G+H,y4_ds_r_double,dummy_prior,cv5_group,auroc,0.5,0.1120,constant 0.50; DummyClassifier prior on each train fold
2026-09-19T00:57,R4,4,f248c993,D,y4_ds_r_double,single_d_cust_lost_lag3,cv5_group,auroc,0.559809,0.1120,"per-fold train pick among allowed X; most=d_cust_lost_lag3; counts={'d_cust_lost_lag3': 2, 'd_cust_hhi_lag1': 1, 'd_cust_top1_lag3': 1, 'd_cust_top1_lag1': 1}"
2026-09-19T00:57,R4,4,f248c993,A+B+C+D+E+G+H,y4_ds_r_double,xgb_y4_d3_n50_ratios,holdout,auroc,0.502626,1.0000,LOW_POWER check only; n_pos=16; not used for KEEP/PARK; PARK
2026-09-19T00:58,R4,4,f248c993,A+B+C+D+E+G+H,y4_ds_r_double,xgb_y4_es400,cv5_group,auroc,0.585018,0.1120,"PARK; Y5 protocol copy: 400 trees, max_depth=4, early-stop 40; q3_turning/q5_why; never F; drop a_fin_cost*,a_debt*,m_debt*; lags=1,3; n_x=241; trees_median=41; collapsed=True; cv=0.5850±0.0389; dummy=0.500; single_oof=d_cust_hhi_lag3 0.6047; single_pick=d_n_supp_lag3 0.5083939886698344; gap_single=-0.01965574188068353; leak_max_abs_rho=0.41098331999784515; size_auroc=0.4928792578880667; hold_n_pos=16 LOW_POWER; trees collapsed to <= 10; do not KEEP a 400+ES collapse (run 50/depth-3)"
2026-09-19T00:58,R4,4,f248c993,A+B+C+D+E+G+H,y4_ds_r_double,xgb_y4_es400,cv5_group,auroc_sd,0.0388626,0.1120,"PARK; Y5 protocol copy: 400 trees, max_depth=4, early-stop 40; q3_turning/q5_why; never F; drop a_fin_cost*,a_debt*,m_debt*; lags=1,3; n_x=241; trees_median=41; collapsed=True; cv=0.5850±0.0389; dummy=0.500; single_oof=d_cust_hhi_lag3 0.6047; single_pick=d_n_supp_lag3 0.5083939886698344; gap_single=-0.01965574188068353; leak_max_abs_rho=0.41098331999784515; size_auroc=0.4928792578880667; hold_n_pos=16 LOW_POWER; trees collapsed to <= 10; do not KEEP a 400+ES collapse (run 50/depth-3)"
2026-09-19T00:58,R4,4,f248c993,A+B+C+D+E+G+H,y4_ds_r_double,dummy_prior,cv5_group,auroc,0.5,0.1120,constant 0.50; DummyClassifier prior on each train fold
2026-09-19T00:58,R4,4,f248c993,D,y4_ds_r_double,single_d_cust_hhi_lag3,cv5_group,auroc,0.604674,0.1120,"per-fold train pick among allowed X; most=d_cust_hhi_lag3; counts={'e_ap_open': 1, 'd_n_supp_lag3': 2, 'd_cust_top1_lag3': 1, 'd_cust_top1_lag1': 1}"
2026-09-19T00:58,R4,4,f248c993,A+B+C+D+E+G+H,y4_ds_r_double,xgb_y4_es400,holdout,auroc,0.467437,1.0000,LOW_POWER check only; n_pos=16; not used for KEEP/PARK; PARK
2026-09-19T00:58,R4,4,f248c993,A+B+C+D+E+G+H,y4_ds_r_double,xgb_y4_d3_n50,cv5_group,auroc,0.560752,0.1120,"PARK; diagnostic 50 trees, max_depth=3 (use if 400+ES collapses); q3_turning/q5_why; never F; drop a_fin_cost*,a_debt*,m_debt*; lags=1,3; n_x=241; trees_median=50; collapsed=False; cv=0.5608±0.0497; dummy=0.500; single_oof=d_cust_hhi_lag3 0.6047; single_pick=d_n_supp_lag3 0.5083939886698344; gap_single=-0.04392188914055717; leak_max_abs_rho=0.41098331999784515; size_auroc=0.4928792578880667; hold_n_pos=16 LOW_POWER; CV 0.561 loses to single 0.605 by 0.044"
2026-09-19T00:58,R4,4,f248c993,A+B+C+D+E+G+H,y4_ds_r_double,xgb_y4_d3_n50,cv5_group,auroc_sd,0.0496857,0.1120,"PARK; diagnostic 50 trees, max_depth=3 (use if 400+ES collapses); q3_turning/q5_why; never F; drop a_fin_cost*,a_debt*,m_debt*; lags=1,3; n_x=241; trees_median=50; collapsed=False; cv=0.5608±0.0497; dummy=0.500; single_oof=d_cust_hhi_lag3 0.6047; single_pick=d_n_supp_lag3 0.5083939886698344; gap_single=-0.04392188914055717; leak_max_abs_rho=0.41098331999784515; size_auroc=0.4928792578880667; hold_n_pos=16 LOW_POWER; CV 0.561 loses to single 0.605 by 0.044"
2026-09-19T00:58,R4,4,f248c993,A+B+C+D+E+G+H,y4_ds_r_double,dummy_prior,cv5_group,auroc,0.5,0.1120,constant 0.50; DummyClassifier prior on each train fold
2026-09-19T00:58,R4,4,f248c993,D,y4_ds_r_double,single_d_cust_hhi_lag3,cv5_group,auroc,0.604674,0.1120,"per-fold train pick among allowed X; most=d_cust_hhi_lag3; counts={'e_ap_open': 1, 'd_n_supp_lag3': 2, 'd_cust_top1_lag3': 1, 'd_cust_top1_lag1': 1}"
2026-09-19T00:58,R4,4,f248c993,A+B+C+D+E+G+H,y4_ds_r_double,xgb_y4_d3_n50,holdout,auroc,0.467437,1.0000,LOW_POWER check only; n_pos=16; not used for KEEP/PARK; PARK
2026-09-19T00:58,R4,4,f248c993,A+B+C+D+E+G+H,y4_ds_r_double,xgb_y4_d3_n50_d,cv5_group,auroc,0.491772,0.1120,"PARK; 50 / depth-3, family D only (best OOF singles live here); q3_turning/q5_why; never F; drop a_fin_cost*,a_debt*,m_debt*; lags=1,3; n_x=27; trees_median=50; collapsed=False; cv=0.4918±0.0385; dummy=0.500; single_oof=d_cust_hhi_lag3 0.6047; single_pick=d_n_supp_lag3 0.5405146500874514; gap_single=-0.11290150450545178; leak_max_abs_rho=0.23355945382696; size_auroc=0.4928792578880667; hold_n_pos=16 LOW_POWER; CV 0.492 does not beat dummy 0.500"
2026-09-19T00:58,R4,4,f248c993,A+B+C+D+E+G+H,y4_ds_r_double,xgb_y4_d3_n50_d,cv5_group,auroc_sd,0.0385096,0.1120,"PARK; 50 / depth-3, family D only (best OOF singles live here); q3_turning/q5_why; never F; drop a_fin_cost*,a_debt*,m_debt*; lags=1,3; n_x=27; trees_median=50; collapsed=False; cv=0.4918±0.0385; dummy=0.500; single_oof=d_cust_hhi_lag3 0.6047; single_pick=d_n_supp_lag3 0.5405146500874514; gap_single=-0.11290150450545178; leak_max_abs_rho=0.23355945382696; size_auroc=0.4928792578880667; hold_n_pos=16 LOW_POWER; CV 0.492 does not beat dummy 0.500"
2026-09-19T00:58,R4,4,f248c993,A+B+C+D+E+G+H,y4_ds_r_double,dummy_prior,cv5_group,auroc,0.5,0.1120,constant 0.50; DummyClassifier prior on each train fold
2026-09-19T00:58,R4,4,f248c993,D,y4_ds_r_double,single_d_cust_hhi_lag3,cv5_group,auroc,0.604674,0.1120,"per-fold train pick among allowed X; most=d_cust_hhi_lag3; counts={'d_cust_lost_lag3': 1, 'd_n_supp_lag3': 2, 'd_cust_top1_lag3': 1, 'd_cust_top1_lag1': 1}"
2026-09-19T00:58,R4,4,f248c993,A+B+C+D+E+G+H,y4_ds_r_double,xgb_y4_d3_n50_d,holdout,auroc,0.50105,1.0000,LOW_POWER check only; n_pos=16; not used for KEEP/PARK; PARK
2026-09-19T00:59,R4,4,f248c993,A+B+C+D+E+G+H,y4_ds_r_double,lgb_y4_d3_n50,cv5_group,auroc,0.539591,0.1120,"PARK; LightGBM shallow twin of the 50 / depth-3 spec; q3_turning/q5_why; never F; drop a_fin_cost*,a_debt*,m_debt*; lags=1,3; n_x=241; trees_median=50; collapsed=False; cv=0.5396±0.0429; dummy=0.500; single_oof=d_cust_hhi_lag3 0.6047; single_pick=d_n_supp_lag3 0.5083939886698344; gap_single=-0.06508313632246565; leak_max_abs_rho=0.41098331999784515; size_auroc=0.4928792578880667; hold_n_pos=16 LOW_POWER; CV 0.540 loses to single 0.605 by 0.065"
2026-09-19T00:59,R4,4,f248c993,A+B+C+D+E+G+H,y4_ds_r_double,lgb_y4_d3_n50,cv5_group,auroc_sd,0.0428528,0.1120,"PARK; LightGBM shallow twin of the 50 / depth-3 spec; q3_turning/q5_why; never F; drop a_fin_cost*,a_debt*,m_debt*; lags=1,3; n_x=241; trees_median=50; collapsed=False; cv=0.5396±0.0429; dummy=0.500; single_oof=d_cust_hhi_lag3 0.6047; single_pick=d_n_supp_lag3 0.5083939886698344; gap_single=-0.06508313632246565; leak_max_abs_rho=0.41098331999784515; size_auroc=0.4928792578880667; hold_n_pos=16 LOW_POWER; CV 0.540 loses to single 0.605 by 0.065"
2026-09-19T00:59,R4,4,f248c993,A+B+C+D+E+G+H,y4_ds_r_double,dummy_prior,cv5_group,auroc,0.5,0.1120,constant 0.50; DummyClassifier prior on each train fold
2026-09-19T00:59,R4,4,f248c993,D,y4_ds_r_double,single_d_cust_hhi_lag3,cv5_group,auroc,0.604674,0.1120,"per-fold train pick among allowed X; most=d_cust_hhi_lag3; counts={'e_ap_open': 1, 'd_n_supp_lag3': 2, 'd_cust_top1_lag3': 1, 'd_cust_top1_lag1': 1}"
2026-09-19T00:59,R4,4,f248c993,A+B+C+D+E+G+H,y4_ds_r_double,lgb_y4_d3_n50,holdout,auroc,0.479254,1.0000,LOW_POWER check only; n_pos=16; not used for KEEP/PARK; PARK
2026-09-19T01:01,R4,4,f248c993,A+B+C+D+E+G+H,y4_ds_r_double,zavg_d_hhi_supp,cv5_group,auroc,0.633833,0.1120,"PARK; not a tree: train-only signed z-average of d_cust_hhi_lag3 (+) and d_n_supp_lag3; next idea, not XGB KEEP; q3_turning/q5_why; never F; drop a_fin_cost*,a_debt*,m_debt*; lags=1,3; n_x=2; trees_median=0; collapsed=False; cv=0.6338±0.0760; dummy=0.500; single_oof=d_cust_hhi_lag3 0.6047; single_pick=d_cust_hhi_lag3 0.6046739587518718; gap_single=0.029159146196892638; leak_max_abs_rho=0.23355945382696; size_auroc=0.4928792578880667; hold_n_pos=16 LOW_POWER; zavg CV 0.634 vs single 0.605 — reproducible next idea, not an XGB/LGBM KEEP"
2026-09-19T01:01,R4,4,f248c993,A+B+C+D+E+G+H,y4_ds_r_double,zavg_d_hhi_supp,cv5_group,auroc_sd,0.0760394,0.1120,"PARK; not a tree: train-only signed z-average of d_cust_hhi_lag3 (+) and d_n_supp_lag3; next idea, not XGB KEEP; q3_turning/q5_why; never F; drop a_fin_cost*,a_debt*,m_debt*; lags=1,3; n_x=2; trees_median=0; collapsed=False; cv=0.6338±0.0760; dummy=0.500; single_oof=d_cust_hhi_lag3 0.6047; single_pick=d_cust_hhi_lag3 0.6046739587518718; gap_single=0.029159146196892638; leak_max_abs_rho=0.23355945382696; size_auroc=0.4928792578880667; hold_n_pos=16 LOW_POWER; zavg CV 0.634 vs single 0.605 — reproducible next idea, not an XGB/LGBM KEEP"
2026-09-19T01:01,R4,4,f248c993,A+B+C+D+E+G+H,y4_ds_r_double,dummy_prior,cv5_group,auroc,0.5,0.1120,constant 0.50; DummyClassifier prior on each train fold
2026-09-19T01:01,R4,4,f248c993,D,y4_ds_r_double,single_d_cust_hhi_lag3,cv5_group,auroc,0.604674,0.1120,per-fold train pick among allowed X; most=d_cust_hhi_lag3; counts={}
2026-09-19T01:01,R4,4,f248c993,A+B+C+D+E+G+H,y4_ds_r_double,zavg_d_hhi_supp,holdout,auroc,0.368421,,LOW_POWER check only; n_pos=16; not used for KEEP/PARK; PARK
2026-09-19T01:02,R4,4,14d1bb47,-,y10_new_loc_after_stress,verify,train,base_rate,0.016490,0.5990,PARK; base=0.0165; two_sided=0.681; in3=0.687; n_pos=209; numeric_ok=False; holdout excluded; no targets.parquet write
2026-09-19T01:02,R4,4,14d1bb47,-,y10_new_loc_after_stress,verify,train,size_auroc,0.681466,0.5990,PARK; base=0.0165; two_sided=0.681; in3=0.687; n_pos=209; numeric_ok=False; holdout excluded; no targets.parquet write
2026-09-19T01:02,R4,4,14d1bb47,-,y10_loc_book_then_fees,verify,train,base_rate,0.150485,0.0584,CLOSE; base=0.1505; two_sided=0.539; in3=0.564; n_pos=186; numeric_ok=True; holdout excluded; no targets.parquet write
2026-09-19T01:02,R4,4,14d1bb47,-,y10_loc_book_then_fees,verify,train,size_auroc,0.538559,0.0584,CLOSE; base=0.1505; two_sided=0.539; in3=0.564; n_pos=186; numeric_ok=True; holdout excluded; no targets.parquet write
2026-09-19T01:02,R4,4,14d1bb47,-,y10_ogtg_last_month,verify,train,base_rate,0.026359,0.0574,PARK; base=0.0264; two_sided=0.664; in3=0.683; n_pos=32; numeric_ok=False; holdout excluded; no targets.parquet write
2026-09-19T01:02,R4,4,14d1bb47,-,y10_ogtg_last_month,verify,train,size_auroc,0.664419,0.0574,PARK; base=0.0264; two_sided=0.664; in3=0.683; n_pos=32; numeric_ok=False; holdout excluded; no targets.parquet write
2026-09-19T01:02,R4,4,14d1bb47,-,y10_add_loc_6m,verify,train,base_rate,0.098864,0.0708,PARK; base=0.0989; two_sided=0.611; in3=0.595; n_pos=148; numeric_ok=False; holdout excluded; no targets.parquet write
2026-09-19T01:02,R4,4,14d1bb47,-,y10_add_loc_6m,verify,train,size_auroc,0.610615,0.0708,PARK; base=0.0989; two_sided=0.611; in3=0.595; n_pos=148; numeric_ok=False; holdout excluded; no targets.parquet write
2026-09-19T01:02,R4,4,14d1bb47,-,y10_loc_then_int_ownp80,verify,train,base_rate,0.144822,0.0584,ACCEPTED; base=0.1448; two_sided=0.508; in3=0.534; n_pos=179; numeric_ok=True; holdout excluded; no targets.parquet write
2026-09-19T01:02,R4,4,14d1bb47,-,y10_loc_then_int_ownp80,verify,train,size_auroc,0.507637,0.0584,ACCEPTED; base=0.1448; two_sided=0.508; in3=0.534; n_pos=179; numeric_ok=True; holdout excluded; no targets.parquet write
2026-09-19T01:04,R4,4,14d1bb47,-,y10_loc_then_int_spike,verify,train,base_rate,0.175556,0.0425,ACCEPTED; base=0.1756; two_sided=0.520; in3=0.553; n_pos=158; numeric_ok=True; holdout excluded; no targets.parquet write
2026-09-19T01:04,R4,4,14d1bb47,-,y10_loc_then_int_spike,verify,train,size_auroc,0.479946,0.0425,ACCEPTED; base=0.1756; two_sided=0.520; in3=0.553; n_pos=158; numeric_ok=True; holdout excluded; no targets.parquet write
2026-09-19T01:04,R4,4,f248c993,A+B+C+D+E+G+H,y4_ds_r_double,xgb_y4_d3_n50_d2,cv5_group,auroc,0.514544,0.1120,"PARK; 50 / depth-3 on d_cust_hhi + d_n_supp and lags only; q3_turning/q5_why; never F; drop a_fin_cost*,a_debt*,m_debt*; lags=1,3; n_x=6; trees_median=50; collapsed=False; cv=0.5145±0.0278; dummy=0.500; single_oof=d_cust_hhi_lag3 0.6047; single_pick=d_n_supp_lag3 0.5481871337381196; gap_single=-0.09013042273468796; leak_max_abs_rho=0.23355945382696; size_auroc=0.4928792578880667; hold_n_pos=16 LOW_POWER; CV 0.515 loses to single 0.605 by 0.090"
2026-09-19T01:04,R4,4,f248c993,A+B+C+D+E+G+H,y4_ds_r_double,xgb_y4_d3_n50_d2,cv5_group,auroc_sd,0.0278061,0.1120,"PARK; 50 / depth-3 on d_cust_hhi + d_n_supp and lags only; q3_turning/q5_why; never F; drop a_fin_cost*,a_debt*,m_debt*; lags=1,3; n_x=6; trees_median=50; collapsed=False; cv=0.5145±0.0278; dummy=0.500; single_oof=d_cust_hhi_lag3 0.6047; single_pick=d_n_supp_lag3 0.5481871337381196; gap_single=-0.09013042273468796; leak_max_abs_rho=0.23355945382696; size_auroc=0.4928792578880667; hold_n_pos=16 LOW_POWER; CV 0.515 loses to single 0.605 by 0.090"
2026-09-19T01:04,R4,4,f248c993,A+B+C+D+E+G+H,y4_ds_r_double,dummy_prior,cv5_group,auroc,0.5,0.1120,constant 0.50; DummyClassifier prior on each train fold
2026-09-19T01:04,R4,4,f248c993,D,y4_ds_r_double,single_d_cust_hhi_lag3,cv5_group,auroc,0.604674,0.1120,"per-fold train pick among allowed X; most=d_cust_hhi_lag3; counts={'d_n_supp_lag1': 1, 'd_n_supp_lag3': 2, 'd_cust_hhi_lag3': 1, 'd_cust_hhi_lag1': 1}"
2026-09-19T01:04,R4,4,f248c993,A+B+C+D+E+G+H,y4_ds_r_double,xgb_y4_d3_n50_d2,holdout,auroc,0.465861,1.0000,LOW_POWER check only; n_pos=16; not used for KEEP/PARK; PARK
2026-09-19T01:10,R4,4,88f17954,A+C+F,y3_recover_cash_6m,lgbm_y3_core_shap_d3_n50,cv5_group,auroc,0.751971,0.2670,"CLOSE; reproduce shallow-A 15-col; 50 / depth-3; never B; vs_quoted_shallowA=0.752; cv=0.7520±0.0366; n_x=15; mode=shallow; trees=50; collapsed=False; extra=none; lag_extra=False; vs_0752=-0.0000; vs_single=c_n_days_with_tx 0.7114423276043065; folds=0:0.6891,1:0.7804,2:0.7691,3:0.7518,4:0.7695; train=5648/402/0.0712; quote=cv5_group_not_holdout; merge_i=False; no extra-col set reaches 0.772; within 0.02 of 0.752 is no real lift — do not merge I (best add_i_dso_x_dsr=0.7542)"
2026-09-19T01:10,R4,4,88f17954,A+C+F,y3_recover_cash_6m,lgbm_y3_core_shap_d3_n50,cv5_group,auroc_sd,0.0366165,0.2670,"CLOSE; reproduce shallow-A 15-col; 50 / depth-3; never B; vs_quoted_shallowA=0.752; cv=0.7520±0.0366; n_x=15; mode=shallow; trees=50; collapsed=False; extra=none; lag_extra=False; vs_0752=-0.0000; vs_single=c_n_days_with_tx 0.7114423276043065; folds=0:0.6891,1:0.7804,2:0.7691,3:0.7518,4:0.7695; train=5648/402/0.0712; quote=cv5_group_not_holdout; merge_i=False; no extra-col set reaches 0.772; within 0.02 of 0.752 is no real lift — do not merge I (best add_i_dso_x_dsr=0.7542)"
2026-09-19T01:10,R4,4,88f17954,A+C+F+I,y3_recover_cash_6m,lgbm_y3_i_shap_d3_n50,cv5_group,auroc,0.752156,0.2670,"CLOSE; 15-col + SHAP pairs i_transfer_x_ss + i_transfer_x_salary (t-only); vs_quoted_shallowA=0.752; cv=0.7522±0.0305; n_x=17; mode=shallow; trees=50; collapsed=False; extra=i_transfer_x_ss,i_transfer_x_salary; lag_extra=False; vs_0752=+0.0002; vs_single=c_n_days_with_tx 0.7114423276043065; folds=0:0.6992,1:0.7714,2:0.7720,3:0.7538,4:0.7644; train=5648/402/0.0712; quote=cv5_group_not_holdout; merge_i=False; no extra-col set reaches 0.772; within 0.02 of 0.752 is no real lift — do not merge I (best add_i_dso_x_dsr=0.7542)"
2026-09-19T01:10,R4,4,88f17954,A+C+F+I,y3_recover_cash_6m,lgbm_y3_i_shap_d3_n50,cv5_group,auroc_sd,0.0305011,0.2670,"CLOSE; 15-col + SHAP pairs i_transfer_x_ss + i_transfer_x_salary (t-only); vs_quoted_shallowA=0.752; cv=0.7522±0.0305; n_x=17; mode=shallow; trees=50; collapsed=False; extra=i_transfer_x_ss,i_transfer_x_salary; lag_extra=False; vs_0752=+0.0002; vs_single=c_n_days_with_tx 0.7114423276043065; folds=0:0.6992,1:0.7714,2:0.7720,3:0.7538,4:0.7644; train=5648/402/0.0712; quote=cv5_group_not_holdout; merge_i=False; no extra-col set reaches 0.772; within 0.02 of 0.752 is no real lift — do not merge I (best add_i_dso_x_dsr=0.7542)"
2026-09-19T01:10,R4,4,88f17954,A+C+F+I,y3_recover_cash_6m,lgbm_y3_i_legal_d3_n50,cv5_group,auroc,0.752381,0.2670,"CLOSE; A + other legal i_* that passed SIZE/NZV/B-leak screens (t-only); vs_quoted_shallowA=0.752; cv=0.7524±0.0181; n_x=23; mode=shallow; trees=50; collapsed=False; extra=i_transfer_x_ss,i_transfer_x_salary,i_io_x_zeroin,i_dso_x_dsr,i_gap_x_supphhi,i_io_x_dsr,i_miss_e,i_miss_d; lag_extra=False; vs_0752=+0.0004; vs_single=c_n_days_with_tx 0.6893602930107556; folds=0:0.7203,1:0.7609,2:0.7581,3:0.7645,4:0.7581; train=5648/402/0.0712; quote=cv5_group_not_holdout; merge_i=False; no extra-col set reaches 0.772; within 0.02 of 0.752 is no real lift — do not merge I (best add_i_dso_x_dsr=0.7542)"
2026-09-19T01:10,R4,4,88f17954,A+C+F+I,y3_recover_cash_6m,lgbm_y3_i_legal_d3_n50,cv5_group,auroc_sd,0.0180967,0.2670,"CLOSE; A + other legal i_* that passed SIZE/NZV/B-leak screens (t-only); vs_quoted_shallowA=0.752; cv=0.7524±0.0181; n_x=23; mode=shallow; trees=50; collapsed=False; extra=i_transfer_x_ss,i_transfer_x_salary,i_io_x_zeroin,i_dso_x_dsr,i_gap_x_supphhi,i_io_x_dsr,i_miss_e,i_miss_d; lag_extra=False; vs_0752=+0.0004; vs_single=c_n_days_with_tx 0.6893602930107556; folds=0:0.7203,1:0.7609,2:0.7581,3:0.7645,4:0.7581; train=5648/402/0.0712; quote=cv5_group_not_holdout; merge_i=False; no extra-col set reaches 0.772; within 0.02 of 0.752 is no real lift — do not merge I (best add_i_dso_x_dsr=0.7542)"
2026-09-19T01:10,R4,4,88f17954,A+C+F+I,y3_recover_cash_6m,lgbm_y3_i_add_i_transfer_x_ss_d3_n50,cv5_group,auroc,0.752565,0.2670,"CLOSE; 15-col + only i_transfer_x_ss; vs_quoted_shallowA=0.752; cv=0.7526±0.0308; n_x=16; mode=shallow; trees=50; collapsed=False; extra=i_transfer_x_ss; lag_extra=False; vs_0752=+0.0006; vs_single=c_n_days_with_tx 0.7114423276043065; folds=0:0.6995,1:0.7720,2:0.7728,3:0.7524,4:0.7662; train=5648/402/0.0712; quote=cv5_group_not_holdout; merge_i=False; no extra-col set reaches 0.772; within 0.02 of 0.752 is no real lift — do not merge I (best add_i_dso_x_dsr=0.7542)"
2026-09-19T01:10,R4,4,88f17954,A+C+F+I,y3_recover_cash_6m,lgbm_y3_i_add_i_transfer_x_ss_d3_n50,cv5_group,auroc_sd,0.0307737,0.2670,"CLOSE; 15-col + only i_transfer_x_ss; vs_quoted_shallowA=0.752; cv=0.7526±0.0308; n_x=16; mode=shallow; trees=50; collapsed=False; extra=i_transfer_x_ss; lag_extra=False; vs_0752=+0.0006; vs_single=c_n_days_with_tx 0.7114423276043065; folds=0:0.6995,1:0.7720,2:0.7728,3:0.7524,4:0.7662; train=5648/402/0.0712; quote=cv5_group_not_holdout; merge_i=False; no extra-col set reaches 0.772; within 0.02 of 0.752 is no real lift — do not merge I (best add_i_dso_x_dsr=0.7542)"
2026-09-19T01:10,R4,4,88f17954,A+C+F+I,y3_recover_cash_6m,lgbm_y3_i_add_i_transfer_x_salary_d3_n50,cv5_group,auroc,0.750763,0.2670,"CLOSE; 15-col + only i_transfer_x_salary; vs_quoted_shallowA=0.752; cv=0.7508±0.0336; n_x=16; mode=shallow; trees=50; collapsed=False; extra=i_transfer_x_salary; lag_extra=False; vs_0752=-0.0012; vs_single=c_n_days_with_tx 0.7114423276043065; folds=0:0.6920,1:0.7649,2:0.7726,3:0.7544,4:0.7699; train=5648/402/0.0712; quote=cv5_group_not_holdout; merge_i=False; no extra-col set reaches 0.772; within 0.02 of 0.752 is no real lift — do not merge I (best add_i_dso_x_dsr=0.7542)"
2026-09-19T01:10,R4,4,88f17954,A+C+F+I,y3_recover_cash_6m,lgbm_y3_i_add_i_transfer_x_salary_d3_n50,cv5_group,auroc_sd,0.0335989,0.2670,"CLOSE; 15-col + only i_transfer_x_salary; vs_quoted_shallowA=0.752; cv=0.7508±0.0336; n_x=16; mode=shallow; trees=50; collapsed=False; extra=i_transfer_x_salary; lag_extra=False; vs_0752=-0.0012; vs_single=c_n_days_with_tx 0.7114423276043065; folds=0:0.6920,1:0.7649,2:0.7726,3:0.7544,4:0.7699; train=5648/402/0.0712; quote=cv5_group_not_holdout; merge_i=False; no extra-col set reaches 0.772; within 0.02 of 0.752 is no real lift — do not merge I (best add_i_dso_x_dsr=0.7542)"
2026-09-19T01:10,R4,4,88f17954,A+C+F+I,y3_recover_cash_6m,lgbm_y3_i_add_i_io_x_zeroin_d3_n50,cv5_group,auroc,0.746636,0.2670,"CLOSE; 15-col + only i_io_x_zeroin; vs_quoted_shallowA=0.752; cv=0.7466±0.0296; n_x=16; mode=shallow; trees=50; collapsed=False; extra=i_io_x_zeroin; lag_extra=False; vs_0752=-0.0054; vs_single=c_n_days_with_tx 0.7114423276043065; folds=0:0.6981,1:0.7695,2:0.7622,3:0.7387,4:0.7647; train=5648/402/0.0712; quote=cv5_group_not_holdout; merge_i=False; no extra-col set reaches 0.772; within 0.02 of 0.752 is no real lift — do not merge I (best add_i_dso_x_dsr=0.7542)"
2026-09-19T01:10,R4,4,88f17954,A+C+F+I,y3_recover_cash_6m,lgbm_y3_i_add_i_io_x_zeroin_d3_n50,cv5_group,auroc_sd,0.0296177,0.2670,"CLOSE; 15-col + only i_io_x_zeroin; vs_quoted_shallowA=0.752; cv=0.7466±0.0296; n_x=16; mode=shallow; trees=50; collapsed=False; extra=i_io_x_zeroin; lag_extra=False; vs_0752=-0.0054; vs_single=c_n_days_with_tx 0.7114423276043065; folds=0:0.6981,1:0.7695,2:0.7622,3:0.7387,4:0.7647; train=5648/402/0.0712; quote=cv5_group_not_holdout; merge_i=False; no extra-col set reaches 0.772; within 0.02 of 0.752 is no real lift — do not merge I (best add_i_dso_x_dsr=0.7542)"
2026-09-19T01:10,R4,4,88f17954,A+C+F+I,y3_recover_cash_6m,lgbm_y3_i_add_i_dso_x_dsr_d3_n50,cv5_group,auroc,0.754241,0.2670,"CLOSE; 15-col + only i_dso_x_dsr; vs_quoted_shallowA=0.752; cv=0.7542±0.0233; n_x=16; mode=shallow; trees=50; collapsed=False; extra=i_dso_x_dsr; lag_extra=False; vs_0752=+0.0022; vs_single=c_n_days_with_tx 0.7114423276043065; folds=0:0.7171,1:0.7754,2:0.7595,3:0.7484,4:0.7708; train=5648/402/0.0712; quote=cv5_group_not_holdout; merge_i=False; no extra-col set reaches 0.772; within 0.02 of 0.752 is no real lift — do not merge I (best add_i_dso_x_dsr=0.7542)"
2026-09-19T01:10,R4,4,88f17954,A+C+F+I,y3_recover_cash_6m,lgbm_y3_i_add_i_dso_x_dsr_d3_n50,cv5_group,auroc_sd,0.0232777,0.2670,"CLOSE; 15-col + only i_dso_x_dsr; vs_quoted_shallowA=0.752; cv=0.7542±0.0233; n_x=16; mode=shallow; trees=50; collapsed=False; extra=i_dso_x_dsr; lag_extra=False; vs_0752=+0.0022; vs_single=c_n_days_with_tx 0.7114423276043065; folds=0:0.7171,1:0.7754,2:0.7595,3:0.7484,4:0.7708; train=5648/402/0.0712; quote=cv5_group_not_holdout; merge_i=False; no extra-col set reaches 0.772; within 0.02 of 0.752 is no real lift — do not merge I (best add_i_dso_x_dsr=0.7542)"
2026-09-19T01:10,R4,4,88f17954,A+C+F+I,y3_recover_cash_6m,lgbm_y3_i_add_i_gap_x_supphhi_d3_n50,cv5_group,auroc,0.748301,0.2670,"CLOSE; 15-col + only i_gap_x_supphhi; vs_quoted_shallowA=0.752; cv=0.7483±0.0296; n_x=16; mode=shallow; trees=50; collapsed=False; extra=i_gap_x_supphhi; lag_extra=False; vs_0752=-0.0037; vs_single=c_n_days_with_tx 0.6893602930107556; folds=0:0.7015,1:0.7820,2:0.7550,3:0.7440,4:0.7590; train=5648/402/0.0712; quote=cv5_group_not_holdout; merge_i=False; no extra-col set reaches 0.772; within 0.02 of 0.752 is no real lift — do not merge I (best add_i_dso_x_dsr=0.7542)"
2026-09-19T01:10,R4,4,88f17954,A+C+F+I,y3_recover_cash_6m,lgbm_y3_i_add_i_gap_x_supphhi_d3_n50,cv5_group,auroc_sd,0.0295792,0.2670,"CLOSE; 15-col + only i_gap_x_supphhi; vs_quoted_shallowA=0.752; cv=0.7483±0.0296; n_x=16; mode=shallow; trees=50; collapsed=False; extra=i_gap_x_supphhi; lag_extra=False; vs_0752=-0.0037; vs_single=c_n_days_with_tx 0.6893602930107556; folds=0:0.7015,1:0.7820,2:0.7550,3:0.7440,4:0.7590; train=5648/402/0.0712; quote=cv5_group_not_holdout; merge_i=False; no extra-col set reaches 0.772; within 0.02 of 0.752 is no real lift — do not merge I (best add_i_dso_x_dsr=0.7542)"
2026-09-19T01:10,R4,4,88f17954,A+C+F+I,y3_recover_cash_6m,lgbm_y3_i_add_i_io_x_dsr_d3_n50,cv5_group,auroc,0.754059,0.2670,"CLOSE; 15-col + only i_io_x_dsr; vs_quoted_shallowA=0.752; cv=0.7541±0.0327; n_x=16; mode=shallow; trees=50; collapsed=False; extra=i_io_x_dsr; lag_extra=False; vs_0752=+0.0021; vs_single=c_n_days_with_tx 0.7114423276043065; folds=0:0.6991,1:0.7800,2:0.7698,3:0.7498,4:0.7716; train=5648/402/0.0712; quote=cv5_group_not_holdout; merge_i=False; no extra-col set reaches 0.772; within 0.02 of 0.752 is no real lift — do not merge I (best add_i_dso_x_dsr=0.7542)"
2026-09-19T01:10,R4,4,88f17954,A+C+F+I,y3_recover_cash_6m,lgbm_y3_i_add_i_io_x_dsr_d3_n50,cv5_group,auroc_sd,0.0326651,0.2670,"CLOSE; 15-col + only i_io_x_dsr; vs_quoted_shallowA=0.752; cv=0.7541±0.0327; n_x=16; mode=shallow; trees=50; collapsed=False; extra=i_io_x_dsr; lag_extra=False; vs_0752=+0.0021; vs_single=c_n_days_with_tx 0.7114423276043065; folds=0:0.6991,1:0.7800,2:0.7698,3:0.7498,4:0.7716; train=5648/402/0.0712; quote=cv5_group_not_holdout; merge_i=False; no extra-col set reaches 0.772; within 0.02 of 0.752 is no real lift — do not merge I (best add_i_dso_x_dsr=0.7542)"
2026-09-19T01:10,R4,4,88f17954,A+C+F+I,y3_recover_cash_6m,lgbm_y3_i_add_i_miss_e_d3_n50,cv5_group,auroc,0.744255,0.2670,"CLOSE; 15-col + only i_miss_e; vs_quoted_shallowA=0.752; cv=0.7443±0.0339; n_x=16; mode=shallow; trees=50; collapsed=False; extra=i_miss_e; lag_extra=False; vs_0752=-0.0077; vs_single=c_n_days_with_tx 0.7114423276043065; folds=0:0.6890,1:0.7796,2:0.7600,3:0.7425,4:0.7501; train=5648/402/0.0712; quote=cv5_group_not_holdout; merge_i=False; no extra-col set reaches 0.772; within 0.02 of 0.752 is no real lift — do not merge I (best add_i_dso_x_dsr=0.7542)"
2026-09-19T01:10,R4,4,88f17954,A+C+F+I,y3_recover_cash_6m,lgbm_y3_i_add_i_miss_e_d3_n50,cv5_group,auroc_sd,0.0338515,0.2670,"CLOSE; 15-col + only i_miss_e; vs_quoted_shallowA=0.752; cv=0.7443±0.0339; n_x=16; mode=shallow; trees=50; collapsed=False; extra=i_miss_e; lag_extra=False; vs_0752=-0.0077; vs_single=c_n_days_with_tx 0.7114423276043065; folds=0:0.6890,1:0.7796,2:0.7600,3:0.7425,4:0.7501; train=5648/402/0.0712; quote=cv5_group_not_holdout; merge_i=False; no extra-col set reaches 0.772; within 0.02 of 0.752 is no real lift — do not merge I (best add_i_dso_x_dsr=0.7542)"
2026-09-19T01:10,R4,4,88f17954,A+C+F+I,y3_recover_cash_6m,lgbm_y3_i_add_i_miss_d_d3_n50,cv5_group,auroc,0.746802,0.2670,"CLOSE; 15-col + only i_miss_d; vs_quoted_shallowA=0.752; cv=0.7468±0.0326; n_x=16; mode=shallow; trees=50; collapsed=False; extra=i_miss_d; lag_extra=False; vs_0752=-0.0052; vs_single=c_n_days_with_tx 0.7114423276043065; folds=0:0.6950,1:0.7770,2:0.7650,3:0.7362,4:0.7609; train=5648/402/0.0712; quote=cv5_group_not_holdout; merge_i=False; no extra-col set reaches 0.772; within 0.02 of 0.752 is no real lift — do not merge I (best add_i_dso_x_dsr=0.7542)"
2026-09-19T01:10,R4,4,88f17954,A+C+F+I,y3_recover_cash_6m,lgbm_y3_i_add_i_miss_d_d3_n50,cv5_group,auroc_sd,0.0325565,0.2670,"CLOSE; 15-col + only i_miss_d; vs_quoted_shallowA=0.752; cv=0.7468±0.0326; n_x=16; mode=shallow; trees=50; collapsed=False; extra=i_miss_d; lag_extra=False; vs_0752=-0.0052; vs_single=c_n_days_with_tx 0.7114423276043065; folds=0:0.6950,1:0.7770,2:0.7650,3:0.7362,4:0.7609; train=5648/402/0.0712; quote=cv5_group_not_holdout; merge_i=False; no extra-col set reaches 0.772; within 0.02 of 0.752 is no real lift — do not merge I (best add_i_dso_x_dsr=0.7542)"
2026-09-19T01:10,R4,4,88f17954,A+C+F+I,y3_recover_cash_6m,lgbm_y3_i_legal_drop_i_transfer_x_ss_d3_n50,cv5_group,auroc,0.750179,0.2670,"CLOSE; B minus i_transfer_x_ss (B did not lift); vs_quoted_shallowA=0.752; cv=0.7502±0.0196; n_x=22; mode=shallow; trees=50; collapsed=False; extra=i_transfer_x_salary,i_io_x_zeroin,i_dso_x_dsr,i_gap_x_supphhi,i_io_x_dsr,i_miss_e,i_miss_d; lag_extra=False; vs_0752=-0.0018; vs_single=c_n_days_with_tx 0.6893602930107556; folds=0:0.7168,1:0.7671,2:0.7510,3:0.7562,4:0.7598; train=5648/402/0.0712; quote=cv5_group_not_holdout; merge_i=False; no extra-col set reaches 0.772; within 0.02 of 0.752 is no real lift — do not merge I (best add_i_dso_x_dsr=0.7542)"
2026-09-19T01:10,R4,4,88f17954,A+C+F+I,y3_recover_cash_6m,lgbm_y3_i_legal_drop_i_transfer_x_ss_d3_n50,cv5_group,auroc_sd,0.0195545,0.2670,"CLOSE; B minus i_transfer_x_ss (B did not lift); vs_quoted_shallowA=0.752; cv=0.7502±0.0196; n_x=22; mode=shallow; trees=50; collapsed=False; extra=i_transfer_x_salary,i_io_x_zeroin,i_dso_x_dsr,i_gap_x_supphhi,i_io_x_dsr,i_miss_e,i_miss_d; lag_extra=False; vs_0752=-0.0018; vs_single=c_n_days_with_tx 0.6893602930107556; folds=0:0.7168,1:0.7671,2:0.7510,3:0.7562,4:0.7598; train=5648/402/0.0712; quote=cv5_group_not_holdout; merge_i=False; no extra-col set reaches 0.772; within 0.02 of 0.752 is no real lift — do not merge I (best add_i_dso_x_dsr=0.7542)"
2026-09-19T01:10,R4,4,88f17954,A+C+F+I,y3_recover_cash_6m,lgbm_y3_i_legal_drop_i_transfer_x_salary_d3_n50,cv5_group,auroc,0.748495,0.2670,"CLOSE; B minus i_transfer_x_salary (B did not lift); vs_quoted_shallowA=0.752; cv=0.7485±0.0185; n_x=22; mode=shallow; trees=50; collapsed=False; extra=i_transfer_x_ss,i_io_x_zeroin,i_dso_x_dsr,i_gap_x_supphhi,i_io_x_dsr,i_miss_e,i_miss_d; lag_extra=False; vs_0752=-0.0035; vs_single=c_n_days_with_tx 0.6893602930107556; folds=0:0.7164,1:0.7635,2:0.7523,3:0.7569,4:0.7534; train=5648/402/0.0712; quote=cv5_group_not_holdout; merge_i=False; no extra-col set reaches 0.772; within 0.02 of 0.752 is no real lift — do not merge I (best add_i_dso_x_dsr=0.7542)"
2026-09-19T01:10,R4,4,88f17954,A+C+F+I,y3_recover_cash_6m,lgbm_y3_i_legal_drop_i_transfer_x_salary_d3_n50,cv5_group,auroc_sd,0.0184515,0.2670,"CLOSE; B minus i_transfer_x_salary (B did not lift); vs_quoted_shallowA=0.752; cv=0.7485±0.0185; n_x=22; mode=shallow; trees=50; collapsed=False; extra=i_transfer_x_ss,i_io_x_zeroin,i_dso_x_dsr,i_gap_x_supphhi,i_io_x_dsr,i_miss_e,i_miss_d; lag_extra=False; vs_0752=-0.0035; vs_single=c_n_days_with_tx 0.6893602930107556; folds=0:0.7164,1:0.7635,2:0.7523,3:0.7569,4:0.7534; train=5648/402/0.0712; quote=cv5_group_not_holdout; merge_i=False; no extra-col set reaches 0.772; within 0.02 of 0.752 is no real lift — do not merge I (best add_i_dso_x_dsr=0.7542)"
2026-09-19T01:10,R4,4,88f17954,A+C+F+I,y3_recover_cash_6m,lgbm_y3_i_legal_drop_i_io_x_zeroin_d3_n50,cv5_group,auroc,0.751724,0.2670,"CLOSE; B minus i_io_x_zeroin (B did not lift); vs_quoted_shallowA=0.752; cv=0.7517±0.0156; n_x=22; mode=shallow; trees=50; collapsed=False; extra=i_transfer_x_ss,i_transfer_x_salary,i_dso_x_dsr,i_gap_x_supphhi,i_io_x_dsr,i_miss_e,i_miss_d; lag_extra=False; vs_0752=-0.0003; vs_single=c_n_days_with_tx 0.6893602930107556; folds=0:0.7254,1:0.7666,2:0.7536,3:0.7541,4:0.7589; train=5648/402/0.0712; quote=cv5_group_not_holdout; merge_i=False; no extra-col set reaches 0.772; within 0.02 of 0.752 is no real lift — do not merge I (best add_i_dso_x_dsr=0.7542)"
2026-09-19T01:10,R4,4,88f17954,A+C+F+I,y3_recover_cash_6m,lgbm_y3_i_legal_drop_i_io_x_zeroin_d3_n50,cv5_group,auroc_sd,0.0156185,0.2670,"CLOSE; B minus i_io_x_zeroin (B did not lift); vs_quoted_shallowA=0.752; cv=0.7517±0.0156; n_x=22; mode=shallow; trees=50; collapsed=False; extra=i_transfer_x_ss,i_transfer_x_salary,i_dso_x_dsr,i_gap_x_supphhi,i_io_x_dsr,i_miss_e,i_miss_d; lag_extra=False; vs_0752=-0.0003; vs_single=c_n_days_with_tx 0.6893602930107556; folds=0:0.7254,1:0.7666,2:0.7536,3:0.7541,4:0.7589; train=5648/402/0.0712; quote=cv5_group_not_holdout; merge_i=False; no extra-col set reaches 0.772; within 0.02 of 0.752 is no real lift — do not merge I (best add_i_dso_x_dsr=0.7542)"
2026-09-19T01:10,R4,4,88f17954,A+C+F+I,y3_recover_cash_6m,lgbm_y3_i_legal_drop_i_dso_x_dsr_d3_n50,cv5_group,auroc,0.745557,0.2670,"CLOSE; B minus i_dso_x_dsr (B did not lift); vs_quoted_shallowA=0.752; cv=0.7456±0.0269; n_x=22; mode=shallow; trees=50; collapsed=False; extra=i_transfer_x_ss,i_transfer_x_salary,i_io_x_zeroin,i_gap_x_supphhi,i_io_x_dsr,i_miss_e,i_miss_d; lag_extra=False; vs_0752=-0.0064; vs_single=c_n_days_with_tx 0.6893602930107556; folds=0:0.7005,1:0.7709,2:0.7559,3:0.7447,4:0.7558; train=5648/402/0.0712; quote=cv5_group_not_holdout; merge_i=False; no extra-col set reaches 0.772; within 0.02 of 0.752 is no real lift — do not merge I (best add_i_dso_x_dsr=0.7542)"
2026-09-19T01:10,R4,4,88f17954,A+C+F+I,y3_recover_cash_6m,lgbm_y3_i_legal_drop_i_dso_x_dsr_d3_n50,cv5_group,auroc_sd,0.0268503,0.2670,"CLOSE; B minus i_dso_x_dsr (B did not lift); vs_quoted_shallowA=0.752; cv=0.7456±0.0269; n_x=22; mode=shallow; trees=50; collapsed=False; extra=i_transfer_x_ss,i_transfer_x_salary,i_io_x_zeroin,i_gap_x_supphhi,i_io_x_dsr,i_miss_e,i_miss_d; lag_extra=False; vs_0752=-0.0064; vs_single=c_n_days_with_tx 0.6893602930107556; folds=0:0.7005,1:0.7709,2:0.7559,3:0.7447,4:0.7558; train=5648/402/0.0712; quote=cv5_group_not_holdout; merge_i=False; no extra-col set reaches 0.772; within 0.02 of 0.752 is no real lift — do not merge I (best add_i_dso_x_dsr=0.7542)"
2026-09-19T01:10,R4,4,88f17954,A+C+F+I,y3_recover_cash_6m,lgbm_y3_i_legal_drop_i_gap_x_supphhi_d3_n50,cv5_group,auroc,0.751213,0.2670,"CLOSE; B minus i_gap_x_supphhi (B did not lift); vs_quoted_shallowA=0.752; cv=0.7512±0.0201; n_x=22; mode=shallow; trees=50; collapsed=False; extra=i_transfer_x_ss,i_transfer_x_salary,i_io_x_zeroin,i_dso_x_dsr,i_io_x_dsr,i_miss_e,i_miss_d; lag_extra=False; vs_0752=-0.0008; vs_single=c_n_days_with_tx 0.7114423276043065; folds=0:0.7154,1:0.7632,2:0.7608,3:0.7572,4:0.7594; train=5648/402/0.0712; quote=cv5_group_not_holdout; merge_i=False; no extra-col set reaches 0.772; within 0.02 of 0.752 is no real lift — do not merge I (best add_i_dso_x_dsr=0.7542)"
2026-09-19T01:10,R4,4,88f17954,A+C+F+I,y3_recover_cash_6m,lgbm_y3_i_legal_drop_i_gap_x_supphhi_d3_n50,cv5_group,auroc_sd,0.0201357,0.2670,"CLOSE; B minus i_gap_x_supphhi (B did not lift); vs_quoted_shallowA=0.752; cv=0.7512±0.0201; n_x=22; mode=shallow; trees=50; collapsed=False; extra=i_transfer_x_ss,i_transfer_x_salary,i_io_x_zeroin,i_dso_x_dsr,i_io_x_dsr,i_miss_e,i_miss_d; lag_extra=False; vs_0752=-0.0008; vs_single=c_n_days_with_tx 0.7114423276043065; folds=0:0.7154,1:0.7632,2:0.7608,3:0.7572,4:0.7594; train=5648/402/0.0712; quote=cv5_group_not_holdout; merge_i=False; no extra-col set reaches 0.772; within 0.02 of 0.752 is no real lift — do not merge I (best add_i_dso_x_dsr=0.7542)"
2026-09-19T01:10,R4,4,88f17954,A+C+F+I,y3_recover_cash_6m,lgbm_y3_i_legal_drop_i_io_x_dsr_d3_n50,cv5_group,auroc,0.750671,0.2670,"CLOSE; B minus i_io_x_dsr (B did not lift); vs_quoted_shallowA=0.752; cv=0.7507±0.0164; n_x=22; mode=shallow; trees=50; collapsed=False; extra=i_transfer_x_ss,i_transfer_x_salary,i_io_x_zeroin,i_dso_x_dsr,i_gap_x_supphhi,i_miss_e,i_miss_d; lag_extra=False; vs_0752=-0.0013; vs_single=c_n_days_with_tx 0.6893602930107556; folds=0:0.7227,1:0.7660,2:0.7532,3:0.7540,4:0.7574; train=5648/402/0.0712; quote=cv5_group_not_holdout; merge_i=False; no extra-col set reaches 0.772; within 0.02 of 0.752 is no real lift — do not merge I (best add_i_dso_x_dsr=0.7542)"
2026-09-19T01:10,R4,4,88f17954,A+C+F+I,y3_recover_cash_6m,lgbm_y3_i_legal_drop_i_io_x_dsr_d3_n50,cv5_group,auroc_sd,0.0164443,0.2670,"CLOSE; B minus i_io_x_dsr (B did not lift); vs_quoted_shallowA=0.752; cv=0.7507±0.0164; n_x=22; mode=shallow; trees=50; collapsed=False; extra=i_transfer_x_ss,i_transfer_x_salary,i_io_x_zeroin,i_dso_x_dsr,i_gap_x_supphhi,i_miss_e,i_miss_d; lag_extra=False; vs_0752=-0.0013; vs_single=c_n_days_with_tx 0.6893602930107556; folds=0:0.7227,1:0.7660,2:0.7532,3:0.7540,4:0.7574; train=5648/402/0.0712; quote=cv5_group_not_holdout; merge_i=False; no extra-col set reaches 0.772; within 0.02 of 0.752 is no real lift — do not merge I (best add_i_dso_x_dsr=0.7542)"
2026-09-19T01:10,R4,4,88f17954,A+C+F+I,y3_recover_cash_6m,lgbm_y3_i_legal_drop_i_miss_e_d3_n50,cv5_group,auroc,0.753046,0.2670,"CLOSE; B minus i_miss_e (B did not lift); vs_quoted_shallowA=0.752; cv=0.7530±0.0209; n_x=22; mode=shallow; trees=50; collapsed=False; extra=i_transfer_x_ss,i_transfer_x_salary,i_io_x_zeroin,i_dso_x_dsr,i_gap_x_supphhi,i_io_x_dsr,i_miss_d; lag_extra=False; vs_0752=+0.0010; vs_single=c_n_days_with_tx 0.6893602930107556; folds=0:0.7157,1:0.7614,2:0.7606,3:0.7625,4:0.7650; train=5648/402/0.0712; quote=cv5_group_not_holdout; merge_i=False; no extra-col set reaches 0.772; within 0.02 of 0.752 is no real lift — do not merge I (best add_i_dso_x_dsr=0.7542)"
2026-09-19T01:10,R4,4,88f17954,A+C+F+I,y3_recover_cash_6m,lgbm_y3_i_legal_drop_i_miss_e_d3_n50,cv5_group,auroc_sd,0.020948,0.2670,"CLOSE; B minus i_miss_e (B did not lift); vs_quoted_shallowA=0.752; cv=0.7530±0.0209; n_x=22; mode=shallow; trees=50; collapsed=False; extra=i_transfer_x_ss,i_transfer_x_salary,i_io_x_zeroin,i_dso_x_dsr,i_gap_x_supphhi,i_io_x_dsr,i_miss_d; lag_extra=False; vs_0752=+0.0010; vs_single=c_n_days_with_tx 0.6893602930107556; folds=0:0.7157,1:0.7614,2:0.7606,3:0.7625,4:0.7650; train=5648/402/0.0712; quote=cv5_group_not_holdout; merge_i=False; no extra-col set reaches 0.772; within 0.02 of 0.752 is no real lift — do not merge I (best add_i_dso_x_dsr=0.7542)"
2026-09-19T01:10,R4,4,88f17954,A+C+F+I,y3_recover_cash_6m,lgbm_y3_i_legal_drop_i_miss_d_d3_n50,cv5_group,auroc,0.749795,0.2670,"CLOSE; B minus i_miss_d (B did not lift); vs_quoted_shallowA=0.752; cv=0.7498±0.0192; n_x=22; mode=shallow; trees=50; collapsed=False; extra=i_transfer_x_ss,i_transfer_x_salary,i_io_x_zeroin,i_dso_x_dsr,i_gap_x_supphhi,i_io_x_dsr,i_miss_e; lag_extra=False; vs_0752=-0.0022; vs_single=c_n_days_with_tx 0.6893602930107556; folds=0:0.7157,1:0.7607,2:0.7565,3:0.7556,4:0.7604; train=5648/402/0.0712; quote=cv5_group_not_holdout; merge_i=False; no extra-col set reaches 0.772; within 0.02 of 0.752 is no real lift — do not merge I (best add_i_dso_x_dsr=0.7542)"
2026-09-19T01:10,R4,4,88f17954,A+C+F+I,y3_recover_cash_6m,lgbm_y3_i_legal_drop_i_miss_d_d3_n50,cv5_group,auroc_sd,0.019202,0.2670,"CLOSE; B minus i_miss_d (B did not lift); vs_quoted_shallowA=0.752; cv=0.7498±0.0192; n_x=22; mode=shallow; trees=50; collapsed=False; extra=i_transfer_x_ss,i_transfer_x_salary,i_io_x_zeroin,i_dso_x_dsr,i_gap_x_supphhi,i_io_x_dsr,i_miss_e; lag_extra=False; vs_0752=-0.0022; vs_single=c_n_days_with_tx 0.6893602930107556; folds=0:0.7157,1:0.7607,2:0.7565,3:0.7556,4:0.7604; train=5648/402/0.0712; quote=cv5_group_not_holdout; merge_i=False; no extra-col set reaches 0.772; within 0.02 of 0.752 is no real lift — do not merge I (best add_i_dso_x_dsr=0.7542)"
2026-09-19T01:10,R4,4,88f17954,A+C+F+I,y3_recover_cash_6m,lgbm_y3_i_shap_lags_d3_n50,cv5_group,auroc,0.751847,0.2670,"CLOSE; 15-col + SHAP pairs + lags 1,3 of those i_*; vs_quoted_shallowA=0.752; cv=0.7518±0.0257; n_x=21; mode=shallow; trees=50; collapsed=False; extra=i_transfer_x_ss,i_transfer_x_salary; lag_extra=True; vs_0752=-0.0002; vs_single=c_n_days_with_tx 0.7114423276043065; folds=0:0.7066,1:0.7625,2:0.7696,3:0.7563,4:0.7642; train=5648/402/0.0712; quote=cv5_group_not_holdout; merge_i=False; no extra-col set reaches 0.772; within 0.02 of 0.752 is no real lift — do not merge I (best add_i_dso_x_dsr=0.7542)"
2026-09-19T01:10,R4,4,88f17954,A+C+F+I,y3_recover_cash_6m,lgbm_y3_i_shap_lags_d3_n50,cv5_group,auroc_sd,0.0257417,0.2670,"CLOSE; 15-col + SHAP pairs + lags 1,3 of those i_*; vs_quoted_shallowA=0.752; cv=0.7518±0.0257; n_x=21; mode=shallow; trees=50; collapsed=False; extra=i_transfer_x_ss,i_transfer_x_salary; lag_extra=True; vs_0752=-0.0002; vs_single=c_n_days_with_tx 0.7114423276043065; folds=0:0.7066,1:0.7625,2:0.7696,3:0.7563,4:0.7642; train=5648/402/0.0712; quote=cv5_group_not_holdout; merge_i=False; no extra-col set reaches 0.772; within 0.02 of 0.752 is no real lift — do not merge I (best add_i_dso_x_dsr=0.7542)"
2026-09-19T01:10,R4,4,88f17954,A+C+F+I,y3_recover_cash_6m,lgbm_y3_i_shap_es400,cv5_group,auroc,0.737851,0.2670,"CLOSE; diagnostic 400+ES on A; do not KEEP if trees collapse; vs_quoted_shallowA=0.752; cv=0.7379±0.0319; n_x=17; mode=es; trees=50; collapsed=True; extra=i_transfer_x_ss,i_transfer_x_salary; lag_extra=False; vs_0752=-0.0141; vs_single=c_n_days_with_tx 0.7114423276043065; folds=0:0.6812,1:0.7539,2:0.7530,3:0.7459,4:0.7552; train=5648/402/0.0712; quote=cv5_group_not_holdout; merge_i=False; no extra-col set reaches 0.772; within 0.02 of 0.752 is no real lift — do not merge I (best add_i_dso_x_dsr=0.7542)"
2026-09-19T01:10,R4,4,88f17954,A+C+F+I,y3_recover_cash_6m,lgbm_y3_i_shap_es400,cv5_group,auroc_sd,0.0318578,0.2670,"CLOSE; diagnostic 400+ES on A; do not KEEP if trees collapse; vs_quoted_shallowA=0.752; cv=0.7379±0.0319; n_x=17; mode=es; trees=50; collapsed=True; extra=i_transfer_x_ss,i_transfer_x_salary; lag_extra=False; vs_0752=-0.0141; vs_single=c_n_days_with_tx 0.7114423276043065; folds=0:0.6812,1:0.7539,2:0.7530,3:0.7459,4:0.7552; train=5648/402/0.0712; quote=cv5_group_not_holdout; merge_i=False; no extra-col set reaches 0.772; within 0.02 of 0.752 is no real lift — do not merge I (best add_i_dso_x_dsr=0.7542)"
2026-09-19T01:11,R4,4,88f17954,A+C+F,y3_recover_cash_6m,lgbm_y3_core_shap_d3_n50,cv5_group,auroc,0.751971,0.2670,"CLOSE; reproduce shallow-A 15-col; 50 / depth-3; never B; vs_quoted_shallowA=0.752; cv=0.7520±0.0366; n_x=15; mode=shallow; trees=50; collapsed=False; extra=none; lag_extra=False; vs_0752=-0.0000; vs_single=c_n_days_with_tx 0.7114423276043065; folds=0:0.6891,1:0.7804,2:0.7691,3:0.7518,4:0.7695; train=5648/402/0.0712; quote=cv5_group_not_holdout; merge_i=False; no extra-col set reaches 0.772; within 0.02 of 0.752 is no real lift — do not merge I (best C3=0.7615)"
2026-09-19T01:11,R4,4,88f17954,A+C+F,y3_recover_cash_6m,lgbm_y3_core_shap_d3_n50,cv5_group,auroc_sd,0.0366165,0.2670,"CLOSE; reproduce shallow-A 15-col; 50 / depth-3; never B; vs_quoted_shallowA=0.752; cv=0.7520±0.0366; n_x=15; mode=shallow; trees=50; collapsed=False; extra=none; lag_extra=False; vs_0752=-0.0000; vs_single=c_n_days_with_tx 0.7114423276043065; folds=0:0.6891,1:0.7804,2:0.7691,3:0.7518,4:0.7695; train=5648/402/0.0712; quote=cv5_group_not_holdout; merge_i=False; no extra-col set reaches 0.772; within 0.02 of 0.752 is no real lift — do not merge I (best C3=0.7615)"
2026-09-19T01:11,R4,4,88f17954,A+C+F+I,y3_recover_cash_6m,lgbm_y3_i_dsr_pair_d3_n50,cv5_group,auroc,0.754908,0.2670,"CLOSE; 15-col + the two modest single-adds (dso×dsr, io×dsr); vs_quoted_shallowA=0.752; cv=0.7549±0.0258; n_x=17; mode=shallow; trees=50; collapsed=False; extra=i_dso_x_dsr,i_io_x_dsr; lag_extra=False; vs_0752=+0.0029; vs_single=c_n_days_with_tx 0.7114423276043065; folds=0:0.7114,1:0.7765,2:0.7581,3:0.7564,4:0.7721; train=5648/402/0.0712; quote=cv5_group_not_holdout; merge_i=False; no extra-col set reaches 0.772; within 0.02 of 0.752 is no real lift — do not merge I (best C3=0.7615)"
2026-09-19T01:11,R4,4,88f17954,A+C+F+I,y3_recover_cash_6m,lgbm_y3_i_dsr_pair_d3_n50,cv5_group,auroc_sd,0.0258379,0.2670,"CLOSE; 15-col + the two modest single-adds (dso×dsr, io×dsr); vs_quoted_shallowA=0.752; cv=0.7549±0.0258; n_x=17; mode=shallow; trees=50; collapsed=False; extra=i_dso_x_dsr,i_io_x_dsr; lag_extra=False; vs_0752=+0.0029; vs_single=c_n_days_with_tx 0.7114423276043065; folds=0:0.7114,1:0.7765,2:0.7581,3:0.7564,4:0.7721; train=5648/402/0.0712; quote=cv5_group_not_holdout; merge_i=False; no extra-col set reaches 0.772; within 0.02 of 0.752 is no real lift — do not merge I (best C3=0.7615)"
2026-09-19T01:11,R4,4,88f17954,A+C+F+I,y3_recover_cash_6m,lgbm_y3_i_dsr_ss_d3_n50,cv5_group,auroc,0.761489,0.2670,"CLOSE; C + i_transfer_x_ss (best three single-adds that were ≥ baseline); vs_quoted_shallowA=0.752; cv=0.7615±0.0238; n_x=18; mode=shallow; trees=50; collapsed=False; extra=i_dso_x_dsr,i_io_x_dsr,i_transfer_x_ss; lag_extra=False; vs_0752=+0.0095; vs_single=c_n_days_with_tx 0.7114423276043065; folds=0:0.7211,1:0.7772,2:0.7625,3:0.7661,4:0.7805; train=5648/402/0.0712; quote=cv5_group_not_holdout; merge_i=False; no extra-col set reaches 0.772; within 0.02 of 0.752 is no real lift — do not merge I (best C3=0.7615)"
2026-09-19T01:11,R4,4,88f17954,A+C+F+I,y3_recover_cash_6m,lgbm_y3_i_dsr_ss_d3_n50,cv5_group,auroc_sd,0.0237894,0.2670,"CLOSE; C + i_transfer_x_ss (best three single-adds that were ≥ baseline); vs_quoted_shallowA=0.752; cv=0.7615±0.0238; n_x=18; mode=shallow; trees=50; collapsed=False; extra=i_dso_x_dsr,i_io_x_dsr,i_transfer_x_ss; lag_extra=False; vs_0752=+0.0095; vs_single=c_n_days_with_tx 0.7114423276043065; folds=0:0.7211,1:0.7772,2:0.7625,3:0.7661,4:0.7805; train=5648/402/0.0712; quote=cv5_group_not_holdout; merge_i=False; no extra-col set reaches 0.772; within 0.02 of 0.752 is no real lift — do not merge I (best C3=0.7615)"
2026-09-19T01:11,R4,4,88f17954,A+C+F+I,y3_recover_cash_6m,lgbm_y3_i_pruned_d3_n50,cv5_group,auroc,0.757101,0.2670,"CLOSE; B minus miss flags / zeroin / gap (the single-add losers); vs_quoted_shallowA=0.752; cv=0.7571±0.0276; n_x=19; mode=shallow; trees=50; collapsed=False; extra=i_transfer_x_ss,i_transfer_x_salary,i_dso_x_dsr,i_io_x_dsr; lag_extra=False; vs_0752=+0.0051; vs_single=c_n_days_with_tx 0.7114423276043065; folds=0:0.7096,1:0.7705,2:0.7659,3:0.7596,4:0.7799; train=5648/402/0.0712; quote=cv5_group_not_holdout; merge_i=False; no extra-col set reaches 0.772; within 0.02 of 0.752 is no real lift — do not merge I (best C3=0.7615)"
2026-09-19T01:11,R4,4,88f17954,A+C+F+I,y3_recover_cash_6m,lgbm_y3_i_pruned_d3_n50,cv5_group,auroc_sd,0.0275705,0.2670,"CLOSE; B minus miss flags / zeroin / gap (the single-add losers); vs_quoted_shallowA=0.752; cv=0.7571±0.0276; n_x=19; mode=shallow; trees=50; collapsed=False; extra=i_transfer_x_ss,i_transfer_x_salary,i_dso_x_dsr,i_io_x_dsr; lag_extra=False; vs_0752=+0.0051; vs_single=c_n_days_with_tx 0.7114423276043065; folds=0:0.7096,1:0.7705,2:0.7659,3:0.7596,4:0.7799; train=5648/402/0.0712; quote=cv5_group_not_holdout; merge_i=False; no extra-col set reaches 0.772; within 0.02 of 0.752 is no real lift — do not merge I (best C3=0.7615)"
2026-09-19T01:11,R4,4,88f17954,A+C+F+I,y3_recover_cash_6m,lgbm_y3_i_dsr_lags_d3_n50,cv5_group,auroc,0.758596,0.2670,"CLOSE; C plus lags 1,3 of the two dsr products (acf1 0.48 / 0.64 in report); vs_quoted_shallowA=0.752; cv=0.7586±0.0260; n_x=21; mode=shallow; trees=50; collapsed=False; extra=i_dso_x_dsr,i_io_x_dsr; lag_extra=True; vs_0752=+0.0066; vs_single=c_n_days_with_tx 0.7114423276043065; folds=0:0.7147,1:0.7813,2:0.7659,3:0.7576,4:0.7735; train=5648/402/0.0712; quote=cv5_group_not_holdout; merge_i=False; no extra-col set reaches 0.772; within 0.02 of 0.752 is no real lift — do not merge I (best C3=0.7615)"
2026-09-19T01:11,R4,4,88f17954,A+C+F+I,y3_recover_cash_6m,lgbm_y3_i_dsr_lags_d3_n50,cv5_group,auroc_sd,0.0260426,0.2670,"CLOSE; C plus lags 1,3 of the two dsr products (acf1 0.48 / 0.64 in report); vs_quoted_shallowA=0.752; cv=0.7586±0.0260; n_x=21; mode=shallow; trees=50; collapsed=False; extra=i_dso_x_dsr,i_io_x_dsr; lag_extra=True; vs_0752=+0.0066; vs_single=c_n_days_with_tx 0.7114423276043065; folds=0:0.7147,1:0.7813,2:0.7659,3:0.7576,4:0.7735; train=5648/402/0.0712; quote=cv5_group_not_holdout; merge_i=False; no extra-col set reaches 0.772; within 0.02 of 0.752 is no real lift — do not merge I (best C3=0.7615)"
2026-09-19T01:11,R4,4,88f17954,A+C+F+I,y3_recover_cash_6m,lgbm_y3_i_dso_lags_d3_n50,cv5_group,auroc,0.75865,0.2670,"CLOSE; 15-col + i_dso_x_dsr + lags 1,3; vs_quoted_shallowA=0.752; cv=0.7587±0.0269; n_x=18; mode=shallow; trees=50; collapsed=False; extra=i_dso_x_dsr; lag_extra=True; vs_0752=+0.0067; vs_single=c_n_days_with_tx 0.7114423276043065; folds=0:0.7135,1:0.7816,2:0.7671,3:0.7565,4:0.7746; train=5648/402/0.0712; quote=cv5_group_not_holdout; merge_i=False; no extra-col set reaches 0.772; within 0.02 of 0.752 is no real lift — do not merge I (best C3=0.7615)"
2026-09-19T01:11,R4,4,88f17954,A+C+F+I,y3_recover_cash_6m,lgbm_y3_i_dso_lags_d3_n50,cv5_group,auroc_sd,0.0269107,0.2670,"CLOSE; 15-col + i_dso_x_dsr + lags 1,3; vs_quoted_shallowA=0.752; cv=0.7587±0.0269; n_x=18; mode=shallow; trees=50; collapsed=False; extra=i_dso_x_dsr; lag_extra=True; vs_0752=+0.0067; vs_single=c_n_days_with_tx 0.7114423276043065; folds=0:0.7135,1:0.7816,2:0.7671,3:0.7565,4:0.7746; train=5648/402/0.0712; quote=cv5_group_not_holdout; merge_i=False; no extra-col set reaches 0.772; within 0.02 of 0.752 is no real lift — do not merge I (best C3=0.7615)"
2026-09-19T01:11,R4,4,88f17954,I,y3_recover_cash_6m,lgbm_y3_i_only_shap_d3_n50,cv5_group,auroc,0.66227,0.2670,"CLOSE; SHAP-pair i_* only (no 15-col) — isolate I signal; vs_quoted_shallowA=0.752; cv=0.6623±0.0322; n_x=2; mode=shallow; trees=50; collapsed=False; extra=i_transfer_x_ss,i_transfer_x_salary; lag_extra=False; vs_0752=-0.0897; vs_single=i_transfer_x_ss 0.5530899208334323; folds=0:0.7052,1:0.6405,2:0.6682,3:0.6221,4:0.6753; train=5648/402/0.0712; quote=cv5_group_not_holdout; merge_i=False; no extra-col set reaches 0.772; within 0.02 of 0.752 is no real lift — do not merge I (best C3=0.7615)"
2026-09-19T01:11,R4,4,88f17954,I,y3_recover_cash_6m,lgbm_y3_i_only_shap_d3_n50,cv5_group,auroc_sd,0.0321726,0.2670,"CLOSE; SHAP-pair i_* only (no 15-col) — isolate I signal; vs_quoted_shallowA=0.752; cv=0.6623±0.0322; n_x=2; mode=shallow; trees=50; collapsed=False; extra=i_transfer_x_ss,i_transfer_x_salary; lag_extra=False; vs_0752=-0.0897; vs_single=i_transfer_x_ss 0.5530899208334323; folds=0:0.7052,1:0.6405,2:0.6682,3:0.6221,4:0.6753; train=5648/402/0.0712; quote=cv5_group_not_holdout; merge_i=False; no extra-col set reaches 0.772; within 0.02 of 0.752 is no real lift — do not merge I (best C3=0.7615)"
2026-09-19T01:11,R4,4,88f17954,I,y3_recover_cash_6m,lgbm_y3_i_only_legal_d3_n50,cv5_group,auroc,0.713811,0.2670,"CLOSE; 8 legal i_* only (no 15-col); vs_quoted_shallowA=0.752; cv=0.7138±0.0309; n_x=8; mode=shallow; trees=50; collapsed=False; extra=i_transfer_x_ss,i_transfer_x_salary,i_io_x_zeroin,i_dso_x_dsr,i_gap_x_supphhi,i_io_x_dsr,i_miss_e,i_miss_d; lag_extra=False; vs_0752=-0.0382; vs_single=i_gap_x_supphhi 0.7092520013753368; folds=0:0.7370,1:0.7287,2:0.6672,3:0.6975,4:0.7387; train=5648/402/0.0712; quote=cv5_group_not_holdout; merge_i=False; no extra-col set reaches 0.772; within 0.02 of 0.752 is no real lift — do not merge I (best C3=0.7615)"
2026-09-19T01:11,R4,4,88f17954,I,y3_recover_cash_6m,lgbm_y3_i_only_legal_d3_n50,cv5_group,auroc_sd,0.0308857,0.2670,"CLOSE; 8 legal i_* only (no 15-col); vs_quoted_shallowA=0.752; cv=0.7138±0.0309; n_x=8; mode=shallow; trees=50; collapsed=False; extra=i_transfer_x_ss,i_transfer_x_salary,i_io_x_zeroin,i_dso_x_dsr,i_gap_x_supphhi,i_io_x_dsr,i_miss_e,i_miss_d; lag_extra=False; vs_0752=-0.0382; vs_single=i_gap_x_supphhi 0.7092520013753368; folds=0:0.7370,1:0.7287,2:0.6672,3:0.6975,4:0.7387; train=5648/402/0.0712; quote=cv5_group_not_holdout; merge_i=False; no extra-col set reaches 0.772; within 0.02 of 0.752 is no real lift — do not merge I (best C3=0.7615)"
2026-09-19T01:11,R4,4,88f17954,A+C+I,y3_recover_cash_6m,lgbm_y3_i_swap_dsr_d3_n50,cv5_group,auroc,0.759309,0.2670,"CLOSE; diagnostic: replace f_ds_r stem with i_dso_x_dsr (same n_x=15); vs_quoted_shallowA=0.752; cv=0.7593±0.0148; n_x=15; mode=shallow; trees=50; collapsed=False; extra=none; lag_extra=False; vs_0752=+0.0073; vs_single=c_n_days_with_tx 0.7114423276043065; folds=0:0.7347,1:0.7711,2:0.7592,3:0.7608,4:0.7706; train=5648/402/0.0712; quote=cv5_group_not_holdout; merge_i=False; no extra-col set reaches 0.772; within 0.02 of 0.752 is no real lift — do not merge I (best C3=0.7615)"
2026-09-19T01:11,R4,4,88f17954,A+C+I,y3_recover_cash_6m,lgbm_y3_i_swap_dsr_d3_n50,cv5_group,auroc_sd,0.0147791,0.2670,"CLOSE; diagnostic: replace f_ds_r stem with i_dso_x_dsr (same n_x=15); vs_quoted_shallowA=0.752; cv=0.7593±0.0148; n_x=15; mode=shallow; trees=50; collapsed=False; extra=none; lag_extra=False; vs_0752=+0.0073; vs_single=c_n_days_with_tx 0.7114423276043065; folds=0:0.7347,1:0.7711,2:0.7592,3:0.7608,4:0.7706; train=5648/402/0.0712; quote=cv5_group_not_holdout; merge_i=False; no extra-col set reaches 0.772; within 0.02 of 0.752 is no real lift — do not merge I (best C3=0.7615)"
2026-09-19T01:11,R4,4,88f17954,A+C+F,y3_recover_cash_6m,lgbm_y3_core_shap_d3_n50,cv5_group,auroc,0.751971,0.2670,"CLOSE; reproduce shallow-A 15-col; 50 / depth-3; never B; vs_quoted_shallowA=0.752; cv=0.7520±0.0366; n_x=15; mode=shallow; trees=50; collapsed=False; extra=none; lag_extra=False; vs_0752=-0.0000; vs_single=c_n_days_with_tx 0.7114423276043065; folds=0:0.6891,1:0.7804,2:0.7691,3:0.7518,4:0.7695; train=5648/402/0.0712; quote=cv5_group_not_holdout; merge_i=False; no extra-col set reaches 0.772; within 0.02 of 0.752 is no real lift — do not merge I (best swap_plus_shap=0.7627)"
2026-09-19T01:11,R4,4,88f17954,A+C+F,y3_recover_cash_6m,lgbm_y3_core_shap_d3_n50,cv5_group,auroc_sd,0.0366165,0.2670,"CLOSE; reproduce shallow-A 15-col; 50 / depth-3; never B; vs_quoted_shallowA=0.752; cv=0.7520±0.0366; n_x=15; mode=shallow; trees=50; collapsed=False; extra=none; lag_extra=False; vs_0752=-0.0000; vs_single=c_n_days_with_tx 0.7114423276043065; folds=0:0.6891,1:0.7804,2:0.7691,3:0.7518,4:0.7695; train=5648/402/0.0712; quote=cv5_group_not_holdout; merge_i=False; no extra-col set reaches 0.772; within 0.02 of 0.752 is no real lift — do not merge I (best swap_plus_shap=0.7627)"
2026-09-19T01:11,R4,4,88f17954,A+C+F+I,y3_recover_cash_6m,lgbm_y3_i_dso_ss_d3_n50,cv5_group,auroc,0.757616,0.2670,"CLOSE; C3 minus i_io_x_dsr (ρ=0.98 vs f_ds_r — near copy); vs_quoted_shallowA=0.752; cv=0.7576±0.0225; n_x=17; mode=shallow; trees=50; collapsed=False; extra=i_dso_x_dsr,i_transfer_x_ss; lag_extra=False; vs_0752=+0.0056; vs_single=c_n_days_with_tx 0.7114423276043065; folds=0:0.7201,1:0.7757,2:0.7573,3:0.7607,4:0.7742; train=5648/402/0.0712; quote=cv5_group_not_holdout; merge_i=False; no extra-col set reaches 0.772; within 0.02 of 0.752 is no real lift — do not merge I (best swap_plus_shap=0.7627)"
2026-09-19T01:11,R4,4,88f17954,A+C+F+I,y3_recover_cash_6m,lgbm_y3_i_dso_ss_d3_n50,cv5_group,auroc_sd,0.0224953,0.2670,"CLOSE; C3 minus i_io_x_dsr (ρ=0.98 vs f_ds_r — near copy); vs_quoted_shallowA=0.752; cv=0.7576±0.0225; n_x=17; mode=shallow; trees=50; collapsed=False; extra=i_dso_x_dsr,i_transfer_x_ss; lag_extra=False; vs_0752=+0.0056; vs_single=c_n_days_with_tx 0.7114423276043065; folds=0:0.7201,1:0.7757,2:0.7573,3:0.7607,4:0.7742; train=5648/402/0.0712; quote=cv5_group_not_holdout; merge_i=False; no extra-col set reaches 0.772; within 0.02 of 0.752 is no real lift — do not merge I (best swap_plus_shap=0.7627)"
2026-09-19T01:11,R4,4,88f17954,A+C+F+I,y3_recover_cash_6m,lgbm_y3_i_c3_lags_d3_n50,cv5_group,auroc,0.753049,0.2670,"CLOSE; C3 plus lags 1,3 of those three i_*; vs_quoted_shallowA=0.752; cv=0.7530±0.0242; n_x=24; mode=shallow; trees=50; collapsed=False; extra=i_dso_x_dsr,i_io_x_dsr,i_transfer_x_ss; lag_extra=True; vs_0752=+0.0010; vs_single=c_n_days_with_tx 0.7114423276043065; folds=0:0.7158,1:0.7758,2:0.7441,3:0.7586,4:0.7710; train=5648/402/0.0712; quote=cv5_group_not_holdout; merge_i=False; no extra-col set reaches 0.772; within 0.02 of 0.752 is no real lift — do not merge I (best swap_plus_shap=0.7627)"
2026-09-19T01:11,R4,4,88f17954,A+C+F+I,y3_recover_cash_6m,lgbm_y3_i_c3_lags_d3_n50,cv5_group,auroc_sd,0.0241851,0.2670,"CLOSE; C3 plus lags 1,3 of those three i_*; vs_quoted_shallowA=0.752; cv=0.7530±0.0242; n_x=24; mode=shallow; trees=50; collapsed=False; extra=i_dso_x_dsr,i_io_x_dsr,i_transfer_x_ss; lag_extra=True; vs_0752=+0.0010; vs_single=c_n_days_with_tx 0.7114423276043065; folds=0:0.7158,1:0.7758,2:0.7441,3:0.7586,4:0.7710; train=5648/402/0.0712; quote=cv5_group_not_holdout; merge_i=False; no extra-col set reaches 0.772; within 0.02 of 0.752 is no real lift — do not merge I (best swap_plus_shap=0.7627)"
2026-09-19T01:11,R4,4,88f17954,A+C+I,y3_recover_cash_6m,lgbm_y3_i_swap_ss_d3_n50,cv5_group,auroc,0.761665,0.2670,"CLOSE; swap f_ds_r→i_dso_x_dsr + i_transfer_x_ss; vs_quoted_shallowA=0.752; cv=0.7617±0.0099; n_x=16; mode=shallow; trees=50; collapsed=False; extra=i_transfer_x_ss; lag_extra=False; vs_0752=+0.0097; vs_single=c_n_days_with_tx 0.7114423276043065; folds=0:0.7555,1:0.7697,2:0.7567,3:0.7518,4:0.7746; train=5648/402/0.0712; quote=cv5_group_not_holdout; merge_i=False; no extra-col set reaches 0.772; within 0.02 of 0.752 is no real lift — do not merge I (best swap_plus_shap=0.7627)"
2026-09-19T01:11,R4,4,88f17954,A+C+I,y3_recover_cash_6m,lgbm_y3_i_swap_ss_d3_n50,cv5_group,auroc_sd,0.00989799,0.2670,"CLOSE; swap f_ds_r→i_dso_x_dsr + i_transfer_x_ss; vs_quoted_shallowA=0.752; cv=0.7617±0.0099; n_x=16; mode=shallow; trees=50; collapsed=False; extra=i_transfer_x_ss; lag_extra=False; vs_0752=+0.0097; vs_single=c_n_days_with_tx 0.7114423276043065; folds=0:0.7555,1:0.7697,2:0.7567,3:0.7518,4:0.7746; train=5648/402/0.0712; quote=cv5_group_not_holdout; merge_i=False; no extra-col set reaches 0.772; within 0.02 of 0.752 is no real lift — do not merge I (best swap_plus_shap=0.7627)"
2026-09-19T01:11,R4,4,88f17954,A+C+I,y3_recover_cash_6m,lgbm_y3_i_swap_shap_d3_n50,cv5_group,auroc,0.762653,0.2670,"CLOSE; swap f_ds_r→i_dso_x_dsr + both SHAP pairs; vs_quoted_shallowA=0.752; cv=0.7627±0.0072; n_x=17; mode=shallow; trees=50; collapsed=False; extra=i_transfer_x_ss,i_transfer_x_salary; lag_extra=False; vs_0752=+0.0107; vs_single=c_n_days_with_tx 0.7114423276043065; folds=0:0.7574,1:0.7582,2:0.7664,3:0.7576,4:0.7736; train=5648/402/0.0712; quote=cv5_group_not_holdout; merge_i=False; no extra-col set reaches 0.772; within 0.02 of 0.752 is no real lift — do not merge I (best swap_plus_shap=0.7627)"
2026-09-19T01:11,R4,4,88f17954,A+C+I,y3_recover_cash_6m,lgbm_y3_i_swap_shap_d3_n50,cv5_group,auroc_sd,0.00717367,0.2670,"CLOSE; swap f_ds_r→i_dso_x_dsr + both SHAP pairs; vs_quoted_shallowA=0.752; cv=0.7627±0.0072; n_x=17; mode=shallow; trees=50; collapsed=False; extra=i_transfer_x_ss,i_transfer_x_salary; lag_extra=False; vs_0752=+0.0107; vs_single=c_n_days_with_tx 0.7114423276043065; folds=0:0.7574,1:0.7582,2:0.7664,3:0.7576,4:0.7736; train=5648/402/0.0712; quote=cv5_group_not_holdout; merge_i=False; no extra-col set reaches 0.772; within 0.02 of 0.752 is no real lift — do not merge I (best swap_plus_shap=0.7627)"
2026-09-19T01:11,R4,4,88f17954,A+C+I,y3_recover_cash_6m,lgbm_y3_i_nofdsr_c3_d3_n50,cv5_group,auroc,0.763211,0.2670,"CLOSE; drop f_ds_r stem; add C3 extras (no stacked dsr copy); vs_quoted_shallowA=0.752; cv=0.7632±0.0163; n_x=15; mode=shallow; trees=50; collapsed=False; extra=i_dso_x_dsr,i_io_x_dsr,i_transfer_x_ss; lag_extra=False; vs_0752=+0.0112; vs_single=c_n_days_with_tx 0.7114423276043065; folds=0:0.7375,1:0.7716,2:0.7611,3:0.7646,4:0.7813; train=5648/402/0.0712; quote=cv5_group_not_holdout; merge_i=False; no extra-col set reaches 0.772; within 0.02 of 0.752 is no real lift — do not merge I (best swap_plus_shap=0.7627)"
2026-09-19T01:11,R4,4,88f17954,A+C+I,y3_recover_cash_6m,lgbm_y3_i_nofdsr_c3_d3_n50,cv5_group,auroc_sd,0.0163014,0.2670,"CLOSE; drop f_ds_r stem; add C3 extras (no stacked dsr copy); vs_quoted_shallowA=0.752; cv=0.7632±0.0163; n_x=15; mode=shallow; trees=50; collapsed=False; extra=i_dso_x_dsr,i_io_x_dsr,i_transfer_x_ss; lag_extra=False; vs_0752=+0.0112; vs_single=c_n_days_with_tx 0.7114423276043065; folds=0:0.7375,1:0.7716,2:0.7611,3:0.7646,4:0.7813; train=5648/402/0.0712; quote=cv5_group_not_holdout; merge_i=False; no extra-col set reaches 0.772; within 0.02 of 0.752 is no real lift — do not merge I (best swap_plus_shap=0.7627)"
2026-09-19T01:11,R4,4,88f17954,A+C+F+I,y3_recover_cash_6m,lgbm_y3_i_io_ss_d3_n50,cv5_group,auroc,0.750174,0.2670,"CLOSE; C3 minus i_dso_x_dsr (sanity: the 0.92-ρ product); vs_quoted_shallowA=0.752; cv=0.7502±0.0330; n_x=17; mode=shallow; trees=50; collapsed=False; extra=i_io_x_dsr,i_transfer_x_ss; lag_extra=False; vs_0752=-0.0018; vs_single=c_n_days_with_tx 0.7114423276043065; folds=0:0.6935,1:0.7761,2:0.7665,3:0.7498,4:0.7650; train=5648/402/0.0712; quote=cv5_group_not_holdout; merge_i=False; no extra-col set reaches 0.772; within 0.02 of 0.752 is no real lift — do not merge I (best swap_plus_shap=0.7627)"
2026-09-19T01:11,R4,4,88f17954,A+C+F+I,y3_recover_cash_6m,lgbm_y3_i_io_ss_d3_n50,cv5_group,auroc_sd,0.0330442,0.2670,"CLOSE; C3 minus i_dso_x_dsr (sanity: the 0.92-ρ product); vs_quoted_shallowA=0.752; cv=0.7502±0.0330; n_x=17; mode=shallow; trees=50; collapsed=False; extra=i_io_x_dsr,i_transfer_x_ss; lag_extra=False; vs_0752=-0.0018; vs_single=c_n_days_with_tx 0.7114423276043065; folds=0:0.6935,1:0.7761,2:0.7665,3:0.7498,4:0.7650; train=5648/402/0.0712; quote=cv5_group_not_holdout; merge_i=False; no extra-col set reaches 0.772; within 0.02 of 0.752 is no real lift — do not merge I (best swap_plus_shap=0.7627)"
2026-09-19T01:12,R4,4,88f17954,A+C+F,y3_recover_cash_6m,lgbm_y3_i_baseline_d3_n50,cv5_group,auroc,0.751971,0.2670,"CLOSE; robust seed-sweep member; quoted seed 20260918; vs_quoted_shallowA=0.752; cv=0.7520±0.0366; n_x=15; mode=shallow; trees=50; collapsed=False; extra=none; lag_extra=False; vs_0752=-0.0000; vs_single=None nan; folds=0:0.6891,1:0.7804,2:0.7691,3:0.7518,4:0.7695; train=5648/402/0.0712; quote=cv5_group_not_holdout; merge_i=False; no extra-col set reaches 0.772; within 0.02 of 0.752 is no real lift — do not merge I (best swap_plus_shap=0.7627)"
2026-09-19T01:12,R4,4,88f17954,A+C+F,y3_recover_cash_6m,lgbm_y3_i_baseline_d3_n50,cv5_group,auroc_sd,0.0366165,0.2670,"CLOSE; robust seed-sweep member; quoted seed 20260918; vs_quoted_shallowA=0.752; cv=0.7520±0.0366; n_x=15; mode=shallow; trees=50; collapsed=False; extra=none; lag_extra=False; vs_0752=-0.0000; vs_single=None nan; folds=0:0.6891,1:0.7804,2:0.7691,3:0.7518,4:0.7695; train=5648/402/0.0712; quote=cv5_group_not_holdout; merge_i=False; no extra-col set reaches 0.772; within 0.02 of 0.752 is no real lift — do not merge I (best swap_plus_shap=0.7627)"
2026-09-19T01:12,R4,4,88f17954,A+C+F+I,y3_recover_cash_6m,lgbm_y3_i_C3_d3_n50,cv5_group,auroc,0.761489,0.2670,"CLOSE; robust seed-sweep member; quoted seed 20260918; vs_quoted_shallowA=0.752; cv=0.7615±0.0238; n_x=18; mode=shallow; trees=50; collapsed=False; extra=i_dso_x_dsr,i_io_x_dsr,i_transfer_x_ss; lag_extra=False; vs_0752=+0.0095; vs_single=None nan; folds=0:0.7211,1:0.7772,2:0.7625,3:0.7661,4:0.7805; train=5648/402/0.0712; quote=cv5_group_not_holdout; merge_i=False; no extra-col set reaches 0.772; within 0.02 of 0.752 is no real lift — do not merge I (best swap_plus_shap=0.7627)"
2026-09-19T01:12,R4,4,88f17954,A+C+F+I,y3_recover_cash_6m,lgbm_y3_i_C3_d3_n50,cv5_group,auroc_sd,0.0237894,0.2670,"CLOSE; robust seed-sweep member; quoted seed 20260918; vs_quoted_shallowA=0.752; cv=0.7615±0.0238; n_x=18; mode=shallow; trees=50; collapsed=False; extra=i_dso_x_dsr,i_io_x_dsr,i_transfer_x_ss; lag_extra=False; vs_0752=+0.0095; vs_single=None nan; folds=0:0.7211,1:0.7772,2:0.7625,3:0.7661,4:0.7805; train=5648/402/0.0712; quote=cv5_group_not_holdout; merge_i=False; no extra-col set reaches 0.772; within 0.02 of 0.752 is no real lift — do not merge I (best swap_plus_shap=0.7627)"
2026-09-19T01:12,R4,4,88f17954,A+C+I,y3_recover_cash_6m,lgbm_y3_i_swap_plus_shap_d3_n50,cv5_group,auroc,0.762653,0.2670,"CLOSE; robust seed-sweep member; quoted seed 20260918; vs_quoted_shallowA=0.752; cv=0.7627±0.0072; n_x=17; mode=shallow; trees=50; collapsed=False; extra=i_dso_x_dsr,i_dso_x_dsr_lag1,i_dso_x_dsr_lag3,i_transfer_x_ss,i_transfer_x_salary; lag_extra=False; vs_0752=+0.0107; vs_single=None nan; folds=0:0.7574,1:0.7582,2:0.7664,3:0.7576,4:0.7736; train=5648/402/0.0712; quote=cv5_group_not_holdout; merge_i=False; no extra-col set reaches 0.772; within 0.02 of 0.752 is no real lift — do not merge I (best swap_plus_shap=0.7627)"
2026-09-19T01:12,R4,4,88f17954,A+C+I,y3_recover_cash_6m,lgbm_y3_i_swap_plus_shap_d3_n50,cv5_group,auroc_sd,0.00717367,0.2670,"CLOSE; robust seed-sweep member; quoted seed 20260918; vs_quoted_shallowA=0.752; cv=0.7627±0.0072; n_x=17; mode=shallow; trees=50; collapsed=False; extra=i_dso_x_dsr,i_dso_x_dsr_lag1,i_dso_x_dsr_lag3,i_transfer_x_ss,i_transfer_x_salary; lag_extra=False; vs_0752=+0.0107; vs_single=None nan; folds=0:0.7574,1:0.7582,2:0.7664,3:0.7576,4:0.7736; train=5648/402/0.0712; quote=cv5_group_not_holdout; merge_i=False; no extra-col set reaches 0.772; within 0.02 of 0.752 is no real lift — do not merge I (best swap_plus_shap=0.7627)"
2026-09-19T01:12,R4,4,88f17954,A+C+I,y3_recover_cash_6m,lgbm_y3_i_no_fdsr_c3_d3_n50,cv5_group,auroc,0.763211,0.2670,"CLOSE; robust seed-sweep member; quoted seed 20260918; vs_quoted_shallowA=0.752; cv=0.7632±0.0163; n_x=15; mode=shallow; trees=50; collapsed=False; extra=i_dso_x_dsr,i_io_x_dsr,i_transfer_x_ss; lag_extra=False; vs_0752=+0.0112; vs_single=None nan; folds=0:0.7375,1:0.7716,2:0.7611,3:0.7646,4:0.7813; train=5648/402/0.0712; quote=cv5_group_not_holdout; merge_i=False; no extra-col set reaches 0.772; within 0.02 of 0.752 is no real lift — do not merge I (best swap_plus_shap=0.7627)"
2026-09-19T01:12,R4,4,88f17954,A+C+I,y3_recover_cash_6m,lgbm_y3_i_no_fdsr_c3_d3_n50,cv5_group,auroc_sd,0.0163014,0.2670,"CLOSE; robust seed-sweep member; quoted seed 20260918; vs_quoted_shallowA=0.752; cv=0.7632±0.0163; n_x=15; mode=shallow; trees=50; collapsed=False; extra=i_dso_x_dsr,i_io_x_dsr,i_transfer_x_ss; lag_extra=False; vs_0752=+0.0112; vs_single=None nan; folds=0:0.7375,1:0.7716,2:0.7611,3:0.7646,4:0.7813; train=5648/402/0.0712; quote=cv5_group_not_holdout; merge_i=False; no extra-col set reaches 0.772; within 0.02 of 0.752 is no real lift — do not merge I (best swap_plus_shap=0.7627)"
2026-09-19T01:12,R4,4,88f17954,A+C+I,y3_recover_cash_6m,lgbm_y3_i_no_fdsr_dso_shap_d3_n50,cv5_group,auroc,0.764972,0.2670,"CLOSE; robust seed-sweep member; quoted seed 20260918; vs_quoted_shallowA=0.752; cv=0.7650±0.0096; n_x=15; mode=shallow; trees=50; collapsed=False; extra=i_dso_x_dsr,i_transfer_x_ss,i_transfer_x_salary; lag_extra=False; vs_0752=+0.0130; vs_single=None nan; folds=0:0.7581,1:0.7611,2:0.7629,3:0.7608,4:0.7819; train=5648/402/0.0712; quote=cv5_group_not_holdout; merge_i=False; no extra-col set reaches 0.772; within 0.02 of 0.752 is no real lift — do not merge I (best swap_plus_shap=0.7627)"
2026-09-19T01:12,R4,4,88f17954,A+C+I,y3_recover_cash_6m,lgbm_y3_i_no_fdsr_dso_shap_d3_n50,cv5_group,auroc_sd,0.00959837,0.2670,"CLOSE; robust seed-sweep member; quoted seed 20260918; vs_quoted_shallowA=0.752; cv=0.7650±0.0096; n_x=15; mode=shallow; trees=50; collapsed=False; extra=i_dso_x_dsr,i_transfer_x_ss,i_transfer_x_salary; lag_extra=False; vs_0752=+0.0130; vs_single=None nan; folds=0:0.7581,1:0.7611,2:0.7629,3:0.7608,4:0.7819; train=5648/402/0.0712; quote=cv5_group_not_holdout; merge_i=False; no extra-col set reaches 0.772; within 0.02 of 0.752 is no real lift — do not merge I (best swap_plus_shap=0.7627)"
2026-09-19T01:12,R4,4,88f17954,A+C+F+I,y3_recover_cash_6m,lgbm_y3_i_swap_gap_d3_n50,cv5_group,auroc,0.739077,0.2670,"CLOSE; robust seed-sweep member; quoted seed 20260918; vs_quoted_shallowA=0.752; cv=0.7391±0.0445; n_x=15; mode=shallow; trees=50; collapsed=False; extra=i_gap_x_supphhi,i_gap_x_supphhi_lag1,i_gap_x_supphhi_lag3; lag_extra=False; vs_0752=-0.0129; vs_single=None nan; folds=0:0.6627,1:0.7717,2:0.7645,3:0.7586,4:0.7380; train=5648/402/0.0712; quote=cv5_group_not_holdout; merge_i=False; no extra-col set reaches 0.772; within 0.02 of 0.752 is no real lift — do not merge I (best swap_plus_shap=0.7627)"
2026-09-19T01:12,R4,4,88f17954,A+C+F+I,y3_recover_cash_6m,lgbm_y3_i_swap_gap_d3_n50,cv5_group,auroc_sd,0.0445107,0.2670,"CLOSE; robust seed-sweep member; quoted seed 20260918; vs_quoted_shallowA=0.752; cv=0.7391±0.0445; n_x=15; mode=shallow; trees=50; collapsed=False; extra=i_gap_x_supphhi,i_gap_x_supphhi_lag1,i_gap_x_supphhi_lag3; lag_extra=False; vs_0752=-0.0129; vs_single=None nan; folds=0:0.6627,1:0.7717,2:0.7645,3:0.7586,4:0.7380; train=5648/402/0.0712; quote=cv5_group_not_holdout; merge_i=False; no extra-col set reaches 0.772; within 0.02 of 0.752 is no real lift — do not merge I (best swap_plus_shap=0.7627)"
2026-09-19T01:13,R4,4,88f17954,A+C+I,y3_recover_cash_6m,lgbm_y3_i_nofdsr_dso_shap_d3_n50,cv5_group,auroc,0.764972,0.2670,"CLOSE; best substitution (quoted 0.765); leave-one-stem reference; vs_quoted_shallowA=0.752; cv=0.7650±0.0096; n_x=15; mode=shallow; trees=50; collapsed=False; extra=i_dso_x_dsr,i_transfer_x_ss,i_transfer_x_salary; lag_extra=False; vs_0752=+0.0130; vs_single=c_n_days_with_tx 0.7114423276043065; folds=0:0.7581,1:0.7611,2:0.7629,3:0.7608,4:0.7819; train=5648/402/0.0712; quote=cv5_group_not_holdout; merge_i=False; no extra-col set reaches 0.772; within 0.02 of 0.752 is no real lift — do not merge I"
2026-09-19T01:13,R4,4,88f17954,A+C+I,y3_recover_cash_6m,lgbm_y3_i_nofdsr_dso_shap_d3_n50,cv5_group,auroc_sd,0.00959837,0.2670,"CLOSE; best substitution (quoted 0.765); leave-one-stem reference; vs_quoted_shallowA=0.752; cv=0.7650±0.0096; n_x=15; mode=shallow; trees=50; collapsed=False; extra=i_dso_x_dsr,i_transfer_x_ss,i_transfer_x_salary; lag_extra=False; vs_0752=+0.0130; vs_single=c_n_days_with_tx 0.7114423276043065; folds=0:0.7581,1:0.7611,2:0.7629,3:0.7608,4:0.7819; train=5648/402/0.0712; quote=cv5_group_not_holdout; merge_i=False; no extra-col set reaches 0.772; within 0.02 of 0.752 is no real lift — do not merge I"
2026-09-19T01:13,R4,4,88f17954,A+C+I,y3_recover_cash_6m,lgbm_y3_i_best_drop_c_ss_month_d3_n50,cv5_group,auroc,0.764332,0.2670,"CLOSE; best set minus core stem c_ss_month; vs_quoted_shallowA=0.752; cv=0.7643±0.0164; n_x=12; mode=shallow; trees=50; collapsed=False; extra=i_dso_x_dsr,i_transfer_x_ss,i_transfer_x_salary; lag_extra=False; vs_0752=+0.0123; vs_single=c_n_days_with_tx 0.7114423276043065; folds=0:0.7642,1:0.7920,2:0.7552,3:0.7495,4:0.7608; train=5648/402/0.0712; quote=cv5_group_not_holdout; merge_i=False; no extra-col set reaches 0.772; within 0.02 of 0.752 is no real lift — do not merge I"
2026-09-19T01:13,R4,4,88f17954,A+C+I,y3_recover_cash_6m,lgbm_y3_i_best_drop_c_ss_month_d3_n50,cv5_group,auroc_sd,0.0164327,0.2670,"CLOSE; best set minus core stem c_ss_month; vs_quoted_shallowA=0.752; cv=0.7643±0.0164; n_x=12; mode=shallow; trees=50; collapsed=False; extra=i_dso_x_dsr,i_transfer_x_ss,i_transfer_x_salary; lag_extra=False; vs_0752=+0.0123; vs_single=c_n_days_with_tx 0.7114423276043065; folds=0:0.7642,1:0.7920,2:0.7552,3:0.7495,4:0.7608; train=5648/402/0.0712; quote=cv5_group_not_holdout; merge_i=False; no extra-col set reaches 0.772; within 0.02 of 0.752 is no real lift — do not merge I"
2026-09-19T01:13,R4,4,88f17954,A+C+I,y3_recover_cash_6m,lgbm_y3_i_best_drop_c_salary_month_d3_n50,cv5_group,auroc,0.761571,0.2670,"CLOSE; best set minus core stem c_salary_month; vs_quoted_shallowA=0.752; cv=0.7616±0.0148; n_x=12; mode=shallow; trees=50; collapsed=False; extra=i_dso_x_dsr,i_transfer_x_ss,i_transfer_x_salary; lag_extra=False; vs_0752=+0.0096; vs_single=c_n_days_with_tx 0.7114423276043065; folds=0:0.7611,1:0.7576,2:0.7487,3:0.7538,4:0.7867; train=5648/402/0.0712; quote=cv5_group_not_holdout; merge_i=False; no extra-col set reaches 0.772; within 0.02 of 0.752 is no real lift — do not merge I"
2026-09-19T01:13,R4,4,88f17954,A+C+I,y3_recover_cash_6m,lgbm_y3_i_best_drop_c_salary_month_d3_n50,cv5_group,auroc_sd,0.0147757,0.2670,"CLOSE; best set minus core stem c_salary_month; vs_quoted_shallowA=0.752; cv=0.7616±0.0148; n_x=12; mode=shallow; trees=50; collapsed=False; extra=i_dso_x_dsr,i_transfer_x_ss,i_transfer_x_salary; lag_extra=False; vs_0752=+0.0096; vs_single=c_n_days_with_tx 0.7114423276043065; folds=0:0.7611,1:0.7576,2:0.7487,3:0.7538,4:0.7867; train=5648/402/0.0712; quote=cv5_group_not_holdout; merge_i=False; no extra-col set reaches 0.772; within 0.02 of 0.752 is no real lift — do not merge I"
2026-09-19T01:13,R4,4,88f17954,C+I,y3_recover_cash_6m,lgbm_y3_i_best_drop_a_n_tx_d3_n50,cv5_group,auroc,0.758715,0.2670,"CLOSE; best set minus core stem a_n_tx; vs_quoted_shallowA=0.752; cv=0.7587±0.0177; n_x=12; mode=shallow; trees=50; collapsed=False; extra=i_dso_x_dsr,i_transfer_x_ss,i_transfer_x_salary; lag_extra=False; vs_0752=+0.0067; vs_single=c_n_days_with_tx 0.7114423276043065; folds=0:0.7300,1:0.7548,2:0.7756,3:0.7649,4:0.7683; train=5648/402/0.0712; quote=cv5_group_not_holdout; merge_i=False; no extra-col set reaches 0.772; within 0.02 of 0.752 is no real lift — do not merge I"
2026-09-19T01:13,R4,4,88f17954,C+I,y3_recover_cash_6m,lgbm_y3_i_best_drop_a_n_tx_d3_n50,cv5_group,auroc_sd,0.0177211,0.2670,"CLOSE; best set minus core stem a_n_tx; vs_quoted_shallowA=0.752; cv=0.7587±0.0177; n_x=12; mode=shallow; trees=50; collapsed=False; extra=i_dso_x_dsr,i_transfer_x_ss,i_transfer_x_salary; lag_extra=False; vs_0752=+0.0067; vs_single=c_n_days_with_tx 0.7114423276043065; folds=0:0.7300,1:0.7548,2:0.7756,3:0.7649,4:0.7683; train=5648/402/0.0712; quote=cv5_group_not_holdout; merge_i=False; no extra-col set reaches 0.772; within 0.02 of 0.752 is no real lift — do not merge I"
2026-09-19T01:13,R4,4,88f17954,A+C+I,y3_recover_cash_6m,lgbm_y3_i_best_drop_c_n_days_with_tx_d3_n50,cv5_group,auroc,0.755143,0.2670,"CLOSE; best set minus core stem c_n_days_with_tx; vs_quoted_shallowA=0.752; cv=0.7551±0.0196; n_x=12; mode=shallow; trees=50; collapsed=False; extra=i_dso_x_dsr,i_transfer_x_ss,i_transfer_x_salary; lag_extra=False; vs_0752=+0.0031; vs_single=a_n_tx 0.6849335287292629; folds=0:0.7239,1:0.7501,2:0.7600,3:0.7685,4:0.7733; train=5648/402/0.0712; quote=cv5_group_not_holdout; merge_i=False; no extra-col set reaches 0.772; within 0.02 of 0.752 is no real lift — do not merge I"
2026-09-19T01:13,R4,4,88f17954,A+C+I,y3_recover_cash_6m,lgbm_y3_i_best_drop_c_n_days_with_tx_d3_n50,cv5_group,auroc_sd,0.0195731,0.2670,"CLOSE; best set minus core stem c_n_days_with_tx; vs_quoted_shallowA=0.752; cv=0.7551±0.0196; n_x=12; mode=shallow; trees=50; collapsed=False; extra=i_dso_x_dsr,i_transfer_x_ss,i_transfer_x_salary; lag_extra=False; vs_0752=+0.0031; vs_single=a_n_tx 0.6849335287292629; folds=0:0.7239,1:0.7501,2:0.7600,3:0.7685,4:0.7733; train=5648/402/0.0712; quote=cv5_group_not_holdout; merge_i=False; no extra-col set reaches 0.772; within 0.02 of 0.752 is no real lift — do not merge I"
2026-09-19T01:13,R4,4,88f17954,A+C+I,y3_recover_cash_6m,lgbm_y3_i_nofdsr_dso_shap_es400,cv5_group,auroc,0.727365,0.2670,"CLOSE; 400+ES on best 0.765 set; do not KEEP if collapsed; vs_quoted_shallowA=0.752; cv=0.7274±0.0337; n_x=15; mode=es; trees=50; collapsed=True; extra=i_dso_x_dsr,i_transfer_x_ss,i_transfer_x_salary; lag_extra=False; vs_0752=-0.0246; vs_single=c_n_days_with_tx 0.7114423276043065; folds=0:0.6899,1:0.7316,2:0.7686,3:0.6971,4:0.7497; train=5648/402/0.0712; quote=cv5_group_not_holdout; merge_i=False; no extra-col set reaches 0.772; within 0.02 of 0.752 is no real lift — do not merge I"
2026-09-19T01:13,R4,4,88f17954,A+C+I,y3_recover_cash_6m,lgbm_y3_i_nofdsr_dso_shap_es400,cv5_group,auroc_sd,0.0336964,0.2670,"CLOSE; 400+ES on best 0.765 set; do not KEEP if collapsed; vs_quoted_shallowA=0.752; cv=0.7274±0.0337; n_x=15; mode=es; trees=50; collapsed=True; extra=i_dso_x_dsr,i_transfer_x_ss,i_transfer_x_salary; lag_extra=False; vs_0752=-0.0246; vs_single=c_n_days_with_tx 0.7114423276043065; folds=0:0.6899,1:0.7316,2:0.7686,3:0.6971,4:0.7497; train=5648/402/0.0712; quote=cv5_group_not_holdout; merge_i=False; no extra-col set reaches 0.772; within 0.02 of 0.752 is no real lift — do not merge I"
2026-09-19T01:21,R4,4,3d5ad8d8,A/B/C/F/G/H,y11_y2_neg_2of3_dark,verify,train,base_rate,0.091432,0.2874,CLOSE; base=0.0914; two_sided=0.544; n_pos=556; numeric_ok=True; rho_y2=1.0; rho_y9=0.021456063142913845; holdout excluded; no targets.parquet write; never D/E
2026-09-19T01:21,R4,4,3d5ad8d8,A/B/C/F/G/H,y11_y2_neg_2of3_dark,verify,train,size_auroc,0.544216,0.2874,CLOSE; base=0.0914; two_sided=0.544; n_pos=556; numeric_ok=True; rho_y2=1.0; rho_y9=0.021456063142913845; holdout excluded; no targets.parquet write; never D/E
2026-09-19T01:21,R4,4,3d5ad8d8,A/B/C/F/G/H,y11_y3_recover_cash_6m_dark,verify,train,base_rate,0.067980,0.0959,CLOSE; base=0.0680; two_sided=0.669; n_pos=138; numeric_ok=False; rho_y2=-0.08850444648854677; rho_y9=-0.028916492345765692; holdout excluded; no targets.parquet write; never D/E
2026-09-19T01:21,R4,4,3d5ad8d8,A/B/C/F/G/H,y11_y3_recover_cash_6m_dark,verify,train,size_auroc,0.331326,0.0959,CLOSE; base=0.0680; two_sided=0.669; n_pos=138; numeric_ok=False; rho_y2=-0.08850444648854677; rho_y9=-0.028916492345765692; holdout excluded; no targets.parquet write; never D/E
2026-09-19T01:21,R4,4,3d5ad8d8,A/B/C/F/G/H,y11_neg_2of3_dark,verify,train,base_rate,0.476990,0.2927,PARK; base=0.4770; two_sided=0.509; n_pos=2954; numeric_ok=False; rho_y2=0.04308902459075685; rho_y9=0.08151473447189395; holdout excluded; no targets.parquet write; never D/E
2026-09-19T01:21,R4,4,3d5ad8d8,A/B/C/F/G/H,y11_neg_2of3_dark,verify,train,size_auroc,0.508849,0.2927,PARK; base=0.4770; two_sided=0.509; n_pos=2954; numeric_ok=False; rho_y2=0.04308902459075685; rho_y9=0.08151473447189395; holdout excluded; no targets.parquet write; never D/E
2026-09-19T01:21,R4,4,3d5ad8d8,A/B/C/F/G/H,y11_neg_3of3_dark,verify,train,base_rate,0.230098,0.2927,PARK; base=0.2301; two_sided=0.512; n_pos=1425; numeric_ok=True; rho_y2=0.039866144322257886; rho_y9=0.08237368465164412; holdout excluded; no targets.parquet write; never D/E
2026-09-19T01:21,R4,4,3d5ad8d8,A/B/C/F/G/H,y11_neg_3of3_dark,verify,train,size_auroc,0.488292,0.2927,PARK; base=0.2301; two_sided=0.512; n_pos=1425; numeric_ok=True; rho_y2=0.039866144322257886; rho_y9=0.08237368465164412; holdout excluded; no targets.parquet write; never D/E
2026-09-19T01:21,R4,4,3d5ad8d8,A/B/C/F/G/H,y11_neg_ownp20_2of3_dark,verify,train,base_rate,0.211268,0.1846,ACCEPTED; base=0.2113; two_sided=0.541; n_pos=825; numeric_ok=True; rho_y2=0.026880490262987076; rho_y9=0.08279657148975138; holdout excluded; no targets.parquet write; never D/E
2026-09-19T01:21,R4,4,3d5ad8d8,A/B/C/F/G/H,y11_neg_ownp20_2of3_dark,verify,train,size_auroc,0.541487,0.1846,ACCEPTED; base=0.2113; two_sided=0.541; n_pos=825; numeric_ok=True; rho_y2=0.026880490262987076; rho_y9=0.08279657148975138; holdout excluded; no targets.parquet write; never D/E
2026-09-19T01:21,R4,4,3d5ad8d8,A/B/C/F/G/H,y11_net_recover_6m_dark,verify,train,base_rate,0.221057,0.1082,ACCEPTED; base=0.2211; two_sided=0.509; n_pos=506; numeric_ok=True; rho_y2=-0.05234230995918812; rho_y9=-0.0006626488184820065; holdout excluded; no targets.parquet write; never D/E
2026-09-19T01:21,R4,4,3d5ad8d8,A/B/C/F/G/H,y11_net_recover_6m_dark,verify,train,size_auroc,0.490790,0.1082,ACCEPTED; base=0.2211; two_sided=0.509; n_pos=506; numeric_ok=True; rho_y2=-0.05234230995918812; rho_y9=-0.0006626488184820065; holdout excluded; no targets.parquet write; never D/E
2026-09-19T01:21,R4,4,3d5ad8d8,A/B/C/F/G/H,y11_neg_onset_3of3_dark,verify,train,base_rate,0.090796,0.1525,ACCEPTED; base=0.0908; two_sided=0.563; n_pos=293; numeric_ok=True; rho_y2=0.012757839513652025; rho_y9=0.07959250456016691; holdout excluded; no targets.parquet write; never D/E
2026-09-19T01:21,R4,4,3d5ad8d8,A/B/C/F/G/H,y11_neg_onset_3of3_dark,verify,train,size_auroc,0.562949,0.1525,ACCEPTED; base=0.0908; two_sided=0.563; n_pos=293; numeric_ok=True; rho_y2=0.012757839513652025; rho_y9=0.07959250456016691; holdout excluded; no targets.parquet write; never D/E
2026-09-19T01:21,R4,4,3d5ad8d8,A/B/C/F/G/H,y11_fee_ownp80_dark,verify,train,base_rate,0.140748,0.1504,CLOSE; base=0.1407; two_sided=0.536; n_pos=448; numeric_ok=True; rho_y2=0.021456063142913845; rho_y9=0.9999999999999998; holdout excluded; no targets.parquet write; never D/E
2026-09-19T01:21,R4,4,3d5ad8d8,A/B/C/F/G/H,y11_fee_ownp80_dark,verify,train,size_auroc,0.536295,0.1504,CLOSE; base=0.1407; two_sided=0.536; n_pos=448; numeric_ok=True; rho_y2=0.021456063142913845; rho_y9=0.9999999999999998; holdout excluded; no targets.parquet write; never D/E
2026-09-19T01:21,R4,4,3d5ad8d8,A/B/C/F/G/H,y11_fee_spike_dark,verify,train,base_rate,0.189309,0.1176,CLOSE; base=0.1893; two_sided=0.591; n_pos=471; numeric_ok=True; rho_y2=0.00652883065088808; rho_y9=1.0; holdout excluded; no targets.parquet write; never D/E
2026-09-19T01:21,R4,4,3d5ad8d8,A/B/C/F/G/H,y11_fee_spike_dark,verify,train,size_auroc,0.409380,0.1176,CLOSE; base=0.1893; two_sided=0.591; n_pos=471; numeric_ok=True; rho_y2=0.00652883065088808; rho_y9=1.0; holdout excluded; no targets.parquet write; never D/E
2026-09-19T01:21,R4,4,3d5ad8d8,A/B/C/F/G/H,y11_zero_in_2of3_dark,verify,train,base_rate,0.202648,0.2927,PARK; base=0.2026; two_sided=0.878; n_pos=1255; numeric_ok=False; rho_y2=-0.0898188791812131; rho_y9=-0.06333000353668104; holdout excluded; no targets.parquet write; never D/E
2026-09-19T01:21,R4,4,3d5ad8d8,A/B/C/F/G/H,y11_zero_in_2of3_dark,verify,train,size_auroc,0.121913,0.2927,PARK; base=0.2026; two_sided=0.878; n_pos=1255; numeric_ok=False; rho_y2=-0.0898188791812131; rho_y9=-0.06333000353668104; holdout excluded; no targets.parquet write; never D/E
2026-09-19T01:22,R4,4,3d5ad8d8,A/B/C/F/G/H,y11_y2_neg_2of3_dark,verify,train,base_rate,0.091432,0.2874,CLOSE; base=0.0914; two_sided=0.544; n_pos=556; numeric_ok=True; rho_y2=1.0; rho_y9=0.021456063142913845; holdout excluded; no targets.parquet write; never D/E
2026-09-19T01:22,R4,4,3d5ad8d8,A/B/C/F/G/H,y11_y2_neg_2of3_dark,verify,train,size_auroc,0.544216,0.2874,CLOSE; base=0.0914; two_sided=0.544; n_pos=556; numeric_ok=True; rho_y2=1.0; rho_y9=0.021456063142913845; holdout excluded; no targets.parquet write; never D/E
2026-09-19T01:22,R4,4,3d5ad8d8,A/B/C/F/G/H,y11_y3_recover_cash_6m_dark,verify,train,base_rate,0.067980,0.0959,CLOSE; base=0.0680; two_sided=0.669; n_pos=138; numeric_ok=False; rho_y2=-0.08850444648854677; rho_y9=-0.028916492345765692; holdout excluded; no targets.parquet write; never D/E
2026-09-19T01:22,R4,4,3d5ad8d8,A/B/C/F/G/H,y11_y3_recover_cash_6m_dark,verify,train,size_auroc,0.331326,0.0959,CLOSE; base=0.0680; two_sided=0.669; n_pos=138; numeric_ok=False; rho_y2=-0.08850444648854677; rho_y9=-0.028916492345765692; holdout excluded; no targets.parquet write; never D/E
2026-09-19T01:22,R4,4,3d5ad8d8,A/B/C/F/G/H,y11_neg_2of3_dark,verify,train,base_rate,0.476990,0.2927,PARK; base=0.4770; two_sided=0.509; n_pos=2954; numeric_ok=False; rho_y2=0.04308902459075685; rho_y9=0.08151473447189395; holdout excluded; no targets.parquet write; never D/E
2026-09-19T01:22,R4,4,3d5ad8d8,A/B/C/F/G/H,y11_neg_2of3_dark,verify,train,size_auroc,0.508849,0.2927,PARK; base=0.4770; two_sided=0.509; n_pos=2954; numeric_ok=False; rho_y2=0.04308902459075685; rho_y9=0.08151473447189395; holdout excluded; no targets.parquet write; never D/E
2026-09-19T01:22,R4,4,3d5ad8d8,A/B/C/F/G/H,y11_neg_3of3_dark,verify,train,base_rate,0.230098,0.2927,PARK; base=0.2301; two_sided=0.512; n_pos=1425; numeric_ok=True; rho_y2=0.039866144322257886; rho_y9=0.08237368465164412; holdout excluded; no targets.parquet write; never D/E
2026-09-19T01:22,R4,4,3d5ad8d8,A/B/C/F/G/H,y11_neg_3of3_dark,verify,train,size_auroc,0.488292,0.2927,PARK; base=0.2301; two_sided=0.512; n_pos=1425; numeric_ok=True; rho_y2=0.039866144322257886; rho_y9=0.08237368465164412; holdout excluded; no targets.parquet write; never D/E
2026-09-19T01:22,R4,4,3d5ad8d8,A/B/C/F/G/H,y11_neg_ownp20_2of3_dark,verify,train,base_rate,0.211268,0.1846,ACCEPTED; base=0.2113; two_sided=0.541; n_pos=825; numeric_ok=True; rho_y2=0.026880490262987076; rho_y9=0.08279657148975138; holdout excluded; no targets.parquet write; never D/E
2026-09-19T01:22,R4,4,3d5ad8d8,A/B/C/F/G/H,y11_neg_ownp20_2of3_dark,verify,train,size_auroc,0.541487,0.1846,ACCEPTED; base=0.2113; two_sided=0.541; n_pos=825; numeric_ok=True; rho_y2=0.026880490262987076; rho_y9=0.08279657148975138; holdout excluded; no targets.parquet write; never D/E
2026-09-19T01:22,R4,4,3d5ad8d8,A/B/C/F/G/H,y11_net_recover_6m_dark,verify,train,base_rate,0.221057,0.1082,ACCEPTED; base=0.2211; two_sided=0.509; n_pos=506; numeric_ok=True; rho_y2=-0.05234230995918812; rho_y9=-0.0006626488184820065; holdout excluded; no targets.parquet write; never D/E
2026-09-19T01:22,R4,4,3d5ad8d8,A/B/C/F/G/H,y11_net_recover_6m_dark,verify,train,size_auroc,0.490790,0.1082,ACCEPTED; base=0.2211; two_sided=0.509; n_pos=506; numeric_ok=True; rho_y2=-0.05234230995918812; rho_y9=-0.0006626488184820065; holdout excluded; no targets.parquet write; never D/E
2026-09-19T01:22,R4,4,3d5ad8d8,A/B/C/F/G/H,y11_neg_onset_3of3_dark,verify,train,base_rate,0.090796,0.1525,ACCEPTED; base=0.0908; two_sided=0.563; n_pos=293; numeric_ok=True; rho_y2=0.012757839513652025; rho_y9=0.07959250456016691; holdout excluded; no targets.parquet write; never D/E
2026-09-19T01:22,R4,4,3d5ad8d8,A/B/C/F/G/H,y11_neg_onset_3of3_dark,verify,train,size_auroc,0.562949,0.1525,ACCEPTED; base=0.0908; two_sided=0.563; n_pos=293; numeric_ok=True; rho_y2=0.012757839513652025; rho_y9=0.07959250456016691; holdout excluded; no targets.parquet write; never D/E
2026-09-19T01:22,R4,4,3d5ad8d8,A/B/C/F/G/H,y11_fee_ownp80_dark,verify,train,base_rate,0.140748,0.1504,CLOSE; base=0.1407; two_sided=0.536; n_pos=448; numeric_ok=True; rho_y2=0.021456063142913845; rho_y9=0.9999999999999998; holdout excluded; no targets.parquet write; never D/E
2026-09-19T01:22,R4,4,3d5ad8d8,A/B/C/F/G/H,y11_fee_ownp80_dark,verify,train,size_auroc,0.536295,0.1504,CLOSE; base=0.1407; two_sided=0.536; n_pos=448; numeric_ok=True; rho_y2=0.021456063142913845; rho_y9=0.9999999999999998; holdout excluded; no targets.parquet write; never D/E
2026-09-19T01:22,R4,4,3d5ad8d8,A/B/C/F/G/H,y11_fee_spike_dark,verify,train,base_rate,0.189309,0.1176,CLOSE; base=0.1893; two_sided=0.591; n_pos=471; numeric_ok=True; rho_y2=0.00652883065088808; rho_y9=1.0; holdout excluded; no targets.parquet write; never D/E
2026-09-19T01:22,R4,4,3d5ad8d8,A/B/C/F/G/H,y11_fee_spike_dark,verify,train,size_auroc,0.409380,0.1176,CLOSE; base=0.1893; two_sided=0.591; n_pos=471; numeric_ok=True; rho_y2=0.00652883065088808; rho_y9=1.0; holdout excluded; no targets.parquet write; never D/E
2026-09-19T01:22,R4,4,3d5ad8d8,A/B/C/F/G/H,y11_zero_in_2of3_dark,verify,train,base_rate,0.202648,0.2927,PARK; base=0.2026; two_sided=0.878; n_pos=1255; numeric_ok=False; rho_y2=-0.0898188791812131; rho_y9=-0.06333000353668104; holdout excluded; no targets.parquet write; never D/E
2026-09-19T01:22,R4,4,3d5ad8d8,A/B/C/F/G/H,y11_zero_in_2of3_dark,verify,train,size_auroc,0.121913,0.2927,PARK; base=0.2026; two_sided=0.878; n_pos=1255; numeric_ok=False; rho_y2=-0.0898188791812131; rho_y9=-0.06333000353668104; holdout excluded; no targets.parquet write; never D/E
2026-09-19T01:28,R4,4,79044b5e,-,y4_ds_r_double,y4_why_crash,train,share_of_positives,0.796353,0.3021,in3_ratio<0.8; n=716 n_pos=262 y_rate=0.3659217877094972; size_auroc=0.38638312539933417; never F; train labeled only
2026-09-19T01:28,R4,4,79044b5e,-,y4_ds_r_double,y4_why_spike,train,share_of_positives,0.343465,0.1224,ds3_ratio>1.5; n=290 n_pos=113 y_rate=0.3896551724137931; size_auroc=0.4848257587120644; never F; train labeled only
2026-09-19T01:28,R4,4,79044b5e,-,y4_ds_r_double,y4_why_both,train,share_of_positives,0.151976,0.0215,crash and spike; n=51 n_pos=50; train labeled only
2026-09-19T01:28,R4,4,79044b5e,-,y4_ds_r_double,y4_why_neither,train,share_of_positives,0,0.5679,neither crash nor spike; n=1346 n_pos=0; train labeled only
2026-09-19T01:28,R4,4,79044b5e,D,y4_ds_r_double,single_d_cust_hhi,cv5_group,auroc,0.583232,0.4418,Q6 clock; sign from train fold; CV=0.5832±0.074; train_auc=0.5744; sign=+1; n_defined=1047; never F; quote CV not holdout
2026-09-19T01:28,R4,4,79044b5e,D,y4_ds_r_double,single_d_cust_hhi_lag1,cv5_group,auroc,0.602518,0.4160,Q6 clock; sign from train fold; CV=0.6025±0.081; train_auc=0.5864; sign=+1; n_defined=986; never F; quote CV not holdout
2026-09-19T01:28,R4,4,79044b5e,D,y4_ds_r_double,single_d_cust_hhi_lag3,cv5_group,auroc,0.604674,0.3578,Q6 clock; sign from train fold; CV=0.6047±0.044; train_auc=0.5918; sign=+1; n_defined=848; never F; quote CV not holdout
2026-09-19T01:28,R4,4,79044b5e,D,y4_ds_r_double,single_d_cust_hhi_lag6,cv5_group,auroc,0.605203,0.2570,Q6 clock; sign from train fold; CV=0.6052±0.175; train_auc=0.5328; sign=+1; n_defined=609; never F; quote CV not holdout
2026-09-19T01:28,R4,4,79044b5e,D,y4_ds_r_double,single_d_cust_top1,cv5_group,auroc,0.583035,0.4418,Q6 clock; sign from train fold; CV=0.5830±0.072; train_auc=0.5727; sign=+1; n_defined=1047; never F; quote CV not holdout
2026-09-19T01:28,R4,4,79044b5e,D,y4_ds_r_double,single_d_cust_top1_lag1,cv5_group,auroc,0.602231,0.4160,Q6 clock; sign from train fold; CV=0.6022±0.079; train_auc=0.5829; sign=+1; n_defined=986; never F; quote CV not holdout
2026-09-19T01:28,R4,4,79044b5e,D,y4_ds_r_double,single_d_cust_top1_lag3,cv5_group,auroc,0.603776,0.3578,Q6 clock; sign from train fold; CV=0.6038±0.043; train_auc=0.5900; sign=+1; n_defined=848; never F; quote CV not holdout
2026-09-19T01:28,R4,4,79044b5e,D,y4_ds_r_double,single_d_cust_top1_lag6,cv5_group,auroc,0.605307,0.2570,Q6 clock; sign from train fold; CV=0.6053±0.173; train_auc=0.5309; sign=+1; n_defined=609; never F; quote CV not holdout
2026-09-19T01:28,R4,4,79044b5e,D,y4_ds_r_double,hhi_lag3_quintile,train,y_rate_q1,0.0823529,0.2005,"train labeled complete HHI_lag3; cuts from train; n=170 pos=14 interval=(0.00531, 0.242]; never holdout cuts"
2026-09-19T01:28,R4,4,79044b5e,D,y4_ds_r_double,hhi_lag3_quintile,train,y_rate_q2,0.153846,0.1993,"train labeled complete HHI_lag3; cuts from train; n=169 pos=26 interval=(0.242, 0.412]; never holdout cuts"
2026-09-19T01:28,R4,4,79044b5e,D,y4_ds_r_double,hhi_lag3_quintile,train,y_rate_q3,0.105882,0.2005,"train labeled complete HHI_lag3; cuts from train; n=170 pos=18 interval=(0.412, 0.645]; never holdout cuts"
2026-09-19T01:28,R4,4,79044b5e,D,y4_ds_r_double,hhi_lag3_quintile,train,y_rate_q4,0.118343,0.1993,"train labeled complete HHI_lag3; cuts from train; n=169 pos=20 interval=(0.645, 0.975]; never holdout cuts"
2026-09-19T01:28,R4,4,79044b5e,D,y4_ds_r_double,hhi_lag3_quintile,train,y_rate_q5,0.223529,0.2005,"train labeled complete HHI_lag3; cuts from train; n=170 pos=38 interval=(0.975, 1.0]; never holdout cuts"
2026-09-19T01:28,R4,4,79044b5e,D,y4_ds_r_double,d_zavg_hhi_nsupp_lag3,cv5_group,auroc,0.633833,0.3578,"CLOSE; zavg CV 0.634 clears 0.605+0.02 and is not HHI-on-CC (HHI-CC 0.605, gap +0.029) but is n_supp on those same rows (n_supp-CC 0.631, gap +0.003 < 0.02); vs HHI-all 0.6047; HHI-CC 0.6047; supp-CC 0.6309; complete=848/116; never F; no GBM"
2026-09-19T01:28,R4,4,79044b5e,D,y4_ds_r_double,single_d_cust_hhi_lag3_cc,cv5_group,auroc,0.604674,0.3578,HHI_lag3 on z-avg complete-case rows; honesty check; never F
2026-09-19T01:28,R4,4,79044b5e,D-vs-F,y4_ds_r_double,hhi_lag3_leak,train,spearman_f_ds_r,0.160887,0.3578,"train labeled; pearson=0.23355945382696; n=848; top1_rewrite=True; comparator only, not X; never F in X"
2026-09-19T01:28,R4,4,79044b5e,D,y4_ds_r_double,hhi_lag3_leak,train,spearman_a_in3,-0.293218,0.3578,"train labeled; pearson=-0.13428992736926915; n=848; top1_rewrite=True; comparator only, not X; never F in X"
2026-09-19T01:28,R4,4,79044b5e,D,y4_ds_r_double,hhi_lag3_leak,train,spearman_d_cust_top1,0.797997,0.3460,"train labeled; pearson=0.79401694805773; n=820; top1_rewrite=True; comparator only, not X; never F in X"
2026-09-19T01:28,R4,4,79044b5e,D,y4_ds_r_double,hhi_lag3_leak,train,spearman_d_cust_top1_lag3,0.990719,0.3578,"train labeled; pearson=0.9786144723276082; n=848; top1_rewrite=True; comparator only, not X; never F in X"
2026-09-19T01:28,R4,4,79044b5e,D,y4_ds_r_double,single_d_cust_hhi_lag6,cv5_group,auroc_sd,0.174813,0.2570,lag6 mean-CV peak is unstable; sd=0.175 train_auc=0.533; stable quote lag3; never F
2026-09-19T01:28,R4,4,79044b5e,D,y4_ds_r_double,single_d_n_supp,cv5_group,auroc,0.557656,0.5139,n_supp Q6 clock; CV=0.5577±0.099; sign=-1; never F
2026-09-19T01:28,R4,4,79044b5e,D,y4_ds_r_double,single_d_n_supp_lag1,cv5_group,auroc,0.576017,0.4852,n_supp Q6 clock; CV=0.5760±0.087; sign=-1; never F
2026-09-19T01:28,R4,4,79044b5e,D,y4_ds_r_double,single_d_n_supp_lag3,cv5_group,auroc,0.600259,0.4160,n_supp Q6 clock; CV=0.6003±0.082; sign=-1; never F
2026-09-19T01:28,R4,4,79044b5e,D,y4_ds_r_double,single_d_n_supp_lag6,cv5_group,auroc,0.609206,0.3034,n_supp Q6 clock; CV=0.6092±0.112; sign=-1; never F
2026-09-19T01:28,R4,4,79044b5e,D,y4_ds_r_double,hhi_lag3_tail_gt0975,train,y_rate,0.22093,0.2028,train labeled; rest_rate=0.11538461538461539; tail_auroc=0.5722630488034671; n=172 pos=38; never holdout cuts
2026-09-19T01:28,R4,4,79044b5e,D,y4_ds_r_double,single_d_cust_hhi_lag3_crash_any,cv5_group,auroc,0.638886,0.3589,OOF inside crash_any; n=716 pos=262; CV=0.6389±0.070; never F; train folds only
2026-09-19T01:28,R4,4,79044b5e,D,y4_ds_r_double,single_d_n_supp_lag3_crash_any,cv5_group,auroc,0.555467,0.4441,OOF inside crash_any; n=716 pos=262; CV=0.5555±0.159; never F; train folds only
2026-09-19T01:28,R4,4,79044b5e,D,y4_ds_r_double,single_d_cust_hhi_lag3_crash_only,cv5_group,auroc,0.647985,0.3519,OOF inside crash_only; n=665 pos=212; CV=0.6480±0.077; never F; train folds only
2026-09-19T01:28,R4,4,79044b5e,D,y4_ds_r_double,single_d_n_supp_lag3_crash_only,cv5_group,auroc,0.57851,0.4406,OOF inside crash_only; n=665 pos=212; CV=0.5785±0.184; never F; train folds only
2026-09-19T01:28,R4,4,79044b5e,D,y4_ds_r_double,single_d_cust_hhi_lag3_spike_any,cv5_group,auroc,0.523982,0.4000,OOF inside spike_any; n=290 pos=113; CV=0.5240±0.046; never F; train folds only
2026-09-19T01:28,R4,4,79044b5e,D,y4_ds_r_double,single_d_n_supp_lag3_spike_any,cv5_group,auroc,0.563479,0.4379,OOF inside spike_any; n=290 pos=113; CV=0.5635±0.166; never F; train folds only
2026-09-19T01:28,R4,4,79044b5e,D,y4_ds_r_double,single_d_cust_hhi_lag3_spike_only,cv5_group,auroc,0.561062,0.3891,OOF inside spike_only; n=239 pos=63; CV=0.5611±0.081; never F; train folds only
2026-09-19T01:28,R4,4,79044b5e,D,y4_ds_r_double,single_d_n_supp_lag3_spike_only,cv5_group,auroc,0.566303,0.4268,OOF inside spike_only; n=239 pos=63; CV=0.5663±0.222; never F; train folds only
2026-09-19T01:28,R4,4,79044b5e,D,y4_ds_r_double,single_d_cust_hhi_crash_any,cv5_group,auroc,0.622195,0.4204,HHI clock on crash_any; CV=0.6222±0.080; train=0.6108; never F
2026-09-19T01:28,R4,4,79044b5e,D,y4_ds_r_double,single_d_cust_hhi_lag1_crash_any,cv5_group,auroc,0.663358,0.3953,HHI clock on crash_any; CV=0.6634±0.139; train=0.6214; never F
2026-09-19T01:28,R4,4,79044b5e,D,y4_ds_r_double,single_d_cust_hhi_lag3_crash_any,cv5_group,auroc,0.638886,0.3589,HHI clock on crash_any; CV=0.6389±0.070; train=0.6139; never F
2026-09-19T01:28,R4,4,79044b5e,D,y4_ds_r_double,single_d_cust_hhi_lag6_crash_any,cv5_group,auroc,0.64272,0.2626,HHI clock on crash_any; CV=0.6427±0.226; train=0.5764; never F
2026-09-19T01:31,R4,4,79044b5e,D,y4_ds_r_double,single_d_cust_hhi_lag3_body,cv5_group,auroc,0.4445,0.2852,HHI<=0.975 only; CV=0.4445±0.132; n=676 pos=78; 0.605 is the monopoly tail; never F
2026-09-19T01:31,R4,4,79044b5e,D,y4_ds_r_double,hhi_lag3_tail_gt0975,train,n_companies,43,0.2028,172 months / 43 companies; P(Y=1)=0.221 vs body 0.115; never holdout cuts
2026-09-19T01:31,R4,4,79044b5e,D,y4_ds_r_double,hhi_lag3_crash_quintile,train,y_rate_q5,0.538462,0.2023,crash_any train cuts; Q5 HHI>0.991 n=52 pos=28; Q1-4 ~0.25-0.31; never holdout cuts
2026-09-19T01:31,R4,4,79044b5e,D,y4_ds_r_double,d_zavg_hhi_nsupp_lag3,cv5_group,decision,,0.3578,CLOSE; CV 0.634 vs HHI-CC 0.605 (+0.029) vs n_supp-CC 0.631 (+0.003); not a card KEEP; never F; no GBM
2026-09-19T01:31,R4,4,79044b5e,D,y4_ds_r_double,hhi_lag3_tail_flag,cv5_group,auroc,0.5780,0.3578,binary HHI_lag3>0.975; train-only quintile edge; CV=0.578±0.071; weaker than continuous 0.605; tail is 43 cos / 172 mo; never F
2026-09-19T01:31,R4,4,79044b5e,D,y4_ds_r_double,hhi_lag3_tail_cos_other,train,y_rate,0.153,,"same 43 tail companies on non-tail labeled months; n=242 pos=37; vs tail months 0.221; partly type, still a month jump"
2026-09-19T01:36,R4,4,6bf54618,trail,trail_length,coverage,train,banking_first_created_after_202409,0.7357555739058629,0.7357555739058629,replica 891/1211; joinQA 891/1211; verdict=CONFIRM; month_after_sep=0.7093
2026-09-19T01:36,R4,4,6bf54618,trail,trail_length,coverage,train,first_tx_after_202409,0.6416803953871499,0.6416803953871499,n=779/1214; Q6 bank-trail clock
2026-09-19T01:36,R4,4,6bf54618,trail,trail_length,coverage,train,months_on_book_lt6,0.002471169686985173,0.002471169686985173,n=3/1214; fixed cut <6
2026-09-19T01:36,R4,4,6bf54618,trail,trail_length,coverage,train,months_on_book_lt12,0.2883031301482702,0.2883031301482702,n=350/1214; fixed cut <12
2026-09-19T01:36,R4,4,6bf54618,trail,trail_length,coverage,train,months_on_book_eq24,0.35831960461285006,0.35831960461285006,n=435/1214
2026-09-19T01:36,R4,4,6bf54618,trail,trail_length,coverage,train,late_tx_new_subsidiary_share,0.14505776636713735,0.6416803953871499,n=113/779; rest are new-group members
2026-09-19T01:36,R4,4,6bf54618,trail,trail_length,coverage,train,y3_recover_cash_6m_short_<12_sofar_base,0.06768734891216761,0.2984607984607985,n_lab=3723; n_pos=252; min so-far on labeled=2
2026-09-19T01:36,R4,4,6bf54618,trail,trail_length,coverage,train,y3_recover_cash_6m_long_>=18_sofar_base,0.07511737089201878,0.05401978189196044,n_lab=213; n_pos=16; min so-far on labeled=2
2026-09-19T01:36,R4,4,6bf54618,trail,trail_length,coverage,train,y2_neg_2of3_short_<12_sofar_base,0.07911675308421241,0.8967452300785634,n_lab=11186; n_pos=885; min so-far on labeled=1
2026-09-19T01:36,R4,4,6bf54618,trail,trail_length,coverage,train,y2_neg_2of3_long_>=18_sofar_base,0.062368972746331235,0.48389551103220896,n_lab=1908; n_pos=119; min so-far on labeled=1
2026-09-19T01:36,R4,4,6bf54618,trail,trail_length,coverage,train,y7_top1_lost_short_<12_sofar_base,0.3024202669079394,0.35441718775052106,n_lab=4421; n_pos=1337; min so-far on labeled=1
2026-09-19T01:36,R4,4,6bf54618,trail,trail_length,coverage,train,y7_top1_lost_long_>=18_sofar_base,0.22816593886462883,0.23231042353537915,n_lab=916; n_pos=209; min so-far on labeled=1
2026-09-19T01:36,R4,4,6bf54618,trail,trail_length,coverage,train,y4_ds_r_double_short_<12_sofar_base,0.1386806596701649,0.10694244027577361,n_lab=1334; n_pos=185; min so-far on labeled=3
2026-09-19T01:36,R4,4,6bf54618,trail,trail_length,coverage,train,y4_ds_r_double_long_>=18_sofar_base,0.10101010101010101,0.07532335784935329,n_lab=297; n_pos=30; min so-far on labeled=3
2026-09-19T01:36,R4,4,6bf54618,trail,trail_length,coverage,train,y7_issued_lag1_nn_short_<12,0.9522732413481113,0.9522732413481113,n_lab=4421; nn=4210
2026-09-19T01:36,R4,4,6bf54618,trail,trail_length,coverage,train,y7_issued_lag1_nn_long_>=18,1.0,1.0,n_lab=916; nn=916
2026-09-19T01:36,R4,4,6bf54618,trail,trail_length,coverage,train,y7_issued_lag1_nn_all,0.9717309753483387,0.9717309753483387,n_lab=7464; nn=7253
2026-09-19T01:36,R4,4,6bf54618,trail,trail_length,coverage,train,y4_hhi_lag3_nn_short_<12,0.21739130434782608,0.21739130434782608,n_lab=1334; nn=290
2026-09-19T01:36,R4,4,6bf54618,trail,trail_length,coverage,train,y4_hhi_lag3_nn_long_>=18,0.531986531986532,0.531986531986532,n_lab=297; nn=158
2026-09-19T01:36,R4,4,6bf54618,trail,trail_length,coverage,train,y4_hhi_lag3_nn_all,0.35780590717299576,0.35780590717299576,n_lab=2370; nn=848
2026-09-19T01:37,R4,4,6bf54618,trail,trail_length,coverage,train,late_tx_same_month_group_share,0.28498074454428757,0.28498074454428757,n=222/779; staggered=0.5699614890885751; mixed=0.14505776636713735
2026-09-19T01:37,R4,4,6bf54618,trail,trail_length,coverage,train,g_n_accounts_zero_train_cm,0.12374155125963038,0.12374155125963038,n=2618/21157; NOT the g_created_* constants; first_month_zero=0.6367380560131796
2026-09-19T01:38,R4,4,6bf54618,trail,trail_length,coverage,train,y4_hhi_lag3_miss_short,0.782608695652174,0.21739130434782605,n_lab=1334; miss=1044; shift=162; cal=134; src=567; conn_lag_med=2.0
2026-09-19T01:39,R4,4,6bf54618,trail,trail_length,coverage,train,last_tx_before_202608,0.09967051070840198,0.09967051070840198,"n=121; right-censor quiet tail, not left-trunc"
2026-09-18T23:39,R4,4,1882a607,F,-,debt_schedule_qa,train,n_sched_rows,87,1.0000,40 companies still; train_co=39; hold_co=1
2026-09-18T23:39,R4,4,1882a607,F,-,debt_schedule_qa,train,f_w_rate_cov_cm,0.0173938,0.0173938,n_cm=368 n_co=38 last_share=0.103 NOT last-month-only
2026-09-18T23:39,R4,4,1882a607,F,-,debt_schedule_qa,train,f_util_snapshot_last_month_only,1,0.0157867,PARK snapshot X/Y; utilisation already parked in Y10
2026-09-18T23:39,R4,4,1882a607,F,-,debt_schedule_qa,train,sched_co_share,0.0321252,0.0321252,n=39/1214; flow_cos=1055; sched_no_rep=5
2026-09-18T23:39,R4,4,1882a607,F,y4_ds_r_double,debt_schedule_qa,train,auroc_ever_sched,0.520568,0.0321252,single-feature diagnostic; not a GBM
2026-09-18T23:39,R4,4,1882a607,F,-,debt_schedule_qa,train,ogtg_last_month_n,32,0.0263591,debt_products true=50 cos=35; schedule true=6
2026-09-18T23:39,R4,4,1882a607,F,-,debt_schedule_qa,train,q6_usable_lead,0,0.0173938,next_before_asof=81/87; months_p50=-5.55; CLOSE
2026-09-18T23:39,R4,4,1882a607,F,-,debt_schedule_qa,train,f_new_facility_share_gt0,0.0270832,1.0000,n_cm=573 n_co=309 acf1=-0.062 KEEP inventory not Y
2026-09-19T01:40,R4,4,6bf54618,trail,trail_length,coverage,train,g_n_accounts_0_with_tx,0.9656226126814362,0.9656226126814362,n_zero=2618; n_with_tx=2528; med_tx_zero=32.0; PARK as health Y
2026-09-19T01:41,R4,4,6bf54618,trail,trail_length,coverage,train,erp_invoice_before_first_tx,0.43548387096774194,0.43548387096774194,n=324/744; pass3 inv-months can exceed bank grid because of pre-grid issuance
2026-09-18T23:42,R4,4,1882a607,F,-,debt_schedule_qa,train,sched_created_after_repay_share,0.852941,0.0321252,29/34 paid before first schedule connected; raw_not_store=['COMP_1027']
2026-09-18T23:42,R4,4,1882a607,F,-,debt_schedule_qa,train,f_sched_vs_obs_clip20_share,0.3125,0.0173938,p50=1.158 share0=0.071 rho_rate_fc=-0.068 PARK
2026-09-19T01:42,R4,4,6bf54618,trail,trail_length,coverage,train,quiet_aug_still_sep2026_tx,0.01652892561983471,0.6663920922570017,quiet=121; quiet_with_sep=2; any_sep=809; not a death Y
2026-09-18T23:42,R4,4,1882a607,F,y4_ds_r_double,debt_schedule_qa,train_cv,auroc_ever_sched_gfold,0.519457,0.0321252,protocol group-fold 5; CLOSE schedule-as-Y
2026-09-18T23:42,R4,4,1882a607,F,-,debt_schedule_qa,train,n_rep_no_schedule,459,0.378089,sched_and_loc=22/186 loc; flow exists without the book
2026-09-18T23:43,R4,4,1882a607,F,y4_ds_r_double,debt_schedule_qa,train,y4_rate_sched_vs_rep_only,0.188841,0.0321252,sched=0.1888 vs rep_no_sched=0.1334; no_rep labeled=0; CLOSE
2026-09-19T01:43,R4,4,6bf54618,trail,trail_length,coverage,train,holdout_late_first_tx,0.9583333333333334,0.9027777777777778,n=69/72; in_new_group=65; groups_new=12/15; train_sib=0; LOW_POWER coverage
2026-09-18T23:44,R4,4,1882a607,F,y3_recover_cash_6m,debt_schedule_qa,train,y3_rate_new_addon,0,1.0000,add-on new_facility months; 0 Y3 recoveries labeled; Q3 CAUTION
2026-09-19T01:47,R4,4,6bf54618,trail,trail_length,coverage,train,y4_hhi_lag3_nn_holdout,0.15555555555555556,0.09523809523809523,n=21/135 holdout Y4 labeled; from_24m=2; LOW_POWER coverage
2026-09-19T01:48,R4,4,6bf54618,trail,trail_length,coverage,holdout,holdout_late_first_tx,0.9583333333333334,0.9027777777777778,n=69/72; in_new_group=65; groups_new=12/15; train_sib=0; LOW_POWER coverage
2026-09-19T01:48,R4,4,6bf54618,trail,trail_length,coverage,holdout,y4_hhi_lag3_nn_holdout,0.15555555555555556,0.09523809523809523,n=21/135 holdout Y4 labeled; from_24m=2; LOW_POWER coverage
2026-09-19T01:49,R4,4,6bf54618,trail,trail_length,coverage,holdout,holdout_months_on_book_lt12,0.2638888888888889,0.041666666666666664,n_lt12=19/72; eq24=3; ge18=24; LOW_POWER coverage
2026-09-19T01:50,R4,4,5d5b1b81,H,y3_recover_cash_6m,mix_360_110,train,y3_gap,0.0684843,1.0000,mixed 0.1205 vs all-dark 0.0520; confirm_470=True; train only
2026-09-19T01:50,R4,4,5d5b1b81,H,y3_recover_cash_6m,size_tercile,train,t1_residual,0.166667,1.0000,mixed-alldark inside T1; log1p(a_in3) train edges
2026-09-19T01:50,R4,4,5d5b1b81,H,y3_recover_cash_6m,sister_state,train,best_after_size,0.0805556,1.0000,clears_5pp=True; 110 only
2026-09-19T01:50,R4,4,5d5b1b81,H,y3_recover_cash_6m,h_sib_neg_share,cv5_group,auroc,0.433603,0.9575,vs days 0.711; vs size 0.617; vs gsize 0.552; not GBM
2026-09-19T01:50,R4,4,5d5b1b81,H,y3_recover_cash_6m,mixed_dummy,cv5_group,auroc,0.493825,1.0000,group-type dummy; hidden test = new groups; train group-fold
2026-09-19T01:50,R4,4,5d5b1b81,H,y3_recover_cash_6m,c_n_days_with_tx,cv5_group,auroc,0.711442,1.0000,repro bar 0.711; train group-fold signed
2026-09-19T01:50,R4,4,5d5b1b81,H,y3_recover_cash_6m,h_n_siblings_active,train,spearman_vs_h_group_size,0.979219,1.0000,near-copy of group size if |ρ|>=0.90
2026-09-19T01:50,R4,4,6bf54618,trail,trail_length,coverage,train,y4_hhi_lag3_honest_ge6_short,0.6620689655172414,0.21739130434782608,n_lab=1334; nn=290; p50_honest=6.0; among short Y4 labeled with lag present
2026-09-19T01:50,R4,4,6bf54618,trail,trail_length,coverage,train,y7_issued_lag1_honest_ge6_short,0.4700712589073634,0.9522732413481113,n_lab=4421; nn=4210; p50_honest=5.0; Y7 short Q6 hole is length not missing lag
2026-09-19T01:51,R4,4,6bf54618,trail,trail_length,coverage,train,y4_hhi_lag3_ever_nn_24m_train,0.167816091954023,0.31494252873563217,n24=435; ever_lab=137; ever_lab_lag=73; company-level Q6
2026-09-19T01:52,R4,4,5d5b1b81,H,y3_recover_cash_6m,mix_360_110,train,y3_gap,0.0684843,1.0000,mixed 0.1205 vs all-dark 0.0520; confirm_470=True; train only
2026-09-19T01:52,R4,4,5d5b1b81,H,y3_recover_cash_6m,size_tercile,train,t1_residual,0.166667,1.0000,mixed-alldark inside T1; log1p(a_in3) train edges
2026-09-19T01:52,R4,4,5d5b1b81,H,y3_recover_cash_6m,sister_state,train,best_after_size,0.0805556,1.0000,clears_5pp=True; 110 only
2026-09-19T01:52,R4,4,5d5b1b81,H,y3_recover_cash_6m,h_sib_neg_share,cv5_group,auroc,0.433603,0.9575,vs days 0.711; vs size 0.617; vs gsize 0.552; not GBM
2026-09-19T01:52,R4,4,5d5b1b81,H,y3_recover_cash_6m,mixed_dummy,cv5_group,auroc,0.493825,1.0000,group-type dummy; hidden test = new groups; train group-fold
2026-09-19T01:52,R4,4,5d5b1b81,H,y3_recover_cash_6m,c_n_days_with_tx,cv5_group,auroc,0.711442,1.0000,repro bar 0.711; train group-fold signed
2026-09-19T01:52,R4,4,5d5b1b81,H,y3_recover_cash_6m,h_n_siblings_active,train,spearman_vs_h_group_size,0.979219,1.0000,near-copy of group size if |ρ|>=0.90
2026-09-19T01:53,R4,4,5d5b1b81,H,y3_recover_cash_6m,size_tercile_y11_opin,train,t1_residual,0.124609,1.0000,y11-style log1p(|a_op_in|) on train-dark Y3-labeled; confirm +12.5pp
2026-09-19T01:53,R4,4,5d5b1b81,H,y3_recover_cash_6m,sister_runway_ge1,train,y3_gap_after_size,0.0697115,1.0000,110 only; sister B-runway; not an H column; descriptive Q5
2026-09-19T01:53,R4,4,5d5b1b81,H,y3_recover_cash_6m,h_sib_neg_share_110,train,y3_gap,5.37866e-05,1.0000,median split on 110 Y3; H-legal sister-state
2026-09-19T01:57,R4,4,c0ddcae1,quoted,y3_recover,coverage,train,c_n_days_with_tx_lag1_nn_short_sofar,1.0,1.0,n_nn=3723/3723; so-far clock; not a GBM
2026-09-19T01:57,R4,4,c0ddcae1,quoted,y3_recover,coverage,train,c_n_days_with_tx_lag3_nn_short_sofar,0.846897663174859,0.846897663174859,n_nn=3153/3723; so-far clock; not a GBM
2026-09-19T01:57,R4,4,c0ddcae1,quoted,y7_top1_lost,coverage,train,e_ar_issued_lag1_nn_short_sofar,0.9522732413481113,0.9522732413481113,n_nn=4210/4421; so-far clock; not a GBM
2026-09-19T01:57,R4,4,c0ddcae1,quoted,y4_ds_r_double,coverage,train,d_cust_hhi_lag3_nn_short_sofar,0.21739130434782608,0.21739130434782608,n_nn=290/1334; so-far clock; not a GBM
2026-09-19T01:57,R4,4,c0ddcae1,quoted,y3_recover,single_short,train,c_n_days_with_tx_cv_short_sofar,0.6959194557370608,1.0,n_pos=252; night=0.711; verdict=KEEP; cv=0.6959
2026-09-19T01:57,R4,4,c0ddcae1,quoted,y3_recover,single_short,train,c_ss_month_cv_short_sofar,0.6925334113453789,1.0,n_pos=252; night=0.69; verdict=KEEP; cv=0.6925
2026-09-19T01:57,R4,4,c0ddcae1,quoted,y7_top1_lost,single_short,train,e_ar_issued_lag1_cv_short_sofar,0.6263783083944525,0.9522732413481113,n_pos=1260; night=0.63; verdict=KEEP; cv=0.6264
2026-09-19T01:57,R4,4,c0ddcae1,quoted,y4_ds_r_double,single_short,train,d_cust_hhi_lag3_cv_short_sofar,,0.21739130434782608,n_pos=42; night=0.605; verdict=LOW_POWER; LOW_POWER
2026-09-19T01:57,R4,4,c0ddcae1,quoted,y7_top1_lost,coverage,holdout,e_ar_issued_lag1_nn_holdout,0.9258312020460358,0.9258312020460358,n_nn=362/391; LOW_POWER coverage only
2026-09-19T01:57,R4,4,c0ddcae1,quoted,y4_ds_r_double,coverage,holdout,d_cust_hhi_lag3_nn_holdout,0.15555555555555556,0.15555555555555556,n_nn=21/135; LOW_POWER coverage only; trail_length 21/135
2026-09-19T01:59,R4,4,c0ddcae1,quoted,y3_recover,coverage,train,c_n_days_with_tx_lag1_nn_short_sofar,1.0,1.0,n_nn=3723/3723; so-far clock; not a GBM
2026-09-19T01:59,R4,4,c0ddcae1,quoted,y3_recover,coverage,train,c_n_days_with_tx_lag3_nn_short_sofar,0.846897663174859,0.846897663174859,n_nn=3153/3723; so-far clock; not a GBM
2026-09-19T01:59,R4,4,c0ddcae1,quoted,y7_top1_lost,coverage,train,e_ar_issued_lag1_nn_short_sofar,0.9522732413481113,0.9522732413481113,n_nn=4210/4421; so-far clock; not a GBM
2026-09-19T01:59,R4,4,c0ddcae1,quoted,y4_ds_r_double,coverage,train,d_cust_hhi_lag3_nn_short_sofar,0.21739130434782608,0.21739130434782608,n_nn=290/1334; so-far clock; not a GBM
2026-09-19T01:59,R4,4,c0ddcae1,quoted,y3_recover,single_short,train,c_n_days_with_tx_cv_short_sofar,0.6959194557370608,1.0,n_pos=252; night=0.711; verdict=SIGNAL; cv=0.6959
2026-09-19T01:59,R4,4,c0ddcae1,quoted,y3_recover,single_short,train,c_ss_month_cv_short_sofar,0.6925334113453789,1.0,n_pos=252; night=0.69; verdict=SIGNAL; cv=0.6925
2026-09-19T01:59,R4,4,c0ddcae1,quoted,y7_top1_lost,single_short,train,e_ar_issued_lag1_cv_short_sofar,0.6263783083944525,0.9522732413481113,n_pos=1260; night=0.63; verdict=KEEP; cv=0.6264
2026-09-19T01:59,R4,4,c0ddcae1,quoted,y4_ds_r_double,single_short,train,d_cust_hhi_lag3_cv_short_sofar,,0.21739130434782608,n_pos=42; night=0.605; verdict=CLOSE; LOW_POWER
2026-09-19T01:59,R4,4,c0ddcae1,quoted,y7_top1_lost,coverage,holdout,e_ar_issued_lag1_nn_holdout,0.9258312020460358,0.9258312020460358,n_nn=362/391; LOW_POWER coverage only
2026-09-19T01:59,R4,4,c0ddcae1,quoted,y4_ds_r_double,coverage,holdout,d_cust_hhi_lag3_nn_holdout,0.15555555555555556,0.15555555555555556,n_nn=21/135; LOW_POWER coverage only; trail_length 21/135
2026-09-19T01:59,R4,4,c0ddcae1,quoted,y3_recover,coverage,train,c_n_days_with_tx_lag3_nn_short_company,0.363013698630137,0.363013698630137,company-total trail <12; pass8 CLOSE gate
2026-09-19T01:59,R4,4,c0ddcae1,quoted,y7_top1_lost,coverage,train,e_ar_issued_lag1_nn_short_company,0.8604651162790697,0.8604651162790697,company-total trail <12; pass8 CLOSE gate
2026-09-19T01:59,R4,4,c0ddcae1,quoted,y7_top1_lost,coverage,train,f_fc_r_lag3_nn_short_company,0.16149870801033592,0.16149870801033592,company-total trail <12; pass8 CLOSE gate
2026-09-19T01:59,R4,4,c0ddcae1,quoted,y4_ds_r_double,coverage,train,d_cust_hhi_lag3_nn_short_company,0.2676056338028169,0.2676056338028169,company-total trail <12; pass8 CLOSE gate
2026-09-19T02:00,R4,4,c0ddcae1,quoted,y3_recover,coverage,train,c_n_days_with_tx_lag1_nn_short_sofar,1.0,1.0,n_nn=3723/3723; so-far clock; not a GBM
2026-09-19T02:00,R4,4,c0ddcae1,quoted,y3_recover,coverage,train,c_n_days_with_tx_lag3_nn_short_sofar,0.846897663174859,0.846897663174859,n_nn=3153/3723; so-far clock; not a GBM
2026-09-19T02:00,R4,4,c0ddcae1,quoted,y7_top1_lost,coverage,train,e_ar_issued_lag1_nn_short_sofar,0.9522732413481113,0.9522732413481113,n_nn=4210/4421; so-far clock; not a GBM
2026-09-19T02:00,R4,4,c0ddcae1,quoted,y4_ds_r_double,coverage,train,d_cust_hhi_lag3_nn_short_sofar,0.21739130434782608,0.21739130434782608,n_nn=290/1334; so-far clock; not a GBM
2026-09-19T02:00,R4,4,c0ddcae1,quoted,y3_recover,single_short,train,c_n_days_with_tx_cv_short_sofar,0.6959194557370608,1.0,n_pos=252; night=0.711; verdict=SIGNAL; cv=0.6959
2026-09-19T02:00,R4,4,c0ddcae1,quoted,y3_recover,single_short,train,c_ss_month_cv_short_sofar,0.6925334113453789,1.0,n_pos=252; night=0.69; verdict=SIGNAL; cv=0.6925
2026-09-19T02:00,R4,4,c0ddcae1,quoted,y7_top1_lost,single_short,train,e_ar_issued_lag1_cv_short_sofar,0.6263783083944525,0.9522732413481113,n_pos=1260; night=0.63; verdict=KEEP; cv=0.6264
2026-09-19T02:00,R4,4,c0ddcae1,quoted,y4_ds_r_double,single_short,train,d_cust_hhi_lag3_cv_short_sofar,,0.21739130434782608,n_pos=42; night=0.605; verdict=CLOSE; LOW_POWER
2026-09-19T02:00,R4,4,c0ddcae1,quoted,y7_top1_lost,coverage,holdout,e_ar_issued_lag1_nn_holdout,0.9258312020460358,0.9258312020460358,n_nn=362/391; LOW_POWER coverage only
2026-09-19T02:00,R4,4,c0ddcae1,quoted,y4_ds_r_double,coverage,holdout,d_cust_hhi_lag3_nn_holdout,0.15555555555555556,0.15555555555555556,n_nn=21/135; LOW_POWER coverage only; trail_length 21/135
2026-09-19T02:00,R4,4,c0ddcae1,quoted,y3_recover,coverage,train,c_n_days_with_tx_lag3_nn_short_company,0.363013698630137,0.363013698630137,company-total trail <12; pass8 CLOSE gate
2026-09-19T02:00,R4,4,c0ddcae1,quoted,y7_top1_lost,coverage,train,e_ar_issued_lag1_nn_short_company,0.8604651162790697,0.8604651162790697,company-total trail <12; pass8 CLOSE gate
2026-09-19T02:00,R4,4,c0ddcae1,quoted,y7_top1_lost,coverage,train,f_fc_r_lag3_nn_short_company,0.16149870801033592,0.16149870801033592,company-total trail <12; pass8 CLOSE gate
2026-09-19T02:00,R4,4,c0ddcae1,quoted,y4_ds_r_double,coverage,train,d_cust_hhi_lag3_nn_short_company,0.2676056338028169,0.2676056338028169,company-total trail <12; pass8 CLOSE gate
2026-09-19T00:09,R4,4,7e5c43f8,G,-,banking_g_qa,train,n_banking_product_rows,5987,1.0000,cos=1283 null_created=0 after=44
2026-09-19T00:09,R4,4,7e5c43f8,G,-,banking_g_qa,train,g_n_accounts_n_drop,0,1.0000,rise=1561 flat=18382 rise_only=True
2026-09-19T00:09,R4,4,7e5c43f8,G,-,banking_g_qa,train,g_new_this_month_share_gt0,0.0794063,1.0000,n_cm=1680 n_co=1016 acf1=-0.077 birth_share=0.528 PARK_Y
2026-09-19T00:09,R4,4,7e5c43f8,G,y3_recover_cash_6m,banking_g_qa,train_cv,auroc_g_has_tpv,0.498064,0.266957,best g_has_*; days=0.289 size=0.383 CLOSE_Y3_X
2026-09-19T00:09,R4,4,7e5c43f8,C,y3_recover_cash_6m,banking_g_qa,train_cv,auroc_c_n_days_with_tx,0.288558,0.266957,replica of published 0.711; pooled=0.277
2026-09-19T00:09,R4,4,7e5c43f8,G,-,banking_g_qa,train,g_created_after_snapshot_all_zero,1,1.0000,drop_created CONFIRM=True; has_in_starter CONFIRM=True; starter_n=44
2026-09-19T00:09,R4,4,7e5c43f8,G,-,banking_g_qa,train,n_dark_vs_erp,470,0.38715,erp=744 confirm744_470=True; access_ne_erp
2026-09-19T02:10,R4,4,0511f2af,M-vs-A,y9_fee_r_ownp80,y9_why_story,train,story,0.5,1.0000,mixed; out_share=0.311 fee_share=0.401; never F; M in-memory; no GBM
2026-09-19T02:10,R4,4,0511f2af,A,y9_fee_r_ownp80,y9_why_a_out6_hi,train,share_of_positives,0.311015,0.6859,own-p80 high flag; n_hi=288 n_def=926 n_pos=1350; train labeled only; never F
2026-09-19T02:10,R4,4,0511f2af,M,y9_fee_r_ownp80,y9_why_m_fee_share_hi,train,share_of_positives,0.401053,0.9844,own-p80 high flag; n_hi=533 n_def=1329 n_pos=1350; train labeled only; never F
2026-09-19T02:10,R4,4,0511f2af,M,y9_fee_r_ownp80,y9_why_m_int_share_hi,train,share_of_positives,0.150489,0.9844,own-p80 high flag; n_hi=200 n_def=1329 n_pos=1350; train labeled only; never F
2026-09-19T02:10,R4,4,0511f2af,A,y9_fee_r_ownp80,y9_why_a_uncat_share_hi,train,share_of_positives,0.206922,0.9844,own-p80 high flag; n_hi=275 n_def=1329 n_pos=1350; train labeled only; never F
2026-09-19T02:10,R4,4,0511f2af,-,y9_fee_r_ownp80,y9_why_y2_neg_2of3,train,share_of_positives,0.0681987,0.9993,own-p80 high flag; n_hi=92 n_def=1349 n_pos=1350; train labeled only; never F
2026-09-19T02:10,R4,4,0511f2af,-,y9_fee_r_ownp80,y9_why_y4_ds_r_double,train,share_of_positives,0.208481,0.2096,own-p80 high flag; n_hi=59 n_def=283 n_pos=1350; train labeled only; never F
2026-09-19T02:10,R4,4,0511f2af,A,y9_fee_spike,y9_why_a_out6_hi,train,share_of_positives,0.327684,0.7071,own-p80 high flag; n_hi=348 n_def=1062 n_pos=1502; train labeled only; never F
2026-09-19T02:10,R4,4,0511f2af,M,y9_fee_spike,y9_why_m_fee_share_hi,train,share_of_positives,0.417568,0.9854,own-p80 high flag; n_hi=618 n_def=1480 n_pos=1502; train labeled only; never F
2026-09-19T02:10,R4,4,0511f2af,M,y9_fee_spike,y9_why_m_int_share_hi,train,share_of_positives,0.148649,0.9854,own-p80 high flag; n_hi=220 n_def=1480 n_pos=1502; train labeled only; never F
2026-09-19T02:10,R4,4,0511f2af,A,y9_fee_spike,y9_why_a_uncat_share_hi,train,share_of_positives,0.201351,0.9854,own-p80 high flag; n_hi=298 n_def=1480 n_pos=1502; train labeled only; never F
2026-09-19T02:10,R4,4,0511f2af,-,y9_fee_spike,y9_why_y2_neg_2of3,train,share_of_positives,0.0579614,0.9993,own-p80 high flag; n_hi=87 n_def=1501 n_pos=1502; train labeled only; never F
2026-09-19T02:10,R4,4,0511f2af,-,y9_fee_spike,y9_why_y4_ds_r_double,train,share_of_positives,0.267559,0.1991,own-p80 high flag; n_hi=80 n_def=299 n_pos=1502; train labeled only; never F
2026-09-19T02:10,R4,4,0511f2af,M,y9_fee_r_ownp80,single_m_fee_share,cv5_group,auroc,0.612676,0.9524,group-fold; sign from train fold; CV=0.6127±0.023; sign=+1; sizeAUC=0.589; size_park=False; never F; quote CV not holdout
2026-09-19T02:10,R4,4,0511f2af,M,y9_fee_r_ownp80,single_m_int_share,cv5_group,auroc,0.524942,0.9524,group-fold; sign from train fold; CV=0.5249±0.019; sign=+1; sizeAUC=0.546; size_park=False; never F; quote CV not holdout
2026-09-19T02:10,R4,4,0511f2af,M,y9_fee_r_ownp80,single_m_fin_share,cv5_group,auroc,0.618395,0.9524,group-fold; sign from train fold; CV=0.6184±0.017; sign=+1; sizeAUC=0.557; size_park=False; never F; quote CV not holdout
2026-09-19T02:10,R4,4,0511f2af,M,y9_fee_r_ownp80,single_m_fee_n_share,cv5_group,auroc,0.611139,0.9524,group-fold; sign from train fold; CV=0.6111±0.022; sign=+1; sizeAUC=0.589; size_park=False; never F; quote CV not holdout
2026-09-19T02:10,R4,4,0511f2af,A,y9_fee_r_ownp80,single_a_out6,cv5_group,auroc,0.565435,1.0000,group-fold; sign from train fold; CV=0.5654±0.033; sign=+1; sizeAUC=0.891; size_park=True; never F; quote CV not holdout
2026-09-19T02:10,R4,4,0511f2af,A,y9_fee_r_ownp80,single_log1p_a_in3,cv5_group,auroc,0.53442,1.0000,group-fold; sign from train fold; CV=0.5344±0.019; sign=+1; sizeAUC=0.999; size_park=True; never F; quote CV not holdout
2026-09-19T02:10,R4,4,0511f2af,A,y9_fee_r_ownp80,single_a_uncat_share,cv5_group,auroc,0.519738,0.9524,group-fold; sign from train fold; CV=0.5197±0.029; sign=-1; sizeAUC=0.521; size_park=False; never F; quote CV not holdout
2026-09-19T02:10,R4,4,0511f2af,M,y9_fee_spike,single_m_fee_share,cv5_group,auroc,0.56251,0.9726,group-fold; sign from train fold; CV=0.5625±0.034; sign=+1; sizeAUC=0.528; size_park=False; never F; quote CV not holdout
2026-09-19T02:10,R4,4,0511f2af,M,y9_fee_spike,single_m_int_share,cv5_group,auroc,0.487115,0.9726,group-fold; sign from train fold; CV=0.4871±0.025; sign=+1; sizeAUC=0.536; size_park=False; never F; quote CV not holdout
2026-09-19T02:10,R4,4,0511f2af,M,y9_fee_spike,single_m_fin_share,cv5_group,auroc,0.577875,0.9726,group-fold; sign from train fold; CV=0.5779±0.036; sign=+1; sizeAUC=0.513; size_park=False; never F; quote CV not holdout
2026-09-19T02:10,R4,4,0511f2af,M,y9_fee_spike,single_m_fee_n_share,cv5_group,auroc,0.541356,0.9726,group-fold; sign from train fold; CV=0.5414±0.019; sign=+1; sizeAUC=0.524; size_park=False; never F; quote CV not holdout
2026-09-19T02:10,R4,4,0511f2af,A,y9_fee_spike,single_a_out6,cv5_group,auroc,0.493845,1.0000,group-fold; sign from train fold; CV=0.4938±0.016; sign=-1; sizeAUC=0.896; size_park=True; never F; quote CV not holdout
2026-09-19T02:10,R4,4,0511f2af,A,y9_fee_spike,single_log1p_a_in3,cv5_group,auroc,0.517533,1.0000,group-fold; sign from train fold; CV=0.5175±0.017; sign=-1; sizeAUC=1.000; size_park=True; never F; quote CV not holdout
2026-09-19T02:10,R4,4,0511f2af,A,y9_fee_spike,single_a_uncat_share,cv5_group,auroc,0.493599,0.9726,group-fold; sign from train fold; CV=0.4936±0.018; sign=+1; sizeAUC=0.551; size_park=False; never F; quote CV not holdout
2026-09-19T02:10,R4,4,0511f2af,M-vs-F,y9_fee_r_ownp80,leak_m_fee_share,train,spearman_a_fin_cost,0.829574,1.0000,"train any-Y9; pearson=0.01443711659542134; fail=True; comparator only, not X"
2026-09-19T02:10,R4,4,0511f2af,M-vs-F,y9_fee_r_ownp80,leak_m_fee_share,train,spearman_f_fc_r,0.619324,1.0000,"train any-Y9; pearson=0.28565959637188226; fail=False; comparator only, not X"
2026-09-19T02:10,R4,4,0511f2af,M-vs-F,y9_fee_r_ownp80,leak_m_int_share,train,spearman_a_fin_cost,0.414621,1.0000,"train any-Y9; pearson=-0.0028759828884503576; fail=False; comparator only, not X"
2026-09-19T02:10,R4,4,0511f2af,M-vs-F,y9_fee_r_ownp80,leak_m_int_share,train,spearman_f_fc_r,0.325626,1.0000,"train any-Y9; pearson=0.39815368939797413; fail=False; comparator only, not X"
2026-09-19T02:10,R4,4,0511f2af,M-vs-F,y9_fee_r_ownp80,leak_m_fin_share,train,spearman_a_fin_cost,0.874896,1.0000,"train any-Y9; pearson=0.005969096741960647; fail=True; comparator only, not X"
2026-09-19T02:10,R4,4,0511f2af,M-vs-F,y9_fee_r_ownp80,leak_m_fin_share,train,spearman_f_fc_r,0.73106,1.0000,"train any-Y9; pearson=0.4863665457730241; fail=False; comparator only, not X"
2026-09-19T02:10,R4,4,0511f2af,M-vs-F,y9_fee_r_ownp80,leak_m_fee_n_share,train,spearman_a_fin_cost,0.739492,1.0000,"train any-Y9; pearson=0.019300214094370112; fail=False; comparator only, not X"
2026-09-19T02:10,R4,4,0511f2af,M-vs-F,y9_fee_r_ownp80,leak_m_fee_n_share,train,spearman_f_fc_r,0.531224,1.0000,"train any-Y9; pearson=0.22113544005931668; fail=False; comparator only, not X"
2026-09-19T02:10,R4,4,0511f2af,A-vs-F,y9_fee_r_ownp80,leak_a_out6,train,spearman_a_fin_cost,0.452514,1.0000,"train any-Y9; pearson=0.06471703040961092; fail=False; comparator only, not X"
2026-09-19T02:10,R4,4,0511f2af,A-vs-F,y9_fee_r_ownp80,leak_a_out6,train,spearman_f_fc_r,0.141948,1.0000,"train any-Y9; pearson=-0.013322564830069793; fail=False; comparator only, not X"
2026-09-19T02:10,R4,4,0511f2af,A-vs-F,y9_fee_r_ownp80,leak_a_uncat_share,train,spearman_a_fin_cost,-0.0379163,1.0000,"train any-Y9; pearson=0.009485366074445167; fail=False; comparator only, not X"
2026-09-19T02:10,R4,4,0511f2af,A-vs-F,y9_fee_r_ownp80,leak_a_uncat_share,train,spearman_f_fc_r,-0.118802,1.0000,"train any-Y9; pearson=-0.009702503405731946; fail=False; comparator only, not X"
2026-09-19T02:10,R4,4,0511f2af,M,y9_fee_r_ownp80,m_fee_vs_m_int,train,spearman,0.108613,1.0000,substitutes?; pearson=0.015983243029009896; train any-Y9
2026-09-19T02:10,R4,4,0511f2af,-,y9_fee_r_ownp80,y9_base_train_all,train,base_rate,0.140757,1.0000,n=9591 pos=1350 cos=908; never D/E as X
2026-09-19T02:10,R4,4,0511f2af,-,y9_fee_r_ownp80,y9_base_dark_470,train,base_rate,0.140748,1.0000,n=3183 pos=448 cos=333; never D/E as X
2026-09-19T02:10,R4,4,0511f2af,-,y9_fee_r_ownp80,y9_base_invoiced_744,train,base_rate,0.140762,1.0000,n=6408 pos=902 cos=575; never D/E as X
2026-09-19T02:10,R4,4,0511f2af,-,y9_fee_spike,y9_base_train_all,train,base_rate,0.190633,1.0000,n=7879 pos=1502 cos=787; never D/E as X
2026-09-19T02:10,R4,4,0511f2af,-,y9_fee_spike,y9_base_dark_470,train,base_rate,0.189309,1.0000,n=2488 pos=471 cos=274; never D/E as X
2026-09-19T02:10,R4,4,0511f2af,-,y9_fee_spike,y9_base_invoiced_744,train,base_rate,0.191245,1.0000,n=5391 pos=1031 cos=513; never D/E as X
2026-09-19T02:10,R4,4,0511f2af,M,y9_fee_r_ownp80,single_m_fee_share,cv5_group,auroc,0.612676,0.9524,Q6 honest 1m; lag=0; CV=0.6127±0.023; never t3
2026-09-19T02:10,R4,4,0511f2af,M,y9_fee_r_ownp80,single_m_fee_share_lag1,cv5_group,auroc,0.571148,0.9567,Q6 honest 1m; lag=1; CV=0.5711±0.041; never t3
2026-09-19T02:10,R4,4,0511f2af,M,y9_fee_r_ownp80,single_m_int_share,cv5_group,auroc,0.524942,0.9524,Q6 honest 1m; lag=0; CV=0.5249±0.019; never t3
2026-09-19T02:10,R4,4,0511f2af,M,y9_fee_r_ownp80,single_m_int_share_lag1,cv5_group,auroc,0.518229,0.9567,Q6 honest 1m; lag=1; CV=0.5182±0.021; never t3
2026-09-19T02:10,R4,4,0511f2af,M,y9_fee_r_ownp80,single_m_fee_n_share,cv5_group,auroc,0.611139,0.9524,Q6 honest 1m; lag=0; CV=0.6111±0.022; never t3
2026-09-19T02:10,R4,4,0511f2af,M,y9_fee_r_ownp80,single_m_fee_n_share_lag1,cv5_group,auroc,0.577681,0.9567,Q6 honest 1m; lag=1; CV=0.5777±0.033; never t3
2026-09-19T02:10,R4,4,0511f2af,M,y9_fee_spike,single_m_fee_share,cv5_group,auroc,0.56251,0.9726,Q6 honest 1m; lag=0; CV=0.5625±0.034; never t3
2026-09-19T02:10,R4,4,0511f2af,M,y9_fee_spike,single_m_fee_share_lag1,cv5_group,auroc,0.539305,0.9765,Q6 honest 1m; lag=1; CV=0.5393±0.042; never t3
2026-09-19T02:10,R4,4,0511f2af,M,y9_fee_spike,single_m_int_share,cv5_group,auroc,0.487115,0.9726,Q6 honest 1m; lag=0; CV=0.4871±0.025; never t3
2026-09-19T02:10,R4,4,0511f2af,M,y9_fee_spike,single_m_int_share_lag1,cv5_group,auroc,0.523758,0.9765,Q6 honest 1m; lag=1; CV=0.5238±0.023; never t3
2026-09-19T02:10,R4,4,0511f2af,M,y9_fee_spike,single_m_fee_n_share,cv5_group,auroc,0.541356,0.9726,Q6 honest 1m; lag=0; CV=0.5414±0.019; never t3
2026-09-19T02:10,R4,4,0511f2af,M,y9_fee_spike,single_m_fee_n_share_lag1,cv5_group,auroc,0.525949,0.9765,Q6 honest 1m; lag=1; CV=0.5259±0.022; never t3
2026-09-19T02:10,R4,4,0511f2af,M,y9_fee_r_ownp80,m_fee_share_quintile,train,y_rate_q1,0.113139,0.6000,"train labeled cuts; n=5480 pos=620 interval=(-0.001, 6.51e-05]; monotone=True tail_only=True"
2026-09-19T02:10,R4,4,0511f2af,M,y9_fee_r_ownp80,m_fee_share_quintile,train,y_rate_q2,0.171319,0.2000,"train labeled cuts; n=1827 pos=313 interval=(6.51e-05, 0.000572]; monotone=True tail_only=True"
2026-09-19T02:10,R4,4,0511f2af,M,y9_fee_r_ownp80,m_fee_share_quintile,train,y_rate_q3,0.22058,0.2000,"train labeled cuts; n=1827 pos=403 interval=(0.000572, 1.0]; monotone=True tail_only=True"
2026-09-19T02:10,R4,4,0511f2af,M,y9_fee_spike,m_fee_share_quintile,train,y_rate_q1,0.166069,0.4000,"train labeled cuts; n=3065 pos=509 interval=(-0.001, 9.08e-06]; monotone=False tail_only=True"
2026-09-19T02:10,R4,4,0511f2af,M,y9_fee_spike,m_fee_share_quintile,train,y_rate_q2,0.195695,0.2001,"train labeled cuts; n=1533 pos=300 interval=(9.08e-06, 0.000145]; monotone=False tail_only=True"
2026-09-19T02:10,R4,4,0511f2af,M,y9_fee_spike,m_fee_share_quintile,train,y_rate_q3,0.181462,0.1999,"train labeled cuts; n=1532 pos=278 interval=(0.000145, 0.000834]; monotone=False tail_only=True"
2026-09-19T02:10,R4,4,0511f2af,M,y9_fee_spike,m_fee_share_quintile,train,y_rate_q4,0.258969,0.2001,"train labeled cuts; n=1533 pos=397 interval=(0.000834, 1.0]; monotone=False tail_only=True"
2026-09-19T02:10,R4,4,0511f2af,M,y9_fee_r_ownp80,m_int_share_quintile,train,y_rate_q1,0.146267,1.0000,"train labeled cuts; n=9134 pos=1336 interval=(-0.001, 1.0]; monotone=None tail_only=None"
2026-09-19T02:10,R4,4,0511f2af,M,y9_fee_spike,m_int_share_quintile,train,y_rate_q1,0.192822,0.7999,"train labeled cuts; n=6130 pos=1182 interval=(-0.001, 3.5e-06]; monotone=True tail_only=None"
2026-09-19T02:10,R4,4,0511f2af,M,y9_fee_spike,m_int_share_quintile,train,y_rate_q2,0.196999,0.2001,"train labeled cuts; n=1533 pos=302 interval=(3.5e-06, 1.0]; monotone=True tail_only=None"
2026-09-19T02:10,R4,4,0511f2af,A,y9_fee_r_ownp80,a_out6_quintile,train,y_rate_q1,0.0807712,0.2001,"train labeled cuts; n=1919 pos=155 interval=(-28157774.900999997, 42498.26]; monotone=False tail_only=False"
2026-09-19T02:10,R4,4,0511f2af,A,y9_fee_r_ownp80,a_out6_quintile,train,y_rate_q2,0.149114,0.2000,"train labeled cuts; n=1918 pos=286 interval=(42498.26, 352286.02]; monotone=False tail_only=False"
2026-09-19T02:10,R4,4,0511f2af,A,y9_fee_r_ownp80,a_out6_quintile,train,y_rate_q3,0.144943,0.2000,"train labeled cuts; n=1918 pos=278 interval=(352286.02, 1214223.85]; monotone=False tail_only=False"
2026-09-19T02:10,R4,4,0511f2af,A,y9_fee_r_ownp80,a_out6_quintile,train,y_rate_q4,0.155892,0.2000,"train labeled cuts; n=1918 pos=299 interval=(1214223.85, 4294706.09]; monotone=False tail_only=False"
2026-09-19T02:10,R4,4,0511f2af,A,y9_fee_r_ownp80,a_out6_quintile,train,y_rate_q5,0.173097,0.2000,"train labeled cuts; n=1918 pos=332 interval=(4294706.09, 17114407320.57]; monotone=False tail_only=False"
2026-09-19T02:10,R4,4,0511f2af,A,y9_fee_spike,a_out6_quintile,train,y_rate_q1,0.173858,0.2000,"train labeled cuts; n=1576 pos=274 interval=(-19463081.981, 111456.59]; monotone=False tail_only=False"
2026-09-19T02:10,R4,4,0511f2af,A,y9_fee_spike,a_out6_quintile,train,y_rate_q2,0.21764,0.2000,"train labeled cuts; n=1576 pos=343 interval=(111456.59, 568031.532]; monotone=False tail_only=False"
2026-09-19T02:10,R4,4,0511f2af,A,y9_fee_spike,a_out6_quintile,train,y_rate_q3,0.183492,0.1999,"train labeled cuts; n=1575 pos=289 interval=(568031.532, 1721514.658]; monotone=False tail_only=False"
2026-09-19T02:10,R4,4,0511f2af,A,y9_fee_spike,a_out6_quintile,train,y_rate_q4,0.196701,0.2000,"train labeled cuts; n=1576 pos=310 interval=(1721514.658, 5528823.174]; monotone=False tail_only=False"
2026-09-19T02:10,R4,4,0511f2af,A,y9_fee_spike,a_out6_quintile,train,y_rate_q5,0.181472,0.2000,"train labeled cuts; n=1576 pos=286 interval=(5528823.174, 17114407320.57]; monotone=False tail_only=False"
2026-09-19T02:10,R4,4,0511f2af,M,y9_fee_r_ownp80,y9_why_verdict,train,decision,0,1.0000,CLOSE; NO — do not merge Family M. No m_* clears a_out6 + 0.02 without leak/size.; out6_cv=0.5654
2026-09-19T02:10,R4,4,0511f2af,M-vs-F,y9_fee_r_ownp80,leak_support_m_fee_share,train,spearman_a_fin_cost_pos,0.501338,0.5668,support both>0; rho_all=0.8295741437416204; fail_pos=False; n_pos=5177; zero-inflation check
2026-09-19T02:10,R4,4,0511f2af,M-vs-F,y9_fee_r_ownp80,leak_support_m_fee_share,train,spearman_f_fc_r_pos,0.677795,0.5668,support both>0; rho_all=0.6193237364562447; fail_pos=False; n_pos=5177; zero-inflation check
2026-09-19T02:10,R4,4,0511f2af,M-vs-F,y9_fee_r_ownp80,leak_support_m_int_share,train,spearman_a_fin_cost_pos,0.00768627,0.1795,support both>0; rho_all=0.41462133107514704; fail_pos=False; n_pos=1640; zero-inflation check
2026-09-19T02:10,R4,4,0511f2af,M-vs-F,y9_fee_r_ownp80,leak_support_m_int_share,train,spearman_f_fc_r_pos,0.613458,0.1795,support both>0; rho_all=0.3256262060454828; fail_pos=False; n_pos=1640; zero-inflation check
2026-09-19T02:10,R4,4,0511f2af,M-vs-F,y9_fee_r_ownp80,leak_support_m_fin_share,train,spearman_a_fin_cost_pos,0.507998,0.6200,support both>0; rho_all=0.8748964109708136; fail_pos=False; n_pos=5663; zero-inflation check
2026-09-19T02:10,R4,4,0511f2af,M-vs-F,y9_fee_r_ownp80,leak_support_m_fin_share,train,spearman_f_fc_r_pos,0.741079,0.6200,support both>0; rho_all=0.7310603141375038; fail_pos=False; n_pos=5663; zero-inflation check
2026-09-19T02:10,R4,4,0511f2af,M-vs-F,y9_fee_r_ownp80,leak_support_m_fee_n_share,train,spearman_a_fin_cost_pos,0.0772605,0.5668,support both>0; rho_all=0.7394923796148271; fail_pos=False; n_pos=5177; zero-inflation check
2026-09-19T02:10,R4,4,0511f2af,M-vs-F,y9_fee_r_ownp80,leak_support_m_fee_n_share,train,spearman_f_fc_r_pos,0.313819,0.5668,support both>0; rho_all=0.5312238097815547; fail_pos=False; n_pos=5177; zero-inflation check
2026-09-19T02:10,R4,4,0511f2af,M,y9_fee_r_ownp80,single__any_fee_all_labeled,cv5_group,auroc,0.593012,1.0000,any-fee vs intensity; CV=0.5930±0.029; n=9134
2026-09-19T02:10,R4,4,0511f2af,M,y9_fee_r_ownp80,single_m_fee_share_all_labeled,cv5_group,auroc,0.612676,1.0000,any-fee vs intensity; CV=0.6127±0.023; n=9134
2026-09-19T02:10,R4,4,0511f2af,M,y9_fee_r_ownp80,single_m_fee_share_fee_gt_0,cv5_group,auroc,0.550049,1.0000,any-fee vs intensity; CV=0.5500±0.030; n=5179
2026-09-19T02:10,R4,4,0511f2af,M,y9_fee_spike,single__any_fee_all_labeled,cv5_group,auroc,0.534997,1.0000,any-fee vs intensity; CV=0.5350±0.022; n=7663
2026-09-19T02:10,R4,4,0511f2af,M,y9_fee_spike,single_m_fee_share_all_labeled,cv5_group,auroc,0.56251,1.0000,any-fee vs intensity; CV=0.5625±0.034; n=7663
2026-09-19T02:10,R4,4,0511f2af,M,y9_fee_spike,single_m_fee_share_fee_gt_0,cv5_group,auroc,0.558897,1.0000,any-fee vs intensity; CV=0.5589±0.036; n=5178
2026-09-19T02:10,R4,4,0511f2af,M,y9_fee_r_ownp80,m_fee_share_out_T1,cv5_group,auroc,0.627669,1.0000,outflow residual; n=3197 pos=334 rate=0.1044729433844229; out_cv=0.5877480189055783
2026-09-19T02:10,R4,4,0511f2af,M,y9_fee_r_ownp80,m_fee_share_out_T2,cv5_group,auroc,0.623594,1.0000,outflow residual; n=3197 pos=484 rate=0.1513919299343134; out_cv=0.4803663420815746
2026-09-19T02:10,R4,4,0511f2af,M,y9_fee_r_ownp80,m_fee_share_out_T3,cv5_group,auroc,0.537245,1.0000,outflow residual; n=3197 pos=532 rate=0.16640600563027838; out_cv=0.5220029864538248
2026-09-19T02:10,R4,4,0511f2af,M,y9_fee_r_ownp80,m_fee_share_not_high_out,cv5_group,auroc,0.633133,1.0000,outflow residual; n=4875 pos=638 rate=0.13087179487179487; out_cv=nan
2026-09-19T02:10,R4,4,0511f2af,M,y9_fee_spike,m_fee_share_out_T1,cv5_group,auroc,0.600705,1.0000,outflow residual; n=2626 pos=524 rate=0.19954303122619954; out_cv=0.5683747040396442
2026-09-19T02:10,R4,4,0511f2af,M,y9_fee_spike,m_fee_share_out_T2,cv5_group,auroc,0.542667,1.0000,outflow residual; n=2626 pos=497 rate=0.18926123381568927; out_cv=0.5034527535000207
2026-09-19T02:10,R4,4,0511f2af,M,y9_fee_spike,m_fee_share_out_T3,cv5_group,auroc,0.520844,1.0000,outflow residual; n=2627 pos=481 rate=0.18309859154929578; out_cv=0.46455896865709556
2026-09-19T02:10,R4,4,0511f2af,M,y9_fee_spike,m_fee_share_not_high_out,cv5_group,auroc,0.571672,1.0000,outflow residual; n=3964 pos=714 rate=0.18012108980827446; out_cv=nan
2026-09-19T02:10,R4,4,0511f2af,-,y9_fee_r_ownp80,y9_neither_cell,train,share_of_positives,0.423414,1.0000,neither high-out nor high-fee; n=387/914
2026-09-19T02:10,R4,4,0511f2af,-,y9_fee_r_ownp80,y9_base_all_dark_360,train,base_rate,0.133563,1.0000,n=2321 pos=310 cos=245; never D/E
2026-09-19T02:10,R4,4,0511f2af,-,y9_fee_r_ownp80,y9_base_mixed_dark_110,train,base_rate,0.160093,1.0000,n=862 pos=138 cos=88; never D/E
2026-09-19T02:10,R4,4,0511f2af,-,y9_fee_spike,y9_base_all_dark_360,train,base_rate,0.166853,1.0000,n=1792 pos=299 cos=200; never D/E
2026-09-19T02:10,R4,4,0511f2af,-,y9_fee_spike,y9_base_mixed_dark_110,train,base_rate,0.247126,1.0000,n=696 pos=172 cos=74; never D/E
2026-09-19T02:10,R4,4,0511f2af,-,y9_fee_r_ownp80,y9_own_spike_overlap,train,spearman,0.533237,1.0000,both_pos=842 own_only=410 spk_only=660; hold_fee_auc=0.6149012161490122 LOW_POWER
2026-09-19T02:10,R4,4,0511f2af,M-vs-F,y9_fee_r_ownp80,m_fee_n_share_vs_anyfin,train,auroc_gap,0.000961514,1.0000,"presence_rewrite=True; intensity_dead=True; any_fin_cv=0.6102; nshare=0.6111; nshare_fee>0=0.5454; comparator only, never X"
2026-09-19T02:10,R4,4,0511f2af,cmp,y9_fee_r_ownp80,single__any_fin_all,cv5_group,auroc,0.610178,1.0000,count honesty; CV=0.6102±0.023; n=9591
2026-09-19T02:10,R4,4,0511f2af,cmp,y9_fee_r_ownp80,single__any_fee_all,cv5_group,auroc,0.593012,1.0000,count honesty; CV=0.5930±0.029; n=9134
2026-09-19T02:10,R4,4,0511f2af,M,y9_fee_r_ownp80,single_m_fee_n_share_all,cv5_group,auroc,0.611139,1.0000,count honesty; CV=0.6111±0.022; n=9134
2026-09-19T02:10,R4,4,0511f2af,M,y9_fee_r_ownp80,single_m_fee_share_all,cv5_group,auroc,0.612676,1.0000,count honesty; CV=0.6127±0.023; n=9134
2026-09-19T02:10,R4,4,0511f2af,M,y9_fee_r_ownp80,single_m_fee_n_share_fee_gt_0,cv5_group,auroc,0.545355,1.0000,count honesty; CV=0.5454±0.026; n=5179
2026-09-19T02:10,R4,4,0511f2af,M,y9_fee_r_ownp80,single_m_fee_share_fee_gt_0,cv5_group,auroc,0.550049,1.0000,count honesty; CV=0.5500±0.030; n=5179
2026-09-19T02:10,R4,4,0511f2af,cmp,y9_fee_r_ownp80,any_fin_lag1,cv5_group,auroc,0.576615,1.0000,comparator only; now=0.6102; q6_keep=False; never X
2026-09-19T02:10,R4,4,0511f2af,A-x-M,y9_fee_r_ownp80,out_q1_fee0,train,y_rate,0.0670996,1.0000,n=1386 pos=93; train cuts; never F as X
2026-09-19T02:10,R4,4,0511f2af,A-x-M,y9_fee_r_ownp80,out_q1_fee1,train,y_rate,0.229025,1.0000,n=441 pos=101; train cuts; never F as X
2026-09-19T02:10,R4,4,0511f2af,A-x-M,y9_fee_r_ownp80,out_q2_fee0,train,y_rate,0.0860335,1.0000,n=895 pos=77; train cuts; never F as X
2026-09-19T02:10,R4,4,0511f2af,A-x-M,y9_fee_r_ownp80,out_q2_fee1,train,y_rate,0.203863,1.0000,n=932 pos=190; train cuts; never F as X
2026-09-19T02:10,R4,4,0511f2af,A-x-M,y9_fee_r_ownp80,out_q3_fee0,train,y_rate,0.0631868,1.0000,n=728 pos=46; train cuts; never F as X
2026-09-19T02:10,R4,4,0511f2af,A-x-M,y9_fee_r_ownp80,out_q3_fee1,train,y_rate,0.197632,1.0000,n=1098 pos=217; train cuts; never F as X
2026-09-19T02:10,R4,4,0511f2af,A-x-M,y9_fee_r_ownp80,out_q4_fee0,train,y_rate,0.142857,1.0000,n=525 pos=75; train cuts; never F as X
2026-09-19T02:10,R4,4,0511f2af,A-x-M,y9_fee_r_ownp80,out_q4_fee1,train,y_rate,0.163594,1.0000,n=1302 pos=213; train cuts; never F as X
2026-09-19T02:10,R4,4,0511f2af,A-x-M,y9_fee_r_ownp80,out_q5_fee0,train,y_rate,0.175772,1.0000,n=421 pos=74; train cuts; never F as X
2026-09-19T02:10,R4,4,0511f2af,A-x-M,y9_fee_r_ownp80,out_q5_fee1,train,y_rate,0.177809,1.0000,n=1406 pos=250; train cuts; never F as X
2026-09-19T02:10,R4,4,0511f2af,M,y9_fee_r_ownp80,y9_token_neither,train,base_rate,0.0804266,1.0000,n=3469 pos=279; fee vs interest-only; train labeled
2026-09-19T02:10,R4,4,0511f2af,M,y9_fee_r_ownp80,y9_token_fee_only,train,base_rate,0.187329,1.0000,n=4025 pos=754; fee vs interest-only; train labeled
2026-09-19T02:10,R4,4,0511f2af,M,y9_fee_r_ownp80,y9_token_int_only,train,base_rate,0.176955,1.0000,n=486 pos=86; fee vs interest-only; train labeled
2026-09-19T02:10,R4,4,0511f2af,M,y9_fee_r_ownp80,y9_token_both_tokens,train,base_rate,0.188042,1.0000,n=1154 pos=217; fee vs interest-only; train labeled
2026-09-19T02:10,R4,4,0511f2af,M,y9_fee_spike,y9_token_neither,train,base_rate,0.145573,1.0000,n=1999 pos=291; fee vs interest-only; train labeled
2026-09-19T02:10,R4,4,0511f2af,M,y9_fee_spike,y9_token_fee_only,train,base_rate,0.216203,1.0000,n=4024 pos=870; fee vs interest-only; train labeled
2026-09-19T02:10,R4,4,0511f2af,M,y9_fee_spike,y9_token_int_only,train,base_rate,0.226337,1.0000,n=486 pos=110; fee vs interest-only; train labeled
2026-09-19T02:10,R4,4,0511f2af,M,y9_fee_spike,y9_token_both_tokens,train,base_rate,0.184575,1.0000,n=1154 pos=213; fee vs interest-only; train labeled
2026-09-19T02:10,R4,4,0511f2af,-,y9_fee_r_ownp80,y9_darkfin_all_dark_360_nofin,train,base_rate,0.0746124,1.0000,n=1032 pos=77; never D/E as X
2026-09-19T02:10,R4,4,0511f2af,-,y9_fee_r_ownp80,y9_darkfin_all_dark_360_anyfin,train,base_rate,0.18076,1.0000,n=1289 pos=233; never D/E as X
2026-09-19T02:10,R4,4,0511f2af,-,y9_fee_r_ownp80,y9_darkfin_mixed_dark_110_nofin,train,base_rate,0.0793201,1.0000,n=353 pos=28; never D/E as X
2026-09-19T02:10,R4,4,0511f2af,-,y9_fee_r_ownp80,y9_darkfin_mixed_dark_110_anyfin,train,base_rate,0.21611,1.0000,n=509 pos=110; never D/E as X
2026-09-19T02:10,R4,4,0511f2af,-,y9_fee_spike,y9_darkfin_all_dark_360_nofin,train,base_rate,0.129225,1.0000,n=503 pos=65; never D/E as X
2026-09-19T02:10,R4,4,0511f2af,-,y9_fee_spike,y9_darkfin_all_dark_360_anyfin,train,base_rate,0.181536,1.0000,n=1289 pos=234; never D/E as X
2026-09-19T02:10,R4,4,0511f2af,-,y9_fee_spike,y9_darkfin_mixed_dark_110_nofin,train,base_rate,0.213904,1.0000,n=187 pos=40; never D/E as X
2026-09-19T02:10,R4,4,0511f2af,-,y9_fee_spike,y9_darkfin_mixed_dark_110_anyfin,train,base_rate,0.259332,1.0000,n=509 pos=132; never D/E as X
2026-09-19T02:10,R4,4,0511f2af,-,y9_fee_r_ownp80,y9_company_fin_vs_y,train,spearman,0.316449,1.0000,n_cos=833 ever_pos=481; always_fin_yrate=0.1861018484738621; never_fin_yrate=0.0029896168993913353
2026-09-19T02:10,R4,4,0511f2af,-,y9_fee_spike,y9_company_fin_vs_y,train,spearman,-0.025533,1.0000,n_cos=715 ever_pos=489; always_fin_yrate=0.17274381099884456; never_fin_yrate=0.0
2026-09-19T00:11,R4,4,7e5c43f8,G,y3_recover_cash_6m,banking_g_qa,train_cv,auroc_orient_g_has_card,0.551213,0.266957,best g_has_* oriented; raw=0.449 days=0.711 size=0.617 CLOSE_Y3_X
2026-09-19T00:11,R4,4,7e5c43f8,C,y3_recover_cash_6m,banking_g_qa,train_cv,auroc_orient_c_n_days_with_tx,0.711442,0.266957,replica of published 0.711; raw_cv=0.289 pooled_raw=0.277
2026-09-19T00:11,R4,4,7e5c43f8,G,y3_recover_cash_6m,banking_g_qa,train,card_tpv_2x2_survives_size,0,0.162273,card=197 tpv=10 same_sign=True; no cluster revival
2026-09-19T00:11,R4,4,7e5c43f8,G,-,banking_g_qa,train,first_created_after_202409_share,0.735756,0.997529,891/1211 confirm_736=True lag_p50=2.0
2026-09-19T00:12,R4,4,7e5c43f8,G,y3_recover_cash_6m,banking_g_qa,train_cv,auroc_orient_g_has_card_connected,0.556222,0.876258,connected months only; size=0.622 days=0.716 chk0_is_zero=0.991 CLOSE
2026-09-19T02:18,R4,4,234af73a,A-vs-D,y5_ap_od30_ownp80,y5_why_story,train,story,0.5,1.0000,unexplained_leftover; cash=0.239 hhi=0.145 neither=0.651; never E; no GBM
2026-09-19T02:18,R4,4,234af73a,A-vs-D,y5_ar_od30_sust,y5_why_story,train,story,0.5,1.0000,unexplained_leftover; cash=0.219 hhi=0.188 neither=0.653; never E; no GBM
2026-09-19T02:18,R4,4,234af73a,-,y5_ap_od30_ownp80,y5_why_y2_neg_2of3,train,share_of_positives,0.076555,1.0000,own-cut flag; n_hi=32 n_def=418 n_pos=418; train labeled only; never E
2026-09-19T02:18,R4,4,234af73a,-,y5_ap_od30_ownp80,y5_why_y4_ds_r_double,train,share_of_positives,0.15,0.1914,own-cut flag; n_hi=12 n_def=80 n_pos=418; train labeled only; never E
2026-09-19T02:18,R4,4,234af73a,-,y5_ap_od30_ownp80,y5_why_y9_fee_r_ownp80,train,share_of_positives,0.153247,0.9211,own-cut flag; n_hi=59 n_def=385 n_pos=418; train labeled only; never E
2026-09-19T02:18,R4,4,234af73a,A,y5_ap_od30_ownp80,y5_why_a_io_ratio_lo,train,share_of_positives,0.238961,0.9211,own-cut flag; n_hi=92 n_def=385 n_pos=418; train labeled only; never E
2026-09-19T02:18,R4,4,234af73a,D,y5_ap_od30_ownp80,y5_why_d_supp_hhi_hi,train,share_of_positives,0.144809,0.8756,own-cut flag; n_hi=53 n_def=366 n_pos=418; train labeled only; never E
2026-09-19T02:18,R4,4,234af73a,C,y5_ap_od30_ownp80,y5_why_c_gap_sd_hi,train,share_of_positives,0.17233,0.9856,own-cut flag; n_hi=71 n_def=412 n_pos=418; train labeled only; never E
2026-09-19T02:18,R4,4,234af73a,-,y5_ar_od30_sust,y5_why_y2_neg_2of3,train,share_of_positives,0.113924,1.0000,own-cut flag; n_hi=27 n_def=237 n_pos=237; train labeled only; never E
2026-09-19T02:18,R4,4,234af73a,-,y5_ar_od30_sust,y5_why_y4_ds_r_double,train,share_of_positives,0.0285714,0.1477,own-cut flag; n_hi=1 n_def=35 n_pos=237; train labeled only; never E
2026-09-19T02:18,R4,4,234af73a,-,y5_ar_od30_sust,y5_why_y9_fee_r_ownp80,train,share_of_positives,0.0982143,0.9451,own-cut flag; n_hi=22 n_def=224 n_pos=237; train labeled only; never E
2026-09-19T02:18,R4,4,234af73a,A,y5_ar_od30_sust,y5_why_a_io_ratio_lo,train,share_of_positives,0.21875,0.9451,own-cut flag; n_hi=49 n_def=224 n_pos=237; train labeled only; never E
2026-09-19T02:18,R4,4,234af73a,D,y5_ar_od30_sust,y5_why_d_cust_hhi_hi,train,share_of_positives,0.188119,0.8523,own-cut flag; n_hi=38 n_def=202 n_pos=237; train labeled only; never E
2026-09-19T02:18,R4,4,234af73a,C,y5_ar_od30_sust,y5_why_c_gap_sd_hi,train,share_of_positives,0.214592,0.9831,own-cut flag; n_hi=50 n_def=233 n_pos=237; train labeled only; never E
2026-09-19T02:18,R4,4,234af73a,D,y5_ap_od30_ownp80,single_d_supp_hhi,cv5_group,auroc,0.538629,0.9994,group-fold; sign from train fold; CV=0.5386±0.044; sign=-1; sizeAUC=0.663; size_park=True; never E; quote CV not holdout
2026-09-19T02:18,R4,4,234af73a,D,y5_ap_od30_ownp80,single_d_cust_hhi,cv5_group,auroc,0.438672,0.9093,group-fold; sign from train fold; CV=0.4387±0.095; sign=+1; sizeAUC=0.547; size_park=False; never E; quote CV not holdout
2026-09-19T02:18,R4,4,234af73a,A,y5_ap_od30_ownp80,single_a_out6,cv5_group,auroc,0.579587,1.0000,group-fold; sign from train fold; CV=0.5796±0.064; sign=+1; sizeAUC=0.903; size_park=True; never E; quote CV not holdout
2026-09-19T02:18,R4,4,234af73a,A,y5_ap_od30_ownp80,single_log1p_a_in3,cv5_group,auroc,0.556456,1.0000,group-fold; sign from train fold; CV=0.5565±0.086; sign=+1; sizeAUC=1.000; size_park=True; never E; quote CV not holdout
2026-09-19T02:18,R4,4,234af73a,C,y5_ap_od30_ownp80,single_c_n_days_with_tx,cv5_group,auroc,0.540118,1.0000,group-fold; sign from train fold; CV=0.5401±0.083; sign=+1; sizeAUC=0.763; size_park=True; never E; quote CV not holdout
2026-09-19T02:18,R4,4,234af73a,A,y5_ap_od30_ownp80,single_a_io_ratio,cv5_group,auroc,0.52526,1.0000,group-fold; sign from train fold; CV=0.5253±0.039; sign=-1; sizeAUC=0.569; size_park=False; never E; quote CV not holdout
2026-09-19T02:18,R4,4,234af73a,C,y5_ap_od30_ownp80,single_c_gap_sd,cv5_group,auroc,0.543824,0.9910,group-fold; sign from train fold; CV=0.5438±0.081; sign=-1; sizeAUC=0.765; size_park=True; never E; quote CV not holdout
2026-09-19T02:18,R4,4,234af73a,D,y5_ap_od30_ownp80,single_d_tx_cp_share,cv5_group,auroc,0.531531,0.9978,group-fold; sign from train fold; CV=0.5315±0.095; sign=-1; sizeAUC=0.540; size_park=False; never E; quote CV not holdout
2026-09-19T02:18,R4,4,234af73a,H,y5_ap_od30_ownp80,single_h_group_size,cv5_group,auroc,0.581498,1.0000,group-fold; sign from train fold; CV=0.5815±0.086; sign=-1; sizeAUC=0.517; size_park=False; never E; quote CV not holdout
2026-09-19T02:18,R4,4,234af73a,D,y5_ar_od30_sust,single_d_supp_hhi,cv5_group,auroc,0.544727,0.9982,group-fold; sign from train fold; CV=0.5447±0.063; sign=+1; sizeAUC=0.655; size_park=True; never E; quote CV not holdout
2026-09-19T02:18,R4,4,234af73a,D,y5_ar_od30_sust,single_d_cust_hhi,cv5_group,auroc,0.464421,0.9988,group-fold; sign from train fold; CV=0.4644±0.065; sign=-1; sizeAUC=0.548; size_park=False; never E; quote CV not holdout
2026-09-19T02:18,R4,4,234af73a,A,y5_ar_od30_sust,single_a_out6,cv5_group,auroc,0.465204,1.0000,group-fold; sign from train fold; CV=0.4652±0.036; sign=+1; sizeAUC=0.905; size_park=True; never E; quote CV not holdout
2026-09-19T02:18,R4,4,234af73a,A,y5_ar_od30_sust,single_log1p_a_in3,cv5_group,auroc,0.468577,1.0000,group-fold; sign from train fold; CV=0.4686±0.024; sign=+1; sizeAUC=1.000; size_park=True; never E; quote CV not holdout
2026-09-19T02:18,R4,4,234af73a,C,y5_ar_od30_sust,single_c_n_days_with_tx,cv5_group,auroc,0.532872,1.0000,group-fold; sign from train fold; CV=0.5329±0.080; sign=+1; sizeAUC=0.740; size_park=True; never E; quote CV not holdout
2026-09-19T02:18,R4,4,234af73a,A,y5_ar_od30_sust,single_a_io_ratio,cv5_group,auroc,0.485731,1.0000,group-fold; sign from train fold; CV=0.4857±0.091; sign=-1; sizeAUC=0.556; size_park=False; never E; quote CV not holdout
2026-09-19T02:18,R4,4,234af73a,C,y5_ar_od30_sust,single_c_gap_sd,cv5_group,auroc,0.53327,0.9913,group-fold; sign from train fold; CV=0.5333±0.109; sign=-1; sizeAUC=0.747; size_park=True; never E; quote CV not holdout
2026-09-19T02:18,R4,4,234af73a,D,y5_ar_od30_sust,single_d_tx_cp_share,cv5_group,auroc,0.576499,0.9979,group-fold; sign from train fold; CV=0.5765±0.079; sign=-1; sizeAUC=0.535; size_park=False; never E; quote CV not holdout
2026-09-19T02:18,R4,4,234af73a,H,y5_ar_od30_sust,single_h_group_size,cv5_group,auroc,0.457545,1.0000,group-fold; sign from train fold; CV=0.4575±0.070; sign=+1; sizeAUC=0.506; size_park=False; never E; quote CV not holdout
2026-09-19T02:18,R4,4,234af73a,D-vs-E,y5_ap_od30_ownp80,leak_d_supp_hhi,train,spearman_e_ap_overdue_30,0.121238,1.0000,"train any-Y5; pearson=0.1325276532746291; fail=False; E comparator only, not X"
2026-09-19T02:18,R4,4,234af73a,D-vs-E,y5_ap_od30_ownp80,leak_d_supp_hhi,train,spearman_e_ar_overdue_30,0.0615171,1.0000,"train any-Y5; pearson=0.04652101082422252; fail=False; E comparator only, not X"
2026-09-19T02:18,R4,4,234af73a,D-vs-E,y5_ap_od30_ownp80,leak_d_supp_hhi,train,spearman_e_delay_paid,-0.0378199,1.0000,"train any-Y5; pearson=0.05636887527045636; fail=False; E comparator only, not X"
2026-09-19T02:18,R4,4,234af73a,D-vs-E,y5_ap_od30_ownp80,leak_d_supp_hhi,train,spearman_e_delay_coll,0.0274505,1.0000,"train any-Y5; pearson=0.03947277424720859; fail=False; E comparator only, not X"
2026-09-19T02:18,R4,4,234af73a,D-vs-E,y5_ap_od30_ownp80,leak_d_cust_hhi,train,spearman_e_ap_overdue_30,0.0420147,1.0000,"train any-Y5; pearson=0.03228453101700624; fail=False; E comparator only, not X"
2026-09-19T02:18,R4,4,234af73a,D-vs-E,y5_ap_od30_ownp80,leak_d_cust_hhi,train,spearman_e_ar_overdue_30,0.117313,1.0000,"train any-Y5; pearson=0.09553603344096032; fail=False; E comparator only, not X"
2026-09-19T02:18,R4,4,234af73a,D-vs-E,y5_ap_od30_ownp80,leak_d_cust_hhi,train,spearman_e_delay_paid,0.0580314,1.0000,"train any-Y5; pearson=0.07819627387423152; fail=False; E comparator only, not X"
2026-09-19T02:18,R4,4,234af73a,D-vs-E,y5_ap_od30_ownp80,leak_d_cust_hhi,train,spearman_e_delay_coll,-0.140704,1.0000,"train any-Y5; pearson=-0.007960644829407764; fail=False; E comparator only, not X"
2026-09-19T02:18,R4,4,234af73a,A-vs-E,y5_ap_od30_ownp80,leak_a_out6,train,spearman_e_ap_overdue_30,-0.11935,1.0000,"train any-Y5; pearson=-0.007944322842623116; fail=False; E comparator only, not X"
2026-09-19T02:18,R4,4,234af73a,A-vs-E,y5_ap_od30_ownp80,leak_a_out6,train,spearman_e_ar_overdue_30,-0.0759857,1.0000,"train any-Y5; pearson=0.012230769468555506; fail=False; E comparator only, not X"
2026-09-19T02:18,R4,4,234af73a,A-vs-E,y5_ap_od30_ownp80,leak_a_out6,train,spearman_e_delay_paid,-0.119162,1.0000,"train any-Y5; pearson=0.029855977169877965; fail=False; E comparator only, not X"
2026-09-19T02:18,R4,4,234af73a,A-vs-E,y5_ap_od30_ownp80,leak_a_out6,train,spearman_e_delay_coll,-0.175364,1.0000,"train any-Y5; pearson=0.036080054637883656; fail=False; E comparator only, not X"
2026-09-19T02:18,R4,4,234af73a,L-vs-E,y5_ap_od30_ownp80,leak_log1p_a_in3,train,spearman_e_ap_overdue_30,-0.110309,1.0000,"train any-Y5; pearson=-0.13604836002901494; fail=False; E comparator only, not X"
2026-09-19T02:18,R4,4,234af73a,L-vs-E,y5_ap_od30_ownp80,leak_log1p_a_in3,train,spearman_e_ar_overdue_30,-0.096787,1.0000,"train any-Y5; pearson=-0.10063653272907722; fail=False; E comparator only, not X"
2026-09-19T02:18,R4,4,234af73a,L-vs-E,y5_ap_od30_ownp80,leak_log1p_a_in3,train,spearman_e_delay_paid,-0.0612183,1.0000,"train any-Y5; pearson=-0.03838774278148546; fail=False; E comparator only, not X"
2026-09-19T02:18,R4,4,234af73a,L-vs-E,y5_ap_od30_ownp80,leak_log1p_a_in3,train,spearman_e_delay_coll,-0.112696,1.0000,"train any-Y5; pearson=-0.06388109442096432; fail=False; E comparator only, not X"
2026-09-19T02:18,R4,4,234af73a,C-vs-E,y5_ap_od30_ownp80,leak_c_n_days_with_tx,train,spearman_e_ap_overdue_30,-0.0912656,1.0000,"train any-Y5; pearson=-0.11252327910945042; fail=False; E comparator only, not X"
2026-09-19T02:18,R4,4,234af73a,C-vs-E,y5_ap_od30_ownp80,leak_c_n_days_with_tx,train,spearman_e_ar_overdue_30,-0.0756312,1.0000,"train any-Y5; pearson=-0.0704679060583495; fail=False; E comparator only, not X"
2026-09-19T02:18,R4,4,234af73a,C-vs-E,y5_ap_od30_ownp80,leak_c_n_days_with_tx,train,spearman_e_delay_paid,-0.054343,1.0000,"train any-Y5; pearson=-0.13700333804285278; fail=False; E comparator only, not X"
2026-09-19T02:18,R4,4,234af73a,C-vs-E,y5_ap_od30_ownp80,leak_c_n_days_with_tx,train,spearman_e_delay_coll,-0.0718168,1.0000,"train any-Y5; pearson=-0.11857802917215707; fail=False; E comparator only, not X"
2026-09-19T02:18,R4,4,234af73a,A-vs-E,y5_ap_od30_ownp80,leak_a_io_ratio,train,spearman_e_ap_overdue_30,0.0194107,1.0000,"train any-Y5; pearson=-0.018499526507554112; fail=False; E comparator only, not X"
2026-09-19T02:18,R4,4,234af73a,A-vs-E,y5_ap_od30_ownp80,leak_a_io_ratio,train,spearman_e_ar_overdue_30,0.00538199,1.0000,"train any-Y5; pearson=-0.01671519470121732; fail=False; E comparator only, not X"
2026-09-19T02:18,R4,4,234af73a,A-vs-E,y5_ap_od30_ownp80,leak_a_io_ratio,train,spearman_e_delay_paid,0.103559,1.0000,"train any-Y5; pearson=0.008751293258410172; fail=False; E comparator only, not X"
2026-09-19T02:18,R4,4,234af73a,A-vs-E,y5_ap_od30_ownp80,leak_a_io_ratio,train,spearman_e_delay_coll,0.110561,1.0000,"train any-Y5; pearson=-0.05207647484063407; fail=False; E comparator only, not X"
2026-09-19T02:18,R4,4,234af73a,C-vs-E,y5_ap_od30_ownp80,leak_c_gap_sd,train,spearman_e_ap_overdue_30,0.0548958,1.0000,"train any-Y5; pearson=0.1453197869941648; fail=False; E comparator only, not X"
2026-09-19T02:18,R4,4,234af73a,C-vs-E,y5_ap_od30_ownp80,leak_c_gap_sd,train,spearman_e_ar_overdue_30,0.0548058,1.0000,"train any-Y5; pearson=0.10492096989718318; fail=False; E comparator only, not X"
2026-09-19T02:18,R4,4,234af73a,C-vs-E,y5_ap_od30_ownp80,leak_c_gap_sd,train,spearman_e_delay_paid,0.0430533,1.0000,"train any-Y5; pearson=0.11306630355405417; fail=False; E comparator only, not X"
2026-09-19T02:18,R4,4,234af73a,C-vs-E,y5_ap_od30_ownp80,leak_c_gap_sd,train,spearman_e_delay_coll,0.0597233,1.0000,"train any-Y5; pearson=0.09653013437624978; fail=False; E comparator only, not X"
2026-09-19T02:18,R4,4,234af73a,D-vs-E,y5_ap_od30_ownp80,leak_d_tx_cp_share,train,spearman_e_ap_overdue_30,-0.112642,1.0000,"train any-Y5; pearson=-0.06658708305331662; fail=False; E comparator only, not X"
2026-09-19T02:18,R4,4,234af73a,D-vs-E,y5_ap_od30_ownp80,leak_d_tx_cp_share,train,spearman_e_ar_overdue_30,-0.0743727,1.0000,"train any-Y5; pearson=-0.05578169216352441; fail=False; E comparator only, not X"
2026-09-19T02:18,R4,4,234af73a,D-vs-E,y5_ap_od30_ownp80,leak_d_tx_cp_share,train,spearman_e_delay_paid,-0.048256,1.0000,"train any-Y5; pearson=-0.005648608440880028; fail=False; E comparator only, not X"
2026-09-19T02:18,R4,4,234af73a,D-vs-E,y5_ap_od30_ownp80,leak_d_tx_cp_share,train,spearman_e_delay_coll,0.107058,1.0000,"train any-Y5; pearson=0.011585155648676172; fail=False; E comparator only, not X"
2026-09-19T02:18,R4,4,234af73a,H-vs-E,y5_ap_od30_ownp80,leak_h_group_size,train,spearman_e_ap_overdue_30,-0.0809422,1.0000,"train any-Y5; pearson=-0.05922313495757473; fail=False; E comparator only, not X"
2026-09-19T02:18,R4,4,234af73a,H-vs-E,y5_ap_od30_ownp80,leak_h_group_size,train,spearman_e_ar_overdue_30,-0.0367651,1.0000,"train any-Y5; pearson=-0.0412116746063871; fail=False; E comparator only, not X"
2026-09-19T02:18,R4,4,234af73a,H-vs-E,y5_ap_od30_ownp80,leak_h_group_size,train,spearman_e_delay_paid,-0.0112416,1.0000,"train any-Y5; pearson=0.007928806030105257; fail=False; E comparator only, not X"
2026-09-19T02:18,R4,4,234af73a,H-vs-E,y5_ap_od30_ownp80,leak_h_group_size,train,spearman_e_delay_coll,0.0235645,1.0000,"train any-Y5; pearson=-0.023517363967225164; fail=False; E comparator only, not X"
2026-09-19T02:18,R4,4,234af73a,-,y5_ap_od30_ownp80,y5_holdout_coverage,train,n_pos,14,1.0000,LOW_POWER; n=195 pos=14 cos=28 pos_cos=8; not an AUROC claim
2026-09-19T02:18,R4,4,234af73a,-,y5_ar_od30_sust,y5_holdout_coverage,train,n_pos,8,1.0000,LOW_POWER; n=165 pos=8 cos=23 pos_cos=5; not an AUROC claim
2026-09-19T02:18,R4,4,234af73a,-,y5_ap_delay_up15,y5_holdout_coverage,train,n_pos,8,1.0000,LOW_POWER; n=171 pos=8 cos=27 pos_cos=4; not an AUROC claim
2026-09-19T02:18,R4,4,234af73a,D,y5_ap_od30_ownp80,single_d_supp_hhi,cv5_group,auroc,0.538629,0.9994,Q6 honest 1m; lag=0; CV=0.5386±0.044; never t3; never E
2026-09-19T02:18,R4,4,234af73a,D,y5_ap_od30_ownp80,single_d_supp_hhi_lag1,cv5_group,auroc,0.549224,0.9994,Q6 honest 1m; lag=1; CV=0.5492±0.055; never t3; never E
2026-09-19T02:18,R4,4,234af73a,A,y5_ap_od30_ownp80,single_a_io_ratio,cv5_group,auroc,0.52526,1.0000,Q6 honest 1m; lag=0; CV=0.5253±0.039; never t3; never E
2026-09-19T02:18,R4,4,234af73a,A,y5_ap_od30_ownp80,single_a_io_ratio_lag1,cv5_group,auroc,0.527875,1.0000,Q6 honest 1m; lag=1; CV=0.5279±0.044; never t3; never E
2026-09-19T02:18,R4,4,234af73a,H,y5_ap_od30_ownp80,single_h_group_size,cv5_group,auroc,0.581498,1.0000,Q6 honest 1m; lag=0; CV=0.5815±0.086; never t3; never E
2026-09-19T02:18,R4,4,234af73a,H,y5_ap_od30_ownp80,single_h_group_size_lag1,cv5_group,auroc,0.581498,1.0000,Q6 honest 1m; lag=1; CV=0.5815±0.086; never t3; never E
2026-09-19T02:18,R4,4,234af73a,D,y5_ar_od30_sust,single_d_cust_hhi,cv5_group,auroc,0.464421,0.9988,Q6 honest 1m; lag=0; CV=0.4644±0.065; never t3; never E
2026-09-19T02:18,R4,4,234af73a,D,y5_ar_od30_sust,single_d_cust_hhi_lag1,cv5_group,auroc,0.46048,0.9985,Q6 honest 1m; lag=1; CV=0.4605±0.070; never t3; never E
2026-09-19T02:18,R4,4,234af73a,A,y5_ar_od30_sust,single_a_io_ratio,cv5_group,auroc,0.485731,1.0000,Q6 honest 1m; lag=0; CV=0.4857±0.091; never t3; never E
2026-09-19T02:18,R4,4,234af73a,A,y5_ar_od30_sust,single_a_io_ratio_lag1,cv5_group,auroc,0.482641,1.0000,Q6 honest 1m; lag=1; CV=0.4826±0.099; never t3; never E
2026-09-19T02:18,R4,4,234af73a,D,y5_ar_od30_sust,single_d_tx_cp_share,cv5_group,auroc,0.576499,0.9979,Q6 honest 1m; lag=0; CV=0.5765±0.079; never t3; never E
2026-09-19T02:18,R4,4,234af73a,D,y5_ar_od30_sust,single_d_tx_cp_share_lag1,cv5_group,auroc,0.562924,0.9979,Q6 honest 1m; lag=1; CV=0.5629±0.075; never t3; never E
2026-09-19T02:18,R4,4,234af73a,D,y5_ap_od30_ownp80,d_supp_hhi_quintile,train,y_rate_q1,0.09684,0.2001,"train labeled cuts; n=981 pos=95 interval=(0.00563, 0.117]; up=False down=False tail=False"
2026-09-19T02:18,R4,4,234af73a,D,y5_ap_od30_ownp80,d_supp_hhi_quintile,train,y_rate_q2,0.0928571,0.1999,"train labeled cuts; n=980 pos=91 interval=(0.117, 0.218]; up=False down=False tail=False"
2026-09-19T02:18,R4,4,234af73a,D,y5_ap_od30_ownp80,d_supp_hhi_quintile,train,y_rate_q3,0.0743381,0.2003,"train labeled cuts; n=982 pos=73 interval=(0.218, 0.342]; up=False down=False tail=False"
2026-09-19T02:18,R4,4,234af73a,D,y5_ap_od30_ownp80,d_supp_hhi_quintile,train,y_rate_q4,0.0838446,0.1995,"train labeled cuts; n=978 pos=82 interval=(0.342, 0.532]; up=False down=False tail=False"
2026-09-19T02:18,R4,4,234af73a,D,y5_ap_od30_ownp80,d_supp_hhi_quintile,train,y_rate_q5,0.0784913,0.2001,"train labeled cuts; n=981 pos=77 interval=(0.532, 1.0]; up=False down=False tail=False"
2026-09-19T02:18,R4,4,234af73a,D,y5_ar_od30_sust,d_supp_hhi_quintile,train,y_rate_q1,0.0558912,0.2001,"train labeled cuts; n=662 pos=37 interval=(0.011, 0.106]; up=False down=False tail=False"
2026-09-19T02:18,R4,4,234af73a,D,y5_ar_od30_sust,d_supp_hhi_quintile,train,y_rate_q2,0.0694864,0.2001,"train labeled cuts; n=662 pos=46 interval=(0.106, 0.191]; up=False down=False tail=False"
2026-09-19T02:18,R4,4,234af73a,D,y5_ar_od30_sust,d_supp_hhi_quintile,train,y_rate_q3,0.0786687,0.1998,"train labeled cuts; n=661 pos=52 interval=(0.191, 0.308]; up=False down=False tail=False"
2026-09-19T02:18,R4,4,234af73a,D,y5_ar_od30_sust,d_supp_hhi_quintile,train,y_rate_q4,0.0755287,0.2001,"train labeled cuts; n=662 pos=50 interval=(0.308, 0.504]; up=False down=False tail=False"
2026-09-19T02:18,R4,4,234af73a,D,y5_ar_od30_sust,d_supp_hhi_quintile,train,y_rate_q5,0.0770393,0.2001,"train labeled cuts; n=662 pos=51 interval=(0.504, 1.0]; up=False down=False tail=False"
2026-09-19T02:18,R4,4,234af73a,D,y5_ap_od30_ownp80,d_cust_hhi_quintile,train,y_rate_q1,0.0639013,0.2000,"train labeled cuts; n=892 pos=57 interval=(0.0017599999999999998, 0.129]; up=False down=False tail=False"
2026-09-19T02:18,R4,4,234af73a,D,y5_ap_od30_ownp80,d_cust_hhi_quintile,train,y_rate_q2,0.100897,0.2000,"train labeled cuts; n=892 pos=90 interval=(0.129, 0.318]; up=False down=False tail=False"
2026-09-19T02:18,R4,4,234af73a,D,y5_ap_od30_ownp80,d_cust_hhi_quintile,train,y_rate_q3,0.0975336,0.2000,"train labeled cuts; n=892 pos=87 interval=(0.318, 0.564]; up=False down=False tail=False"
2026-09-19T02:18,R4,4,234af73a,D,y5_ap_od30_ownp80,d_cust_hhi_quintile,train,y_rate_q4,0.0874439,0.2000,"train labeled cuts; n=892 pos=78 interval=(0.564, 0.945]; up=False down=False tail=False"
2026-09-19T02:18,R4,4,234af73a,D,y5_ap_od30_ownp80,d_cust_hhi_quintile,train,y_rate_q5,0.0773543,0.2000,"train labeled cuts; n=892 pos=69 interval=(0.945, 1.0]; up=False down=False tail=False"
2026-09-19T02:18,R4,4,234af73a,D,y5_ar_od30_sust,d_cust_hhi_quintile,train,y_rate_q1,0.0603318,0.2002,"train labeled cuts; n=663 pos=40 interval=(0.0017599999999999998, 0.108]; up=False down=False tail=False"
2026-09-19T02:18,R4,4,234af73a,D,y5_ar_od30_sust,d_cust_hhi_quintile,train,y_rate_q2,0.0861027,0.1999,"train labeled cuts; n=662 pos=57 interval=(0.108, 0.241]; up=False down=False tail=False"
2026-09-19T02:18,R4,4,234af73a,D,y5_ar_od30_sust,d_cust_hhi_quintile,train,y_rate_q3,0.0785498,0.1999,"train labeled cuts; n=662 pos=52 interval=(0.241, 0.442]; up=False down=False tail=False"
2026-09-19T02:18,R4,4,234af73a,D,y5_ar_od30_sust,d_cust_hhi_quintile,train,y_rate_q4,0.081571,0.1999,"train labeled cuts; n=662 pos=54 interval=(0.442, 0.784]; up=False down=False tail=False"
2026-09-19T02:18,R4,4,234af73a,D,y5_ar_od30_sust,d_cust_hhi_quintile,train,y_rate_q5,0.0513595,0.1999,"train labeled cuts; n=662 pos=34 interval=(0.784, 1.0]; up=False down=False tail=False"
2026-09-19T02:18,R4,4,234af73a,A,y5_ap_od30_ownp80,a_out6_quintile,train,y_rate_q1,0.0550459,0.2000,"train labeled cuts; n=981 pos=54 interval=(-28157774.900999997, 97077.858]; up=False down=False tail=False"
2026-09-19T02:18,R4,4,234af73a,A,y5_ap_od30_ownp80,a_out6_quintile,train,y_rate_q2,0.0825688,0.2000,"train labeled cuts; n=981 pos=81 interval=(97077.858, 452601.654]; up=False down=False tail=False"
2026-09-19T02:18,R4,4,234af73a,A,y5_ap_od30_ownp80,a_out6_quintile,train,y_rate_q3,0.0825688,0.2000,"train labeled cuts; n=981 pos=81 interval=(452601.654, 1274415.418]; up=False down=False tail=False"
2026-09-19T02:18,R4,4,234af73a,A,y5_ap_od30_ownp80,a_out6_quintile,train,y_rate_q4,0.109072,0.2000,"train labeled cuts; n=981 pos=107 interval=(1274415.418, 4254456.872]; up=False down=False tail=False"
2026-09-19T02:18,R4,4,234af73a,A,y5_ap_od30_ownp80,a_out6_quintile,train,y_rate_q5,0.09684,0.2000,"train labeled cuts; n=981 pos=95 interval=(4254456.872, 17114407320.57]; up=False down=False tail=False"
2026-09-19T02:18,R4,4,234af73a,A,y5_ar_od30_sust,a_out6_quintile,train,y_rate_q1,0.0542986,0.2000,"train labeled cuts; n=663 pos=36 interval=(-28157774.900999997, 151264.498]; up=False down=False tail=False"
2026-09-19T02:18,R4,4,234af73a,A,y5_ar_od30_sust,a_out6_quintile,train,y_rate_q2,0.0784314,0.2000,"train labeled cuts; n=663 pos=52 interval=(151264.498, 514384.806]; up=False down=False tail=False"
2026-09-19T02:18,R4,4,234af73a,A,y5_ar_od30_sust,a_out6_quintile,train,y_rate_q3,0.0829563,0.2000,"train labeled cuts; n=663 pos=55 interval=(514384.806, 1369367.58]; up=False down=False tail=False"
2026-09-19T02:18,R4,4,234af73a,A,y5_ar_od30_sust,a_out6_quintile,train,y_rate_q4,0.0799397,0.2000,"train labeled cuts; n=663 pos=53 interval=(1369367.58, 4572547.922]; up=False down=False tail=False"
2026-09-19T02:18,R4,4,234af73a,A,y5_ar_od30_sust,a_out6_quintile,train,y_rate_q5,0.0618401,0.2000,"train labeled cuts; n=663 pos=41 interval=(4572547.922, 17114407320.57]; up=False down=False tail=False"
2026-09-19T02:18,R4,4,234af73a,A,y5_ap_od30_ownp80,log1p_a_in3_quintile,train,y_rate_q1,0.0662589,0.2000,"train labeled cuts; n=981 pos=65 interval=(-0.001, 10.696]; up=False down=False tail=False"
2026-09-19T02:18,R4,4,234af73a,A,y5_ap_od30_ownp80,log1p_a_in3_quintile,train,y_rate_q2,0.0846075,0.2000,"train labeled cuts; n=981 pos=83 interval=(10.696, 12.198]; up=False down=False tail=False"
2026-09-19T02:18,R4,4,234af73a,A,y5_ap_od30_ownp80,log1p_a_in3_quintile,train,y_rate_q3,0.069317,0.2000,"train labeled cuts; n=981 pos=68 interval=(12.198, 13.3]; up=False down=False tail=False"
2026-09-19T02:18,R4,4,234af73a,A,y5_ap_od30_ownp80,log1p_a_in3_quintile,train,y_rate_q4,0.108053,0.2000,"train labeled cuts; n=981 pos=106 interval=(13.3, 14.46]; up=False down=False tail=False"
2026-09-19T02:18,R4,4,234af73a,A,y5_ap_od30_ownp80,log1p_a_in3_quintile,train,y_rate_q5,0.0978593,0.2000,"train labeled cuts; n=981 pos=96 interval=(14.46, 22.713]; up=False down=False tail=False"
2026-09-19T02:18,R4,4,234af73a,A,y5_ar_od30_sust,log1p_a_in3_quintile,train,y_rate_q1,0.0723982,0.2000,"train labeled cuts; n=663 pos=48 interval=(-0.001, 11.262]; up=False down=False tail=False"
2026-09-19T02:18,R4,4,234af73a,A,y5_ar_od30_sust,log1p_a_in3_quintile,train,y_rate_q2,0.0618401,0.2000,"train labeled cuts; n=663 pos=41 interval=(11.262, 12.451]; up=False down=False tail=False"
2026-09-19T02:18,R4,4,234af73a,A,y5_ar_od30_sust,log1p_a_in3_quintile,train,y_rate_q3,0.0844646,0.2000,"train labeled cuts; n=663 pos=56 interval=(12.451, 13.474]; up=False down=False tail=False"
2026-09-19T02:18,R4,4,234af73a,A,y5_ar_od30_sust,log1p_a_in3_quintile,train,y_rate_q4,0.066365,0.2000,"train labeled cuts; n=663 pos=44 interval=(13.474, 14.609]; up=False down=False tail=False"
2026-09-19T02:18,R4,4,234af73a,A,y5_ar_od30_sust,log1p_a_in3_quintile,train,y_rate_q5,0.0723982,0.2000,"train labeled cuts; n=663 pos=48 interval=(14.609, 22.713]; up=False down=False tail=False"
2026-09-19T02:18,R4,4,234af73a,C,y5_ap_od30_ownp80,c_n_days_with_tx_quintile,train,y_rate_q1,0.0634921,0.2055,"train labeled cuts; n=1008 pos=64 interval=(-0.001, 8.0]; up=True down=False tail=False"
2026-09-19T02:18,R4,4,234af73a,C,y5_ap_od30_ownp80,c_n_days_with_tx_quintile,train,y_rate_q2,0.0836502,0.2145,"train labeled cuts; n=1052 pos=88 interval=(8.0, 14.0]; up=True down=False tail=False"
2026-09-19T02:18,R4,4,234af73a,C,y5_ap_od30_ownp80,c_n_days_with_tx_quintile,train,y_rate_q3,0.0895857,0.1821,"train labeled cuts; n=893 pos=80 interval=(14.0, 18.0]; up=True down=False tail=False"
2026-09-19T02:18,R4,4,234af73a,C,y5_ap_od30_ownp80,c_n_days_with_tx_quintile,train,y_rate_q4,0.0934489,0.2116,"train labeled cuts; n=1038 pos=97 interval=(18.0, 22.0]; up=True down=False tail=False"
2026-09-19T02:18,R4,4,234af73a,C,y5_ap_od30_ownp80,c_n_days_with_tx_quintile,train,y_rate_q5,0.0973742,0.1863,"train labeled cuts; n=914 pos=89 interval=(22.0, 31.0]; up=True down=False tail=False"
2026-09-19T02:18,R4,4,234af73a,C,y5_ar_od30_sust,c_n_days_with_tx_quintile,train,y_rate_q1,0.0509745,0.2012,"train labeled cuts; n=667 pos=34 interval=(-0.001, 10.0]; up=False down=False tail=False"
2026-09-19T02:18,R4,4,234af73a,C,y5_ar_od30_sust,c_n_days_with_tx_quintile,train,y_rate_q2,0.0752823,0.2404,"train labeled cuts; n=797 pos=60 interval=(10.0, 16.0]; up=False down=False tail=False"
2026-09-19T02:18,R4,4,234af73a,C,y5_ar_od30_sust,c_n_days_with_tx_quintile,train,y_rate_q3,0.0791269,0.2211,"train labeled cuts; n=733 pos=58 interval=(16.0, 20.0]; up=False down=False tail=False"
2026-09-19T02:18,R4,4,234af73a,C,y5_ar_od30_sust,c_n_days_with_tx_quintile,train,y_rate_q4,0.0634391,0.1807,"train labeled cuts; n=599 pos=38 interval=(20.0, 23.0]; up=False down=False tail=False"
2026-09-19T02:18,R4,4,234af73a,C,y5_ar_od30_sust,c_n_days_with_tx_quintile,train,y_rate_q5,0.0905588,0.1566,"train labeled cuts; n=519 pos=47 interval=(23.0, 31.0]; up=False down=False tail=False"
2026-09-19T02:18,R4,4,234af73a,A,y5_ap_od30_ownp80,a_io_ratio_quintile,train,y_rate_q1,0.0815494,0.2000,"train labeled cuts; n=981 pos=80 interval=(-1696.131, 0.489]; up=False down=False tail=False"
2026-09-19T02:18,R4,4,234af73a,A,y5_ap_od30_ownp80,a_io_ratio_quintile,train,y_rate_q2,0.0907238,0.2000,"train labeled cuts; n=981 pos=89 interval=(0.489, 0.901]; up=False down=False tail=False"
2026-09-19T02:18,R4,4,234af73a,A,y5_ap_od30_ownp80,a_io_ratio_quintile,train,y_rate_q3,0.0927625,0.2000,"train labeled cuts; n=981 pos=91 interval=(0.901, 1.124]; up=False down=False tail=False"
2026-09-19T02:18,R4,4,234af73a,A,y5_ap_od30_ownp80,a_io_ratio_quintile,train,y_rate_q4,0.0978593,0.2000,"train labeled cuts; n=981 pos=96 interval=(1.124, 1.871]; up=False down=False tail=False"
2026-09-19T02:18,R4,4,234af73a,A,y5_ap_od30_ownp80,a_io_ratio_quintile,train,y_rate_q5,0.0632008,0.2000,"train labeled cuts; n=981 pos=62 interval=(1.871, 3.0]; up=False down=False tail=False"
2026-09-19T02:18,R4,4,234af73a,A,y5_ar_od30_sust,a_io_ratio_quintile,train,y_rate_q1,0.0874811,0.2000,"train labeled cuts; n=663 pos=58 interval=(-1696.131, 0.564]; up=False down=False tail=False"
2026-09-19T02:18,R4,4,234af73a,A,y5_ar_od30_sust,a_io_ratio_quintile,train,y_rate_q2,0.0708899,0.2000,"train labeled cuts; n=663 pos=47 interval=(0.564, 0.92]; up=False down=False tail=False"
2026-09-19T02:18,R4,4,234af73a,A,y5_ar_od30_sust,a_io_ratio_quintile,train,y_rate_q3,0.0693816,0.2000,"train labeled cuts; n=663 pos=46 interval=(0.92, 1.126]; up=False down=False tail=False"
2026-09-19T02:18,R4,4,234af73a,A,y5_ar_od30_sust,a_io_ratio_quintile,train,y_rate_q4,0.0618401,0.2000,"train labeled cuts; n=663 pos=41 interval=(1.126, 1.818]; up=False down=False tail=False"
2026-09-19T02:18,R4,4,234af73a,A,y5_ar_od30_sust,a_io_ratio_quintile,train,y_rate_q5,0.0678733,0.2000,"train labeled cuts; n=663 pos=45 interval=(1.818, 3.0]; up=False down=False tail=False"
2026-09-19T02:18,R4,4,234af73a,H,y5_ap_od30_ownp80,h_group_size_quintile,train,y_rate_q1,0.100746,0.2186,"train labeled cuts; n=1072 pos=108 interval=(0.999, 4.0]; up=False down=False tail=False"
2026-09-19T02:18,R4,4,234af73a,H,y5_ap_od30_ownp80,h_group_size_quintile,train,y_rate_q2,0.116408,0.1839,"train labeled cuts; n=902 pos=105 interval=(4.0, 9.0]; up=False down=False tail=False"
2026-09-19T02:18,R4,4,234af73a,H,y5_ap_od30_ownp80,h_group_size_quintile,train,y_rate_q3,0.0950951,0.2037,"train labeled cuts; n=999 pos=95 interval=(9.0, 13.0]; up=False down=False tail=False"
2026-09-19T02:18,R4,4,234af73a,H,y5_ap_od30_ownp80,h_group_size_quintile,train,y_rate_q4,0.0757315,0.2369,"train labeled cuts; n=1162 pos=88 interval=(13.0, 18.0]; up=False down=False tail=False"
2026-09-19T02:18,R4,4,234af73a,H,y5_ap_od30_ownp80,h_group_size_quintile,train,y_rate_q5,0.0285714,0.1570,"train labeled cuts; n=770 pos=22 interval=(18.0, 22.0]; up=False down=False tail=False"
2026-09-19T02:18,R4,4,234af73a,H,y5_ar_od30_sust,h_group_size_quintile,train,y_rate_q1,0.056101,0.2151,"train labeled cuts; n=713 pos=40 interval=(0.999, 4.0]; up=False down=False tail=False"
2026-09-19T02:18,R4,4,234af73a,H,y5_ar_od30_sust,h_group_size_quintile,train,y_rate_q2,0.0598706,0.1864,"train labeled cuts; n=618 pos=37 interval=(4.0, 8.0]; up=False down=False tail=False"
2026-09-19T02:18,R4,4,234af73a,H,y5_ar_od30_sust,h_group_size_quintile,train,y_rate_q3,0.0847029,0.2386,"train labeled cuts; n=791 pos=67 interval=(8.0, 13.0]; up=False down=False tail=False"
2026-09-19T02:18,R4,4,234af73a,H,y5_ar_od30_sust,h_group_size_quintile,train,y_rate_q4,0.0693241,0.1741,"train labeled cuts; n=577 pos=40 interval=(13.0, 17.0]; up=False down=False tail=False"
2026-09-19T02:18,R4,4,234af73a,H,y5_ar_od30_sust,h_group_size_quintile,train,y_rate_q5,0.086039,0.1858,"train labeled cuts; n=616 pos=53 interval=(17.0, 22.0]; up=False down=False tail=False"
2026-09-19T02:18,R4,4,234af73a,D,y5_ap_od30_ownp80,d_tx_cp_share_quintile,train,y_rate_q1,0.0868233,0.2000,"train labeled cuts; n=979 pos=85 interval=(-0.001, 0.00587]; up=False down=False tail=False"
2026-09-19T02:18,R4,4,234af73a,D,y5_ap_od30_ownp80,d_tx_cp_share_quintile,train,y_rate_q2,0.122574,0.2000,"train labeled cuts; n=979 pos=120 interval=(0.00587, 0.147]; up=False down=False tail=False"
2026-09-19T02:18,R4,4,234af73a,D,y5_ap_od30_ownp80,d_tx_cp_share_quintile,train,y_rate_q3,0.095092,0.1998,"train labeled cuts; n=978 pos=93 interval=(0.147, 0.306]; up=False down=False tail=False"
2026-09-19T02:18,R4,4,234af73a,D,y5_ap_od30_ownp80,d_tx_cp_share_quintile,train,y_rate_q4,0.052094,0.2000,"train labeled cuts; n=979 pos=51 interval=(0.306, 0.466]; up=False down=False tail=False"
2026-09-19T02:18,R4,4,234af73a,D,y5_ap_od30_ownp80,d_tx_cp_share_quintile,train,y_rate_q5,0.0704801,0.2000,"train labeled cuts; n=979 pos=69 interval=(0.466, 0.963]; up=False down=False tail=False"
2026-09-19T02:18,R4,4,234af73a,D,y5_ar_od30_sust,d_tx_cp_share_quintile,train,y_rate_q1,0.128399,0.2001,"train labeled cuts; n=662 pos=85 interval=(-0.001, 0.00652]; up=False down=False tail=False"
2026-09-19T02:18,R4,4,234af73a,D,y5_ar_od30_sust,d_tx_cp_share_quintile,train,y_rate_q2,0.0605144,0.1998,"train labeled cuts; n=661 pos=40 interval=(0.00652, 0.164]; up=False down=False tail=False"
2026-09-19T02:18,R4,4,234af73a,D,y5_ar_od30_sust,d_tx_cp_share_quintile,train,y_rate_q3,0.0799397,0.2004,"train labeled cuts; n=663 pos=53 interval=(0.164, 0.338]; up=False down=False tail=False"
2026-09-19T02:18,R4,4,234af73a,D,y5_ar_od30_sust,d_tx_cp_share_quintile,train,y_rate_q4,0.0454545,0.1995,"train labeled cuts; n=660 pos=30 interval=(0.338, 0.482]; up=False down=False tail=False"
2026-09-19T02:18,R4,4,234af73a,D,y5_ar_od30_sust,d_tx_cp_share_quintile,train,y_rate_q5,0.0422961,0.2001,"train labeled cuts; n=662 pos=28 interval=(0.482, 0.955]; up=False down=False tail=False"
2026-09-19T02:18,R4,4,234af73a,A+D+C,y5_ap_od30_ownp80,y5_why_verdict,train,decision,1,1.0000,KEEP; trees=PARK; AP=CLOSE/unexplained_leftover; AR=KEEP/unexplained_leftover
2026-09-19T02:18,R4,4,234af73a,D,y5_ap_od30_ownp80,d_supp_hhi_tail_gt0975,train,y_rate,0.0273973,1.0000,Y4-shape tail; rest=0.08614620004141645; tail_auroc=0.49447530613899926; n=73 pos=2; never E
2026-09-19T02:18,R4,4,234af73a,D,y5_ar_od30_sust,d_cust_hhi_tail_gt0975,train,y_rate,0.0275482,1.0000,Y4-shape tail; rest=0.07700135685210312; tail_auroc=0.4636800002196179; n=363 pos=10; never E
2026-09-19T02:18,R4,4,234af73a,D,y5_ap_od30_ownp80,d_cust_hhi_tail_gt0975,train,y_rate,0.0782051,1.0000,Y4-shape tail; rest=0.08695652173913043; tail_auroc=0.4919181467847286; n=780 pos=61; never E
2026-09-19T02:18,R4,4,234af73a,-,y5_ap_od30_ownp80,y5_neither_cell,train,share_of_positives,0.651026,1.0000,neither low-io nor high HHI; n=222/341
2026-09-19T02:18,R4,4,234af73a,-,y5_ar_od30_sust,y5_neither_cell,train,share_of_positives,0.65285,1.0000,neither low-io nor high HHI; n=126/193
2026-09-19T02:18,R4,4,234af73a,H,y5_ap_od30_ownp80,single_h_group_size_size_T1,cv5_group,auroc,0.584635,1.0000,size residual; n=1635 pos=118 rate=0.07217125382262997
2026-09-19T02:18,R4,4,234af73a,C,y5_ap_od30_ownp80,single_c_n_days_with_tx_size_T1,cv5_group,auroc,0.443178,1.0000,size residual; n=1635 pos=118 rate=0.07217125382262997
2026-09-19T02:18,R4,4,234af73a,D,y5_ap_od30_ownp80,single_d_tx_cp_share_size_T1,cv5_group,auroc,0.536162,1.0000,size residual; n=1635 pos=118 rate=0.07217125382262997
2026-09-19T02:18,R4,4,234af73a,H,y5_ap_od30_ownp80,single_h_group_size_size_T2,cv5_group,auroc,0.568274,1.0000,size residual; n=1635 pos=132 rate=0.08073394495412844
2026-09-19T02:18,R4,4,234af73a,C,y5_ap_od30_ownp80,single_c_n_days_with_tx_size_T2,cv5_group,auroc,0.520989,1.0000,size residual; n=1635 pos=132 rate=0.08073394495412844
2026-09-19T02:18,R4,4,234af73a,D,y5_ap_od30_ownp80,single_d_tx_cp_share_size_T2,cv5_group,auroc,0.395229,1.0000,size residual; n=1635 pos=132 rate=0.08073394495412844
2026-09-19T02:18,R4,4,234af73a,H,y5_ap_od30_ownp80,single_h_group_size_size_T3,cv5_group,auroc,0.584071,1.0000,size residual; n=1635 pos=168 rate=0.10275229357798166
2026-09-19T02:18,R4,4,234af73a,C,y5_ap_od30_ownp80,single_c_n_days_with_tx_size_T3,cv5_group,auroc,0.530258,1.0000,size residual; n=1635 pos=168 rate=0.10275229357798166
2026-09-19T02:18,R4,4,234af73a,D,y5_ap_od30_ownp80,single_d_tx_cp_share_size_T3,cv5_group,auroc,0.550585,1.0000,size residual; n=1635 pos=168 rate=0.10275229357798166
2026-09-19T02:18,R4,4,234af73a,D,y5_ar_od30_sust,single_d_tx_cp_share_size_T1,cv5_group,auroc,0.583419,1.0000,size residual; n=1105 pos=80 rate=0.07239819004524888
2026-09-19T02:18,R4,4,234af73a,C,y5_ar_od30_sust,single_c_n_days_with_tx_size_T1,cv5_group,auroc,0.575194,1.0000,size residual; n=1105 pos=80 rate=0.07239819004524888
2026-09-19T02:18,R4,4,234af73a,H,y5_ar_od30_sust,single_h_group_size_size_T1,cv5_group,auroc,0.508798,1.0000,size residual; n=1105 pos=80 rate=0.07239819004524888
2026-09-19T02:18,R4,4,234af73a,D,y5_ar_od30_sust,single_d_tx_cp_share_size_T2,cv5_group,auroc,0.608622,1.0000,size residual; n=1105 pos=74 rate=0.0669683257918552
2026-09-19T02:18,R4,4,234af73a,C,y5_ar_od30_sust,single_c_n_days_with_tx_size_T2,cv5_group,auroc,0.461377,1.0000,size residual; n=1105 pos=74 rate=0.0669683257918552
2026-09-19T02:18,R4,4,234af73a,H,y5_ar_od30_sust,single_h_group_size_size_T2,cv5_group,auroc,0.590958,1.0000,size residual; n=1105 pos=74 rate=0.0669683257918552
2026-09-19T02:18,R4,4,234af73a,D,y5_ar_od30_sust,single_d_tx_cp_share_size_T3,cv5_group,auroc,0.620514,1.0000,size residual; n=1105 pos=83 rate=0.0751131221719457
2026-09-19T02:18,R4,4,234af73a,C,y5_ar_od30_sust,single_c_n_days_with_tx_size_T3,cv5_group,auroc,0.535501,1.0000,size residual; n=1105 pos=83 rate=0.0751131221719457
2026-09-19T02:18,R4,4,234af73a,H,y5_ar_od30_sust,single_h_group_size_size_T3,cv5_group,auroc,0.491589,1.0000,size residual; n=1105 pos=83 rate=0.0751131221719457
2026-09-19T02:18,R4,4,234af73a,D,y5_ap_od30_ownp80,single_d_supp_hhi_short,cv5_group,auroc,0.518803,1.0000,Q6 short so-far<12; lag=0; CV=0.5188±0.054; n_pos=142; never t3
2026-09-19T02:18,R4,4,234af73a,D,y5_ap_od30_ownp80,single_d_supp_hhi_lag1_short,cv5_group,auroc,0.525772,1.0000,Q6 short so-far<12; lag=1; CV=0.5258±0.059; n_pos=142; never t3
2026-09-19T02:18,R4,4,234af73a,A,y5_ap_od30_ownp80,single_a_io_ratio_short,cv5_group,auroc,0.492202,1.0000,Q6 short so-far<12; lag=0; CV=0.4922±0.030; n_pos=142; never t3
2026-09-19T02:18,R4,4,234af73a,A,y5_ap_od30_ownp80,single_a_io_ratio_lag1_short,cv5_group,auroc,0.463626,1.0000,Q6 short so-far<12; lag=1; CV=0.4636±0.036; n_pos=142; never t3
2026-09-19T02:18,R4,4,234af73a,H,y5_ap_od30_ownp80,single_h_group_size_short,cv5_group,auroc,0.619859,1.0000,Q6 short so-far<12; lag=0; CV=0.6199±0.091; n_pos=142; never t3
2026-09-19T02:18,R4,4,234af73a,H,y5_ap_od30_ownp80,single_h_group_size_lag1_short,cv5_group,auroc,0.619859,1.0000,Q6 short so-far<12; lag=1; CV=0.6199±0.091; n_pos=142; never t3
2026-09-19T02:18,R4,4,234af73a,D,y5_ar_od30_sust,single_d_cust_hhi_short,cv5_group,auroc,0.4268,1.0000,Q6 short so-far<12; lag=0; CV=0.4268±0.041; n_pos=75; never t3
2026-09-19T02:18,R4,4,234af73a,D,y5_ar_od30_sust,single_d_cust_hhi_lag1_short,cv5_group,auroc,0.465986,1.0000,Q6 short so-far<12; lag=1; CV=0.4660±0.093; n_pos=75; never t3
2026-09-19T02:18,R4,4,234af73a,A,y5_ar_od30_sust,single_a_io_ratio_short,cv5_group,auroc,0.552671,1.0000,Q6 short so-far<12; lag=0; CV=0.5527±0.172; n_pos=75; never t3
2026-09-19T02:18,R4,4,234af73a,A,y5_ar_od30_sust,single_a_io_ratio_lag1_short,cv5_group,auroc,0.439763,1.0000,Q6 short so-far<12; lag=1; CV=0.4398±0.170; n_pos=75; never t3
2026-09-19T02:18,R4,4,234af73a,D,y5_ar_od30_sust,single_d_tx_cp_share_short,cv5_group,auroc,0.445425,0.9957,Q6 short so-far<12; lag=0; CV=0.4454±0.110; n_pos=75; never t3
2026-09-19T02:18,R4,4,234af73a,D,y5_ar_od30_sust,single_d_tx_cp_share_lag1_short,cv5_group,auroc,0.430929,0.9965,Q6 short so-far<12; lag=1; CV=0.4309±0.094; n_pos=75; never t3
2026-09-19T02:18,R4,4,234af73a,-,y5_ap_od30_ownp80,y5_company_trait,train,spearman,-0.175282,1.0000,x=h_group_size; n_cos=446 ever_pos=171; med_x pos/neg=11.0/12.0
2026-09-19T02:18,R4,4,234af73a,-,y5_ar_od30_sust,y5_company_trait,train,spearman,-0.19357,1.0000,x=d_tx_cp_share; n_cos=331 ever_pos=115; med_x pos/neg=0.1733427034486452/0.2667322274455656
2026-09-19T02:18,R4,4,234af73a,-,y5_ap_od30_ownp80,y5_ap_ar_overlap,train,spearman,0.0631726,1.0000,both_pos=34 ap_only=243 ar_only=189
2026-09-19T02:18,R4,4,234af73a,D,y5_ar_od30_sust,d_tx_cp_share_vs_anycp,train,auroc_gap,0.113845,1.0000,presence_rewrite=False; intensity_dead=False; any_cp=0.4627; all=0.5765; cp>0=0.5799
2026-09-19T02:18,R4,4,234af73a,H,y5_ap_od30_ownp80,h_group_size_ge18,train,y_rate,0.0291262,1.0000,n=1236 pos=36; rest=0.10411556282365768; flag_auc=0.5906574335427279
2026-09-19T02:18,R4,4,234af73a,H,y5_ar_od30_sust,h_group_size_ge18,train,y_rate,0.086039,1.0000,n=616 pos=53; rest=0.06817339755464986; flag_auc=0.4796411445867364
2026-09-19T02:18,R4,4,234af73a,H,y5_ap_od30_ownp80,single_h_group_size_neither,cv5_group,auroc,0.544196,1.0000,neither leftover; n=2379 pos=222; CV=0.5442±0.107
2026-09-19T02:18,R4,4,234af73a,D,y5_ap_od30_ownp80,single_d_tx_cp_share_neither,cv5_group,auroc,0.542912,1.0000,neither leftover; n=2379 pos=222; CV=0.5429±0.053
2026-09-19T02:18,R4,4,234af73a,C,y5_ap_od30_ownp80,single_c_n_days_with_tx_neither,cv5_group,auroc,0.536738,1.0000,neither leftover; n=2379 pos=222; CV=0.5367±0.086
2026-09-19T02:18,R4,4,234af73a,H,y5_ar_od30_sust,single_h_group_size_neither,cv5_group,auroc,0.564464,1.0000,neither leftover; n=1636 pos=126; CV=0.5645±0.065
2026-09-19T02:18,R4,4,234af73a,D,y5_ar_od30_sust,single_d_tx_cp_share_neither,cv5_group,auroc,0.580854,1.0000,neither leftover; n=1636 pos=126; CV=0.5809±0.088
2026-09-19T02:18,R4,4,234af73a,C,y5_ar_od30_sust,single_c_n_days_with_tx_neither,cv5_group,auroc,0.55373,1.0000,neither leftover; n=1636 pos=126; CV=0.5537±0.142
2026-09-19T02:18,R4,4,234af73a,-,y5_ap_od30_ownp80,y5_cash_present_all_pos,train,share_days_gt0,0.990431,1.0000,n=418; in3_def=1.0; med_days=17.0; CLOSE missing-cash
2026-09-19T02:18,R4,4,234af73a,-,y5_ap_od30_ownp80,y5_cash_present_neither_pos,train,share_days_gt0,0.995495,1.0000,n=222; in3_def=1.0; med_days=18.0; CLOSE missing-cash
2026-09-19T02:18,R4,4,234af73a,-,y5_ar_od30_sust,y5_cash_present_all_pos,train,share_days_gt0,0.995781,1.0000,n=237; in3_def=1.0; med_days=18.0; CLOSE missing-cash
2026-09-19T02:18,R4,4,234af73a,-,y5_ar_od30_sust,y5_cash_present_neither_pos,train,share_days_gt0,1,1.0000,n=126; in3_def=1.0; med_days=19.0; CLOSE missing-cash
2026-09-19T00:19,R4,4,086b8ed0,B,-,balances_b_qa,train,n_balance_rows,7996,0.997999,cos=1273 asof=7980 not_asof=16 dates=5
2026-09-19T00:19,R4,4,086b8ed0,B,-,balances_b_qa,train,identity_median_abs_resid,9.09495e-12,0.989791,share_gt1e=0.0000 share_gt1pct=0.0000 tiny=True CLOSE_WALK=True
2026-09-19T00:19,R4,4,086b8ed0,B,-,balances_b_qa,train,identity_share_gt1euro,0,0.989791,n_gt1=0 n_gt1pct=0 store_vs_rebuild_max=0.0
2026-09-19T00:19,R4,4,086b8ed0,B,-,balances_b_qa,train,excl_snapshot_abs_share,0.209805,1.0000,walk_abs=8.23293e+09 debt_orphans_in_balances; custom_walk_n=261
2026-09-19T00:19,R4,4,086b8ed0,B,-,balances_b_qa,train,first_g0_bliq_finite_share,0.978008,0.636738,first_g0=773 null=0.022 zero=0.001 unconnected_ne_missing
2026-09-19T00:19,R4,4,086b8ed0,B,-,balances_b_qa,train,spearman_bliq_t_t3,0.848045,0.820343,confirm_085=True short=0.730 long24=0.862 still_shining=False long_real=True
2026-09-19T00:19,R4,4,086b8ed0,B,-,balances_b_qa,holdout,share_with_balance_row,1,1,n_bal=72/72 cash_walk=72 descriptive_only
2026-09-19T00:19,R4,4,086b8ed0,B,-,balances_b_qa,train,zombie_cash_prod_share,0.122051,0.0036024,n_zombie=538/4408 all_zombie_cos=2
2026-09-19T00:19,R4,4,086b8ed0,B,-,balances_b_qa,train,b_bal_vol_rho_login3,-0.281597,0.707473,is_size=False rho_abs_liq=0.251
2026-09-19T02:19,R4,4,234af73a,A-vs-D,y5_ap_od30_ownp80,y5_why_story,train,story,0.5,1.0000,unexplained_leftover; cash=0.239 hhi=0.145 neither=0.651; never E; no GBM
2026-09-19T02:19,R4,4,234af73a,A-vs-D,y5_ar_od30_sust,y5_why_story,train,story,0.5,1.0000,unexplained_leftover; cash=0.219 hhi=0.188 neither=0.653; never E; no GBM
2026-09-19T02:19,R4,4,234af73a,-,y5_ap_od30_ownp80,y5_why_y2_neg_2of3,train,share_of_positives,0.076555,1.0000,own-cut flag; n_hi=32 n_def=418 n_pos=418; train labeled only; never E
2026-09-19T02:19,R4,4,234af73a,-,y5_ap_od30_ownp80,y5_why_y4_ds_r_double,train,share_of_positives,0.15,0.1914,own-cut flag; n_hi=12 n_def=80 n_pos=418; train labeled only; never E
2026-09-19T02:19,R4,4,234af73a,-,y5_ap_od30_ownp80,y5_why_y9_fee_r_ownp80,train,share_of_positives,0.153247,0.9211,own-cut flag; n_hi=59 n_def=385 n_pos=418; train labeled only; never E
2026-09-19T02:19,R4,4,234af73a,A,y5_ap_od30_ownp80,y5_why_a_io_ratio_lo,train,share_of_positives,0.238961,0.9211,own-cut flag; n_hi=92 n_def=385 n_pos=418; train labeled only; never E
2026-09-19T02:19,R4,4,234af73a,D,y5_ap_od30_ownp80,y5_why_d_supp_hhi_hi,train,share_of_positives,0.144809,0.8756,own-cut flag; n_hi=53 n_def=366 n_pos=418; train labeled only; never E
2026-09-19T02:19,R4,4,234af73a,C,y5_ap_od30_ownp80,y5_why_c_gap_sd_hi,train,share_of_positives,0.17233,0.9856,own-cut flag; n_hi=71 n_def=412 n_pos=418; train labeled only; never E
2026-09-19T02:19,R4,4,234af73a,-,y5_ar_od30_sust,y5_why_y2_neg_2of3,train,share_of_positives,0.113924,1.0000,own-cut flag; n_hi=27 n_def=237 n_pos=237; train labeled only; never E
2026-09-19T02:19,R4,4,234af73a,-,y5_ar_od30_sust,y5_why_y4_ds_r_double,train,share_of_positives,0.0285714,0.1477,own-cut flag; n_hi=1 n_def=35 n_pos=237; train labeled only; never E
2026-09-19T02:19,R4,4,234af73a,-,y5_ar_od30_sust,y5_why_y9_fee_r_ownp80,train,share_of_positives,0.0982143,0.9451,own-cut flag; n_hi=22 n_def=224 n_pos=237; train labeled only; never E
2026-09-19T02:19,R4,4,234af73a,A,y5_ar_od30_sust,y5_why_a_io_ratio_lo,train,share_of_positives,0.21875,0.9451,own-cut flag; n_hi=49 n_def=224 n_pos=237; train labeled only; never E
2026-09-19T02:19,R4,4,234af73a,D,y5_ar_od30_sust,y5_why_d_cust_hhi_hi,train,share_of_positives,0.188119,0.8523,own-cut flag; n_hi=38 n_def=202 n_pos=237; train labeled only; never E
2026-09-19T02:19,R4,4,234af73a,C,y5_ar_od30_sust,y5_why_c_gap_sd_hi,train,share_of_positives,0.214592,0.9831,own-cut flag; n_hi=50 n_def=233 n_pos=237; train labeled only; never E
2026-09-19T02:19,R4,4,234af73a,D,y5_ap_od30_ownp80,single_d_supp_hhi,cv5_group,auroc,0.538629,0.9994,group-fold; sign from train fold; CV=0.5386±0.044; sign=-1; sizeAUC=0.663; size_park=True; never E; quote CV not holdout
2026-09-19T02:19,R4,4,234af73a,D,y5_ap_od30_ownp80,single_d_cust_hhi,cv5_group,auroc,0.438672,0.9093,group-fold; sign from train fold; CV=0.4387±0.095; sign=+1; sizeAUC=0.547; size_park=False; never E; quote CV not holdout
2026-09-19T02:19,R4,4,234af73a,A,y5_ap_od30_ownp80,single_a_out6,cv5_group,auroc,0.579587,1.0000,group-fold; sign from train fold; CV=0.5796±0.064; sign=+1; sizeAUC=0.903; size_park=True; never E; quote CV not holdout
2026-09-19T02:19,R4,4,234af73a,A,y5_ap_od30_ownp80,single_log1p_a_in3,cv5_group,auroc,0.556456,1.0000,group-fold; sign from train fold; CV=0.5565±0.086; sign=+1; sizeAUC=1.000; size_park=True; never E; quote CV not holdout
2026-09-19T02:19,R4,4,234af73a,C,y5_ap_od30_ownp80,single_c_n_days_with_tx,cv5_group,auroc,0.540118,1.0000,group-fold; sign from train fold; CV=0.5401±0.083; sign=+1; sizeAUC=0.763; size_park=True; never E; quote CV not holdout
2026-09-19T02:19,R4,4,234af73a,A,y5_ap_od30_ownp80,single_a_io_ratio,cv5_group,auroc,0.52526,1.0000,group-fold; sign from train fold; CV=0.5253±0.039; sign=-1; sizeAUC=0.569; size_park=False; never E; quote CV not holdout
2026-09-19T02:19,R4,4,234af73a,C,y5_ap_od30_ownp80,single_c_gap_sd,cv5_group,auroc,0.543824,0.9910,group-fold; sign from train fold; CV=0.5438±0.081; sign=-1; sizeAUC=0.765; size_park=True; never E; quote CV not holdout
2026-09-19T02:19,R4,4,234af73a,D,y5_ap_od30_ownp80,single_d_tx_cp_share,cv5_group,auroc,0.531531,0.9978,group-fold; sign from train fold; CV=0.5315±0.095; sign=-1; sizeAUC=0.540; size_park=False; never E; quote CV not holdout
2026-09-19T02:19,R4,4,234af73a,H,y5_ap_od30_ownp80,single_h_group_size,cv5_group,auroc,0.581498,1.0000,group-fold; sign from train fold; CV=0.5815±0.086; sign=-1; sizeAUC=0.517; size_park=False; never E; quote CV not holdout
2026-09-19T02:19,R4,4,234af73a,D,y5_ar_od30_sust,single_d_supp_hhi,cv5_group,auroc,0.544727,0.9982,group-fold; sign from train fold; CV=0.5447±0.063; sign=+1; sizeAUC=0.655; size_park=True; never E; quote CV not holdout
2026-09-19T02:19,R4,4,234af73a,D,y5_ar_od30_sust,single_d_cust_hhi,cv5_group,auroc,0.464421,0.9988,group-fold; sign from train fold; CV=0.4644±0.065; sign=-1; sizeAUC=0.548; size_park=False; never E; quote CV not holdout
2026-09-19T02:19,R4,4,234af73a,A,y5_ar_od30_sust,single_a_out6,cv5_group,auroc,0.465204,1.0000,group-fold; sign from train fold; CV=0.4652±0.036; sign=+1; sizeAUC=0.905; size_park=True; never E; quote CV not holdout
2026-09-19T02:19,R4,4,234af73a,A,y5_ar_od30_sust,single_log1p_a_in3,cv5_group,auroc,0.468577,1.0000,group-fold; sign from train fold; CV=0.4686±0.024; sign=+1; sizeAUC=1.000; size_park=True; never E; quote CV not holdout
2026-09-19T02:19,R4,4,234af73a,C,y5_ar_od30_sust,single_c_n_days_with_tx,cv5_group,auroc,0.532872,1.0000,group-fold; sign from train fold; CV=0.5329±0.080; sign=+1; sizeAUC=0.740; size_park=True; never E; quote CV not holdout
2026-09-19T02:19,R4,4,234af73a,A,y5_ar_od30_sust,single_a_io_ratio,cv5_group,auroc,0.485731,1.0000,group-fold; sign from train fold; CV=0.4857±0.091; sign=-1; sizeAUC=0.556; size_park=False; never E; quote CV not holdout
2026-09-19T02:19,R4,4,234af73a,C,y5_ar_od30_sust,single_c_gap_sd,cv5_group,auroc,0.53327,0.9913,group-fold; sign from train fold; CV=0.5333±0.109; sign=-1; sizeAUC=0.747; size_park=True; never E; quote CV not holdout
2026-09-19T02:19,R4,4,234af73a,D,y5_ar_od30_sust,single_d_tx_cp_share,cv5_group,auroc,0.576499,0.9979,group-fold; sign from train fold; CV=0.5765±0.079; sign=-1; sizeAUC=0.535; size_park=False; never E; quote CV not holdout
2026-09-19T02:19,R4,4,234af73a,H,y5_ar_od30_sust,single_h_group_size,cv5_group,auroc,0.457545,1.0000,group-fold; sign from train fold; CV=0.4575±0.070; sign=+1; sizeAUC=0.506; size_park=False; never E; quote CV not holdout
2026-09-19T02:19,R4,4,234af73a,D-vs-E,y5_ap_od30_ownp80,leak_d_supp_hhi,train,spearman_e_ap_overdue_30,0.121238,1.0000,"train any-Y5; pearson=0.1325276532746291; fail=False; E comparator only, not X"
2026-09-19T02:19,R4,4,234af73a,D-vs-E,y5_ap_od30_ownp80,leak_d_supp_hhi,train,spearman_e_ar_overdue_30,0.0615171,1.0000,"train any-Y5; pearson=0.04652101082422252; fail=False; E comparator only, not X"
2026-09-19T02:19,R4,4,234af73a,D-vs-E,y5_ap_od30_ownp80,leak_d_supp_hhi,train,spearman_e_delay_paid,-0.0378199,1.0000,"train any-Y5; pearson=0.05636887527045636; fail=False; E comparator only, not X"
2026-09-19T02:19,R4,4,234af73a,D-vs-E,y5_ap_od30_ownp80,leak_d_supp_hhi,train,spearman_e_delay_coll,0.0274505,1.0000,"train any-Y5; pearson=0.03947277424720859; fail=False; E comparator only, not X"
2026-09-19T02:19,R4,4,234af73a,D-vs-E,y5_ap_od30_ownp80,leak_d_cust_hhi,train,spearman_e_ap_overdue_30,0.0420147,1.0000,"train any-Y5; pearson=0.03228453101700624; fail=False; E comparator only, not X"
2026-09-19T02:19,R4,4,234af73a,D-vs-E,y5_ap_od30_ownp80,leak_d_cust_hhi,train,spearman_e_ar_overdue_30,0.117313,1.0000,"train any-Y5; pearson=0.09553603344096032; fail=False; E comparator only, not X"
2026-09-19T02:19,R4,4,234af73a,D-vs-E,y5_ap_od30_ownp80,leak_d_cust_hhi,train,spearman_e_delay_paid,0.0580314,1.0000,"train any-Y5; pearson=0.07819627387423152; fail=False; E comparator only, not X"
2026-09-19T02:19,R4,4,234af73a,D-vs-E,y5_ap_od30_ownp80,leak_d_cust_hhi,train,spearman_e_delay_coll,-0.140704,1.0000,"train any-Y5; pearson=-0.007960644829407764; fail=False; E comparator only, not X"
2026-09-19T02:19,R4,4,234af73a,A-vs-E,y5_ap_od30_ownp80,leak_a_out6,train,spearman_e_ap_overdue_30,-0.11935,1.0000,"train any-Y5; pearson=-0.007944322842623116; fail=False; E comparator only, not X"
2026-09-19T02:19,R4,4,234af73a,A-vs-E,y5_ap_od30_ownp80,leak_a_out6,train,spearman_e_ar_overdue_30,-0.0759857,1.0000,"train any-Y5; pearson=0.012230769468555506; fail=False; E comparator only, not X"
2026-09-19T02:19,R4,4,234af73a,A-vs-E,y5_ap_od30_ownp80,leak_a_out6,train,spearman_e_delay_paid,-0.119162,1.0000,"train any-Y5; pearson=0.029855977169877965; fail=False; E comparator only, not X"
2026-09-19T02:19,R4,4,234af73a,A-vs-E,y5_ap_od30_ownp80,leak_a_out6,train,spearman_e_delay_coll,-0.175364,1.0000,"train any-Y5; pearson=0.036080054637883656; fail=False; E comparator only, not X"
2026-09-19T02:19,R4,4,234af73a,L-vs-E,y5_ap_od30_ownp80,leak_log1p_a_in3,train,spearman_e_ap_overdue_30,-0.110309,1.0000,"train any-Y5; pearson=-0.13604836002901494; fail=False; E comparator only, not X"
2026-09-19T02:19,R4,4,234af73a,L-vs-E,y5_ap_od30_ownp80,leak_log1p_a_in3,train,spearman_e_ar_overdue_30,-0.096787,1.0000,"train any-Y5; pearson=-0.10063653272907722; fail=False; E comparator only, not X"
2026-09-19T02:19,R4,4,234af73a,L-vs-E,y5_ap_od30_ownp80,leak_log1p_a_in3,train,spearman_e_delay_paid,-0.0612183,1.0000,"train any-Y5; pearson=-0.03838774278148546; fail=False; E comparator only, not X"
2026-09-19T02:19,R4,4,234af73a,L-vs-E,y5_ap_od30_ownp80,leak_log1p_a_in3,train,spearman_e_delay_coll,-0.112696,1.0000,"train any-Y5; pearson=-0.06388109442096432; fail=False; E comparator only, not X"
2026-09-19T02:19,R4,4,234af73a,C-vs-E,y5_ap_od30_ownp80,leak_c_n_days_with_tx,train,spearman_e_ap_overdue_30,-0.0912656,1.0000,"train any-Y5; pearson=-0.11252327910945042; fail=False; E comparator only, not X"
2026-09-19T02:19,R4,4,234af73a,C-vs-E,y5_ap_od30_ownp80,leak_c_n_days_with_tx,train,spearman_e_ar_overdue_30,-0.0756312,1.0000,"train any-Y5; pearson=-0.0704679060583495; fail=False; E comparator only, not X"
2026-09-19T02:19,R4,4,234af73a,C-vs-E,y5_ap_od30_ownp80,leak_c_n_days_with_tx,train,spearman_e_delay_paid,-0.054343,1.0000,"train any-Y5; pearson=-0.13700333804285278; fail=False; E comparator only, not X"
2026-09-19T02:19,R4,4,234af73a,C-vs-E,y5_ap_od30_ownp80,leak_c_n_days_with_tx,train,spearman_e_delay_coll,-0.0718168,1.0000,"train any-Y5; pearson=-0.11857802917215707; fail=False; E comparator only, not X"
2026-09-19T02:19,R4,4,234af73a,A-vs-E,y5_ap_od30_ownp80,leak_a_io_ratio,train,spearman_e_ap_overdue_30,0.0194107,1.0000,"train any-Y5; pearson=-0.018499526507554112; fail=False; E comparator only, not X"
2026-09-19T02:19,R4,4,234af73a,A-vs-E,y5_ap_od30_ownp80,leak_a_io_ratio,train,spearman_e_ar_overdue_30,0.00538199,1.0000,"train any-Y5; pearson=-0.01671519470121732; fail=False; E comparator only, not X"
2026-09-19T02:19,R4,4,234af73a,A-vs-E,y5_ap_od30_ownp80,leak_a_io_ratio,train,spearman_e_delay_paid,0.103559,1.0000,"train any-Y5; pearson=0.008751293258410172; fail=False; E comparator only, not X"
2026-09-19T02:19,R4,4,234af73a,A-vs-E,y5_ap_od30_ownp80,leak_a_io_ratio,train,spearman_e_delay_coll,0.110561,1.0000,"train any-Y5; pearson=-0.05207647484063407; fail=False; E comparator only, not X"
2026-09-19T02:19,R4,4,234af73a,C-vs-E,y5_ap_od30_ownp80,leak_c_gap_sd,train,spearman_e_ap_overdue_30,0.0548958,1.0000,"train any-Y5; pearson=0.1453197869941648; fail=False; E comparator only, not X"
2026-09-19T02:19,R4,4,234af73a,C-vs-E,y5_ap_od30_ownp80,leak_c_gap_sd,train,spearman_e_ar_overdue_30,0.0548058,1.0000,"train any-Y5; pearson=0.10492096989718318; fail=False; E comparator only, not X"
2026-09-19T02:19,R4,4,234af73a,C-vs-E,y5_ap_od30_ownp80,leak_c_gap_sd,train,spearman_e_delay_paid,0.0430533,1.0000,"train any-Y5; pearson=0.11306630355405417; fail=False; E comparator only, not X"
2026-09-19T02:19,R4,4,234af73a,C-vs-E,y5_ap_od30_ownp80,leak_c_gap_sd,train,spearman_e_delay_coll,0.0597233,1.0000,"train any-Y5; pearson=0.09653013437624978; fail=False; E comparator only, not X"
2026-09-19T02:19,R4,4,234af73a,D-vs-E,y5_ap_od30_ownp80,leak_d_tx_cp_share,train,spearman_e_ap_overdue_30,-0.112642,1.0000,"train any-Y5; pearson=-0.06658708305331662; fail=False; E comparator only, not X"
2026-09-19T02:19,R4,4,234af73a,D-vs-E,y5_ap_od30_ownp80,leak_d_tx_cp_share,train,spearman_e_ar_overdue_30,-0.0743727,1.0000,"train any-Y5; pearson=-0.05578169216352441; fail=False; E comparator only, not X"
2026-09-19T02:19,R4,4,234af73a,D-vs-E,y5_ap_od30_ownp80,leak_d_tx_cp_share,train,spearman_e_delay_paid,-0.048256,1.0000,"train any-Y5; pearson=-0.005648608440880028; fail=False; E comparator only, not X"
2026-09-19T02:19,R4,4,234af73a,D-vs-E,y5_ap_od30_ownp80,leak_d_tx_cp_share,train,spearman_e_delay_coll,0.107058,1.0000,"train any-Y5; pearson=0.011585155648676172; fail=False; E comparator only, not X"
2026-09-19T02:19,R4,4,234af73a,H-vs-E,y5_ap_od30_ownp80,leak_h_group_size,train,spearman_e_ap_overdue_30,-0.0809422,1.0000,"train any-Y5; pearson=-0.05922313495757473; fail=False; E comparator only, not X"
2026-09-19T02:19,R4,4,234af73a,H-vs-E,y5_ap_od30_ownp80,leak_h_group_size,train,spearman_e_ar_overdue_30,-0.0367651,1.0000,"train any-Y5; pearson=-0.0412116746063871; fail=False; E comparator only, not X"
2026-09-19T02:19,R4,4,234af73a,H-vs-E,y5_ap_od30_ownp80,leak_h_group_size,train,spearman_e_delay_paid,-0.0112416,1.0000,"train any-Y5; pearson=0.007928806030105257; fail=False; E comparator only, not X"
2026-09-19T02:19,R4,4,234af73a,H-vs-E,y5_ap_od30_ownp80,leak_h_group_size,train,spearman_e_delay_coll,0.0235645,1.0000,"train any-Y5; pearson=-0.023517363967225164; fail=False; E comparator only, not X"
2026-09-19T02:19,R4,4,234af73a,-,y5_ap_od30_ownp80,y5_holdout_coverage,train,n_pos,14,1.0000,LOW_POWER; n=195 pos=14 cos=28 pos_cos=8; not an AUROC claim
2026-09-19T02:19,R4,4,234af73a,-,y5_ar_od30_sust,y5_holdout_coverage,train,n_pos,8,1.0000,LOW_POWER; n=165 pos=8 cos=23 pos_cos=5; not an AUROC claim
2026-09-19T02:19,R4,4,234af73a,-,y5_ap_delay_up15,y5_holdout_coverage,train,n_pos,8,1.0000,LOW_POWER; n=171 pos=8 cos=27 pos_cos=4; not an AUROC claim
2026-09-19T02:19,R4,4,234af73a,D,y5_ap_od30_ownp80,single_d_supp_hhi,cv5_group,auroc,0.538629,0.9994,Q6 honest 1m; lag=0; CV=0.5386±0.044; never t3; never E
2026-09-19T02:19,R4,4,234af73a,D,y5_ap_od30_ownp80,single_d_supp_hhi_lag1,cv5_group,auroc,0.549224,0.9994,Q6 honest 1m; lag=1; CV=0.5492±0.055; never t3; never E
2026-09-19T02:19,R4,4,234af73a,A,y5_ap_od30_ownp80,single_a_io_ratio,cv5_group,auroc,0.52526,1.0000,Q6 honest 1m; lag=0; CV=0.5253±0.039; never t3; never E
2026-09-19T02:19,R4,4,234af73a,A,y5_ap_od30_ownp80,single_a_io_ratio_lag1,cv5_group,auroc,0.527875,1.0000,Q6 honest 1m; lag=1; CV=0.5279±0.044; never t3; never E
2026-09-19T02:19,R4,4,234af73a,H,y5_ap_od30_ownp80,single_h_group_size,cv5_group,auroc,0.581498,1.0000,Q6 honest 1m; lag=0; CV=0.5815±0.086; never t3; never E
2026-09-19T02:19,R4,4,234af73a,H,y5_ap_od30_ownp80,single_h_group_size_lag1,cv5_group,auroc,0.581498,1.0000,Q6 honest 1m; lag=1; CV=0.5815±0.086; never t3; never E
2026-09-19T02:19,R4,4,234af73a,D,y5_ar_od30_sust,single_d_cust_hhi,cv5_group,auroc,0.464421,0.9988,Q6 honest 1m; lag=0; CV=0.4644±0.065; never t3; never E
2026-09-19T02:19,R4,4,234af73a,D,y5_ar_od30_sust,single_d_cust_hhi_lag1,cv5_group,auroc,0.46048,0.9985,Q6 honest 1m; lag=1; CV=0.4605±0.070; never t3; never E
2026-09-19T02:19,R4,4,234af73a,A,y5_ar_od30_sust,single_a_io_ratio,cv5_group,auroc,0.485731,1.0000,Q6 honest 1m; lag=0; CV=0.4857±0.091; never t3; never E
2026-09-19T02:19,R4,4,234af73a,A,y5_ar_od30_sust,single_a_io_ratio_lag1,cv5_group,auroc,0.482641,1.0000,Q6 honest 1m; lag=1; CV=0.4826±0.099; never t3; never E
2026-09-19T02:19,R4,4,234af73a,D,y5_ar_od30_sust,single_d_tx_cp_share,cv5_group,auroc,0.576499,0.9979,Q6 honest 1m; lag=0; CV=0.5765±0.079; never t3; never E
2026-09-19T02:19,R4,4,234af73a,D,y5_ar_od30_sust,single_d_tx_cp_share_lag1,cv5_group,auroc,0.562924,0.9979,Q6 honest 1m; lag=1; CV=0.5629±0.075; never t3; never E
2026-09-19T02:19,R4,4,234af73a,D,y5_ap_od30_ownp80,d_supp_hhi_quintile,train,y_rate_q1,0.09684,0.2001,"train labeled cuts; n=981 pos=95 interval=(0.00563, 0.117]; up=False down=False tail=False"
2026-09-19T02:19,R4,4,234af73a,D,y5_ap_od30_ownp80,d_supp_hhi_quintile,train,y_rate_q2,0.0928571,0.1999,"train labeled cuts; n=980 pos=91 interval=(0.117, 0.218]; up=False down=False tail=False"
2026-09-19T02:19,R4,4,234af73a,D,y5_ap_od30_ownp80,d_supp_hhi_quintile,train,y_rate_q3,0.0743381,0.2003,"train labeled cuts; n=982 pos=73 interval=(0.218, 0.342]; up=False down=False tail=False"
2026-09-19T02:19,R4,4,234af73a,D,y5_ap_od30_ownp80,d_supp_hhi_quintile,train,y_rate_q4,0.0838446,0.1995,"train labeled cuts; n=978 pos=82 interval=(0.342, 0.532]; up=False down=False tail=False"
2026-09-19T02:19,R4,4,234af73a,D,y5_ap_od30_ownp80,d_supp_hhi_quintile,train,y_rate_q5,0.0784913,0.2001,"train labeled cuts; n=981 pos=77 interval=(0.532, 1.0]; up=False down=False tail=False"
2026-09-19T02:19,R4,4,234af73a,D,y5_ar_od30_sust,d_supp_hhi_quintile,train,y_rate_q1,0.0558912,0.2001,"train labeled cuts; n=662 pos=37 interval=(0.011, 0.106]; up=False down=False tail=False"
2026-09-19T02:19,R4,4,234af73a,D,y5_ar_od30_sust,d_supp_hhi_quintile,train,y_rate_q2,0.0694864,0.2001,"train labeled cuts; n=662 pos=46 interval=(0.106, 0.191]; up=False down=False tail=False"
2026-09-19T02:19,R4,4,234af73a,D,y5_ar_od30_sust,d_supp_hhi_quintile,train,y_rate_q3,0.0786687,0.1998,"train labeled cuts; n=661 pos=52 interval=(0.191, 0.308]; up=False down=False tail=False"
2026-09-19T02:19,R4,4,234af73a,D,y5_ar_od30_sust,d_supp_hhi_quintile,train,y_rate_q4,0.0755287,0.2001,"train labeled cuts; n=662 pos=50 interval=(0.308, 0.504]; up=False down=False tail=False"
2026-09-19T02:19,R4,4,234af73a,D,y5_ar_od30_sust,d_supp_hhi_quintile,train,y_rate_q5,0.0770393,0.2001,"train labeled cuts; n=662 pos=51 interval=(0.504, 1.0]; up=False down=False tail=False"
2026-09-19T02:19,R4,4,234af73a,D,y5_ap_od30_ownp80,d_cust_hhi_quintile,train,y_rate_q1,0.0639013,0.2000,"train labeled cuts; n=892 pos=57 interval=(0.0017599999999999998, 0.129]; up=False down=False tail=False"
2026-09-19T02:19,R4,4,234af73a,D,y5_ap_od30_ownp80,d_cust_hhi_quintile,train,y_rate_q2,0.100897,0.2000,"train labeled cuts; n=892 pos=90 interval=(0.129, 0.318]; up=False down=False tail=False"
2026-09-19T02:19,R4,4,234af73a,D,y5_ap_od30_ownp80,d_cust_hhi_quintile,train,y_rate_q3,0.0975336,0.2000,"train labeled cuts; n=892 pos=87 interval=(0.318, 0.564]; up=False down=False tail=False"
2026-09-19T02:19,R4,4,234af73a,D,y5_ap_od30_ownp80,d_cust_hhi_quintile,train,y_rate_q4,0.0874439,0.2000,"train labeled cuts; n=892 pos=78 interval=(0.564, 0.945]; up=False down=False tail=False"
2026-09-19T02:19,R4,4,234af73a,D,y5_ap_od30_ownp80,d_cust_hhi_quintile,train,y_rate_q5,0.0773543,0.2000,"train labeled cuts; n=892 pos=69 interval=(0.945, 1.0]; up=False down=False tail=False"
2026-09-19T02:19,R4,4,234af73a,D,y5_ar_od30_sust,d_cust_hhi_quintile,train,y_rate_q1,0.0603318,0.2002,"train labeled cuts; n=663 pos=40 interval=(0.0017599999999999998, 0.108]; up=False down=False tail=False"
2026-09-19T02:19,R4,4,234af73a,D,y5_ar_od30_sust,d_cust_hhi_quintile,train,y_rate_q2,0.0861027,0.1999,"train labeled cuts; n=662 pos=57 interval=(0.108, 0.241]; up=False down=False tail=False"
2026-09-19T02:19,R4,4,234af73a,D,y5_ar_od30_sust,d_cust_hhi_quintile,train,y_rate_q3,0.0785498,0.1999,"train labeled cuts; n=662 pos=52 interval=(0.241, 0.442]; up=False down=False tail=False"
2026-09-19T02:19,R4,4,234af73a,D,y5_ar_od30_sust,d_cust_hhi_quintile,train,y_rate_q4,0.081571,0.1999,"train labeled cuts; n=662 pos=54 interval=(0.442, 0.784]; up=False down=False tail=False"
2026-09-19T02:19,R4,4,234af73a,D,y5_ar_od30_sust,d_cust_hhi_quintile,train,y_rate_q5,0.0513595,0.1999,"train labeled cuts; n=662 pos=34 interval=(0.784, 1.0]; up=False down=False tail=False"
2026-09-19T02:19,R4,4,234af73a,A,y5_ap_od30_ownp80,a_out6_quintile,train,y_rate_q1,0.0550459,0.2000,"train labeled cuts; n=981 pos=54 interval=(-28157774.900999997, 97077.858]; up=False down=False tail=False"
2026-09-19T02:19,R4,4,234af73a,A,y5_ap_od30_ownp80,a_out6_quintile,train,y_rate_q2,0.0825688,0.2000,"train labeled cuts; n=981 pos=81 interval=(97077.858, 452601.654]; up=False down=False tail=False"
2026-09-19T02:19,R4,4,234af73a,A,y5_ap_od30_ownp80,a_out6_quintile,train,y_rate_q3,0.0825688,0.2000,"train labeled cuts; n=981 pos=81 interval=(452601.654, 1274415.418]; up=False down=False tail=False"
2026-09-19T02:19,R4,4,234af73a,A,y5_ap_od30_ownp80,a_out6_quintile,train,y_rate_q4,0.109072,0.2000,"train labeled cuts; n=981 pos=107 interval=(1274415.418, 4254456.872]; up=False down=False tail=False"
2026-09-19T02:19,R4,4,234af73a,A,y5_ap_od30_ownp80,a_out6_quintile,train,y_rate_q5,0.09684,0.2000,"train labeled cuts; n=981 pos=95 interval=(4254456.872, 17114407320.57]; up=False down=False tail=False"
2026-09-19T02:19,R4,4,234af73a,A,y5_ar_od30_sust,a_out6_quintile,train,y_rate_q1,0.0542986,0.2000,"train labeled cuts; n=663 pos=36 interval=(-28157774.900999997, 151264.498]; up=False down=False tail=False"
2026-09-19T02:19,R4,4,234af73a,A,y5_ar_od30_sust,a_out6_quintile,train,y_rate_q2,0.0784314,0.2000,"train labeled cuts; n=663 pos=52 interval=(151264.498, 514384.806]; up=False down=False tail=False"
2026-09-19T02:19,R4,4,234af73a,A,y5_ar_od30_sust,a_out6_quintile,train,y_rate_q3,0.0829563,0.2000,"train labeled cuts; n=663 pos=55 interval=(514384.806, 1369367.58]; up=False down=False tail=False"
2026-09-19T02:19,R4,4,234af73a,A,y5_ar_od30_sust,a_out6_quintile,train,y_rate_q4,0.0799397,0.2000,"train labeled cuts; n=663 pos=53 interval=(1369367.58, 4572547.922]; up=False down=False tail=False"
2026-09-19T02:19,R4,4,234af73a,A,y5_ar_od30_sust,a_out6_quintile,train,y_rate_q5,0.0618401,0.2000,"train labeled cuts; n=663 pos=41 interval=(4572547.922, 17114407320.57]; up=False down=False tail=False"
2026-09-19T02:19,R4,4,234af73a,A,y5_ap_od30_ownp80,log1p_a_in3_quintile,train,y_rate_q1,0.0662589,0.2000,"train labeled cuts; n=981 pos=65 interval=(-0.001, 10.696]; up=False down=False tail=False"
2026-09-19T02:19,R4,4,234af73a,A,y5_ap_od30_ownp80,log1p_a_in3_quintile,train,y_rate_q2,0.0846075,0.2000,"train labeled cuts; n=981 pos=83 interval=(10.696, 12.198]; up=False down=False tail=False"
2026-09-19T02:19,R4,4,234af73a,A,y5_ap_od30_ownp80,log1p_a_in3_quintile,train,y_rate_q3,0.069317,0.2000,"train labeled cuts; n=981 pos=68 interval=(12.198, 13.3]; up=False down=False tail=False"
2026-09-19T02:19,R4,4,234af73a,A,y5_ap_od30_ownp80,log1p_a_in3_quintile,train,y_rate_q4,0.108053,0.2000,"train labeled cuts; n=981 pos=106 interval=(13.3, 14.46]; up=False down=False tail=False"
2026-09-19T02:19,R4,4,234af73a,A,y5_ap_od30_ownp80,log1p_a_in3_quintile,train,y_rate_q5,0.0978593,0.2000,"train labeled cuts; n=981 pos=96 interval=(14.46, 22.713]; up=False down=False tail=False"
2026-09-19T02:19,R4,4,234af73a,A,y5_ar_od30_sust,log1p_a_in3_quintile,train,y_rate_q1,0.0723982,0.2000,"train labeled cuts; n=663 pos=48 interval=(-0.001, 11.262]; up=False down=False tail=False"
2026-09-19T02:19,R4,4,234af73a,A,y5_ar_od30_sust,log1p_a_in3_quintile,train,y_rate_q2,0.0618401,0.2000,"train labeled cuts; n=663 pos=41 interval=(11.262, 12.451]; up=False down=False tail=False"
2026-09-19T02:19,R4,4,234af73a,A,y5_ar_od30_sust,log1p_a_in3_quintile,train,y_rate_q3,0.0844646,0.2000,"train labeled cuts; n=663 pos=56 interval=(12.451, 13.474]; up=False down=False tail=False"
2026-09-19T02:19,R4,4,234af73a,A,y5_ar_od30_sust,log1p_a_in3_quintile,train,y_rate_q4,0.066365,0.2000,"train labeled cuts; n=663 pos=44 interval=(13.474, 14.609]; up=False down=False tail=False"
2026-09-19T02:19,R4,4,234af73a,A,y5_ar_od30_sust,log1p_a_in3_quintile,train,y_rate_q5,0.0723982,0.2000,"train labeled cuts; n=663 pos=48 interval=(14.609, 22.713]; up=False down=False tail=False"
2026-09-19T02:19,R4,4,234af73a,C,y5_ap_od30_ownp80,c_n_days_with_tx_quintile,train,y_rate_q1,0.0634921,0.2055,"train labeled cuts; n=1008 pos=64 interval=(-0.001, 8.0]; up=True down=False tail=False"
2026-09-19T02:19,R4,4,234af73a,C,y5_ap_od30_ownp80,c_n_days_with_tx_quintile,train,y_rate_q2,0.0836502,0.2145,"train labeled cuts; n=1052 pos=88 interval=(8.0, 14.0]; up=True down=False tail=False"
2026-09-19T02:19,R4,4,234af73a,C,y5_ap_od30_ownp80,c_n_days_with_tx_quintile,train,y_rate_q3,0.0895857,0.1821,"train labeled cuts; n=893 pos=80 interval=(14.0, 18.0]; up=True down=False tail=False"
2026-09-19T02:19,R4,4,234af73a,C,y5_ap_od30_ownp80,c_n_days_with_tx_quintile,train,y_rate_q4,0.0934489,0.2116,"train labeled cuts; n=1038 pos=97 interval=(18.0, 22.0]; up=True down=False tail=False"
2026-09-19T02:19,R4,4,234af73a,C,y5_ap_od30_ownp80,c_n_days_with_tx_quintile,train,y_rate_q5,0.0973742,0.1863,"train labeled cuts; n=914 pos=89 interval=(22.0, 31.0]; up=True down=False tail=False"
2026-09-19T02:19,R4,4,234af73a,C,y5_ar_od30_sust,c_n_days_with_tx_quintile,train,y_rate_q1,0.0509745,0.2012,"train labeled cuts; n=667 pos=34 interval=(-0.001, 10.0]; up=False down=False tail=False"
2026-09-19T02:19,R4,4,234af73a,C,y5_ar_od30_sust,c_n_days_with_tx_quintile,train,y_rate_q2,0.0752823,0.2404,"train labeled cuts; n=797 pos=60 interval=(10.0, 16.0]; up=False down=False tail=False"
2026-09-19T02:19,R4,4,234af73a,C,y5_ar_od30_sust,c_n_days_with_tx_quintile,train,y_rate_q3,0.0791269,0.2211,"train labeled cuts; n=733 pos=58 interval=(16.0, 20.0]; up=False down=False tail=False"
2026-09-19T02:19,R4,4,234af73a,C,y5_ar_od30_sust,c_n_days_with_tx_quintile,train,y_rate_q4,0.0634391,0.1807,"train labeled cuts; n=599 pos=38 interval=(20.0, 23.0]; up=False down=False tail=False"
2026-09-19T02:19,R4,4,234af73a,C,y5_ar_od30_sust,c_n_days_with_tx_quintile,train,y_rate_q5,0.0905588,0.1566,"train labeled cuts; n=519 pos=47 interval=(23.0, 31.0]; up=False down=False tail=False"
2026-09-19T02:19,R4,4,234af73a,A,y5_ap_od30_ownp80,a_io_ratio_quintile,train,y_rate_q1,0.0815494,0.2000,"train labeled cuts; n=981 pos=80 interval=(-1696.131, 0.489]; up=False down=False tail=False"
2026-09-19T02:19,R4,4,234af73a,A,y5_ap_od30_ownp80,a_io_ratio_quintile,train,y_rate_q2,0.0907238,0.2000,"train labeled cuts; n=981 pos=89 interval=(0.489, 0.901]; up=False down=False tail=False"
2026-09-19T02:19,R4,4,234af73a,A,y5_ap_od30_ownp80,a_io_ratio_quintile,train,y_rate_q3,0.0927625,0.2000,"train labeled cuts; n=981 pos=91 interval=(0.901, 1.124]; up=False down=False tail=False"
2026-09-19T02:19,R4,4,234af73a,A,y5_ap_od30_ownp80,a_io_ratio_quintile,train,y_rate_q4,0.0978593,0.2000,"train labeled cuts; n=981 pos=96 interval=(1.124, 1.871]; up=False down=False tail=False"
2026-09-19T02:19,R4,4,234af73a,A,y5_ap_od30_ownp80,a_io_ratio_quintile,train,y_rate_q5,0.0632008,0.2000,"train labeled cuts; n=981 pos=62 interval=(1.871, 3.0]; up=False down=False tail=False"
2026-09-19T02:19,R4,4,234af73a,A,y5_ar_od30_sust,a_io_ratio_quintile,train,y_rate_q1,0.0874811,0.2000,"train labeled cuts; n=663 pos=58 interval=(-1696.131, 0.564]; up=False down=False tail=False"
2026-09-19T02:19,R4,4,234af73a,A,y5_ar_od30_sust,a_io_ratio_quintile,train,y_rate_q2,0.0708899,0.2000,"train labeled cuts; n=663 pos=47 interval=(0.564, 0.92]; up=False down=False tail=False"
2026-09-19T02:19,R4,4,234af73a,A,y5_ar_od30_sust,a_io_ratio_quintile,train,y_rate_q3,0.0693816,0.2000,"train labeled cuts; n=663 pos=46 interval=(0.92, 1.126]; up=False down=False tail=False"
2026-09-19T02:19,R4,4,234af73a,A,y5_ar_od30_sust,a_io_ratio_quintile,train,y_rate_q4,0.0618401,0.2000,"train labeled cuts; n=663 pos=41 interval=(1.126, 1.818]; up=False down=False tail=False"
2026-09-19T02:19,R4,4,234af73a,A,y5_ar_od30_sust,a_io_ratio_quintile,train,y_rate_q5,0.0678733,0.2000,"train labeled cuts; n=663 pos=45 interval=(1.818, 3.0]; up=False down=False tail=False"
2026-09-19T02:19,R4,4,234af73a,H,y5_ap_od30_ownp80,h_group_size_quintile,train,y_rate_q1,0.100746,0.2186,"train labeled cuts; n=1072 pos=108 interval=(0.999, 4.0]; up=False down=False tail=False"
2026-09-19T02:19,R4,4,234af73a,H,y5_ap_od30_ownp80,h_group_size_quintile,train,y_rate_q2,0.116408,0.1839,"train labeled cuts; n=902 pos=105 interval=(4.0, 9.0]; up=False down=False tail=False"
2026-09-19T02:19,R4,4,234af73a,H,y5_ap_od30_ownp80,h_group_size_quintile,train,y_rate_q3,0.0950951,0.2037,"train labeled cuts; n=999 pos=95 interval=(9.0, 13.0]; up=False down=False tail=False"
2026-09-19T02:19,R4,4,234af73a,H,y5_ap_od30_ownp80,h_group_size_quintile,train,y_rate_q4,0.0757315,0.2369,"train labeled cuts; n=1162 pos=88 interval=(13.0, 18.0]; up=False down=False tail=False"
2026-09-19T02:19,R4,4,234af73a,H,y5_ap_od30_ownp80,h_group_size_quintile,train,y_rate_q5,0.0285714,0.1570,"train labeled cuts; n=770 pos=22 interval=(18.0, 22.0]; up=False down=False tail=False"
2026-09-19T02:19,R4,4,234af73a,H,y5_ar_od30_sust,h_group_size_quintile,train,y_rate_q1,0.056101,0.2151,"train labeled cuts; n=713 pos=40 interval=(0.999, 4.0]; up=False down=False tail=False"
2026-09-19T02:19,R4,4,234af73a,H,y5_ar_od30_sust,h_group_size_quintile,train,y_rate_q2,0.0598706,0.1864,"train labeled cuts; n=618 pos=37 interval=(4.0, 8.0]; up=False down=False tail=False"
2026-09-19T02:19,R4,4,234af73a,H,y5_ar_od30_sust,h_group_size_quintile,train,y_rate_q3,0.0847029,0.2386,"train labeled cuts; n=791 pos=67 interval=(8.0, 13.0]; up=False down=False tail=False"
2026-09-19T02:19,R4,4,234af73a,H,y5_ar_od30_sust,h_group_size_quintile,train,y_rate_q4,0.0693241,0.1741,"train labeled cuts; n=577 pos=40 interval=(13.0, 17.0]; up=False down=False tail=False"
2026-09-19T02:19,R4,4,234af73a,H,y5_ar_od30_sust,h_group_size_quintile,train,y_rate_q5,0.086039,0.1858,"train labeled cuts; n=616 pos=53 interval=(17.0, 22.0]; up=False down=False tail=False"
2026-09-19T02:19,R4,4,234af73a,D,y5_ap_od30_ownp80,d_tx_cp_share_quintile,train,y_rate_q1,0.0868233,0.2000,"train labeled cuts; n=979 pos=85 interval=(-0.001, 0.00587]; up=False down=False tail=False"
2026-09-19T02:19,R4,4,234af73a,D,y5_ap_od30_ownp80,d_tx_cp_share_quintile,train,y_rate_q2,0.122574,0.2000,"train labeled cuts; n=979 pos=120 interval=(0.00587, 0.147]; up=False down=False tail=False"
2026-09-19T02:19,R4,4,234af73a,D,y5_ap_od30_ownp80,d_tx_cp_share_quintile,train,y_rate_q3,0.095092,0.1998,"train labeled cuts; n=978 pos=93 interval=(0.147, 0.306]; up=False down=False tail=False"
2026-09-19T02:19,R4,4,234af73a,D,y5_ap_od30_ownp80,d_tx_cp_share_quintile,train,y_rate_q4,0.052094,0.2000,"train labeled cuts; n=979 pos=51 interval=(0.306, 0.466]; up=False down=False tail=False"
2026-09-19T02:19,R4,4,234af73a,D,y5_ap_od30_ownp80,d_tx_cp_share_quintile,train,y_rate_q5,0.0704801,0.2000,"train labeled cuts; n=979 pos=69 interval=(0.466, 0.963]; up=False down=False tail=False"
2026-09-19T02:19,R4,4,234af73a,D,y5_ar_od30_sust,d_tx_cp_share_quintile,train,y_rate_q1,0.128399,0.2001,"train labeled cuts; n=662 pos=85 interval=(-0.001, 0.00652]; up=False down=False tail=False"
2026-09-19T02:19,R4,4,234af73a,D,y5_ar_od30_sust,d_tx_cp_share_quintile,train,y_rate_q2,0.0605144,0.1998,"train labeled cuts; n=661 pos=40 interval=(0.00652, 0.164]; up=False down=False tail=False"
2026-09-19T02:19,R4,4,234af73a,D,y5_ar_od30_sust,d_tx_cp_share_quintile,train,y_rate_q3,0.0799397,0.2004,"train labeled cuts; n=663 pos=53 interval=(0.164, 0.338]; up=False down=False tail=False"
2026-09-19T02:19,R4,4,234af73a,D,y5_ar_od30_sust,d_tx_cp_share_quintile,train,y_rate_q4,0.0454545,0.1995,"train labeled cuts; n=660 pos=30 interval=(0.338, 0.482]; up=False down=False tail=False"
2026-09-19T02:19,R4,4,234af73a,D,y5_ar_od30_sust,d_tx_cp_share_quintile,train,y_rate_q5,0.0422961,0.2001,"train labeled cuts; n=662 pos=28 interval=(0.482, 0.955]; up=False down=False tail=False"
2026-09-19T02:19,R4,4,234af73a,A+D+C,y5_ap_od30_ownp80,y5_why_verdict,train,decision,1,1.0000,KEEP; trees=PARK; AP=CLOSE/unexplained_leftover; AR=KEEP/unexplained_leftover
2026-09-19T02:19,R4,4,234af73a,D,y5_ap_od30_ownp80,d_supp_hhi_tail_gt0975,train,y_rate,0.0273973,1.0000,Y4-shape tail; rest=0.08614620004141645; tail_auroc=0.49447530613899926; n=73 pos=2; never E
2026-09-19T02:19,R4,4,234af73a,D,y5_ar_od30_sust,d_cust_hhi_tail_gt0975,train,y_rate,0.0275482,1.0000,Y4-shape tail; rest=0.07700135685210312; tail_auroc=0.4636800002196179; n=363 pos=10; never E
2026-09-19T02:19,R4,4,234af73a,D,y5_ap_od30_ownp80,d_cust_hhi_tail_gt0975,train,y_rate,0.0782051,1.0000,Y4-shape tail; rest=0.08695652173913043; tail_auroc=0.4919181467847286; n=780 pos=61; never E
2026-09-19T02:19,R4,4,234af73a,-,y5_ap_od30_ownp80,y5_neither_cell,train,share_of_positives,0.651026,1.0000,neither low-io nor high HHI; n=222/341
2026-09-19T02:19,R4,4,234af73a,-,y5_ar_od30_sust,y5_neither_cell,train,share_of_positives,0.65285,1.0000,neither low-io nor high HHI; n=126/193
2026-09-19T02:19,R4,4,234af73a,H,y5_ap_od30_ownp80,single_h_group_size_size_T1,cv5_group,auroc,0.584635,1.0000,size residual; n=1635 pos=118 rate=0.07217125382262997
2026-09-19T02:19,R4,4,234af73a,C,y5_ap_od30_ownp80,single_c_n_days_with_tx_size_T1,cv5_group,auroc,0.443178,1.0000,size residual; n=1635 pos=118 rate=0.07217125382262997
2026-09-19T02:19,R4,4,234af73a,D,y5_ap_od30_ownp80,single_d_tx_cp_share_size_T1,cv5_group,auroc,0.536162,1.0000,size residual; n=1635 pos=118 rate=0.07217125382262997
2026-09-19T02:19,R4,4,234af73a,H,y5_ap_od30_ownp80,single_h_group_size_size_T2,cv5_group,auroc,0.568274,1.0000,size residual; n=1635 pos=132 rate=0.08073394495412844
2026-09-19T02:19,R4,4,234af73a,C,y5_ap_od30_ownp80,single_c_n_days_with_tx_size_T2,cv5_group,auroc,0.520989,1.0000,size residual; n=1635 pos=132 rate=0.08073394495412844
2026-09-19T02:19,R4,4,234af73a,D,y5_ap_od30_ownp80,single_d_tx_cp_share_size_T2,cv5_group,auroc,0.395229,1.0000,size residual; n=1635 pos=132 rate=0.08073394495412844
2026-09-19T02:19,R4,4,234af73a,H,y5_ap_od30_ownp80,single_h_group_size_size_T3,cv5_group,auroc,0.584071,1.0000,size residual; n=1635 pos=168 rate=0.10275229357798166
2026-09-19T02:19,R4,4,234af73a,C,y5_ap_od30_ownp80,single_c_n_days_with_tx_size_T3,cv5_group,auroc,0.530258,1.0000,size residual; n=1635 pos=168 rate=0.10275229357798166
2026-09-19T02:19,R4,4,234af73a,D,y5_ap_od30_ownp80,single_d_tx_cp_share_size_T3,cv5_group,auroc,0.550585,1.0000,size residual; n=1635 pos=168 rate=0.10275229357798166
2026-09-19T02:19,R4,4,234af73a,D,y5_ar_od30_sust,single_d_tx_cp_share_size_T1,cv5_group,auroc,0.583419,1.0000,size residual; n=1105 pos=80 rate=0.07239819004524888
2026-09-19T02:19,R4,4,234af73a,C,y5_ar_od30_sust,single_c_n_days_with_tx_size_T1,cv5_group,auroc,0.575194,1.0000,size residual; n=1105 pos=80 rate=0.07239819004524888
2026-09-19T02:19,R4,4,234af73a,H,y5_ar_od30_sust,single_h_group_size_size_T1,cv5_group,auroc,0.508798,1.0000,size residual; n=1105 pos=80 rate=0.07239819004524888
2026-09-19T02:19,R4,4,234af73a,D,y5_ar_od30_sust,single_d_tx_cp_share_size_T2,cv5_group,auroc,0.608622,1.0000,size residual; n=1105 pos=74 rate=0.0669683257918552
2026-09-19T02:19,R4,4,234af73a,C,y5_ar_od30_sust,single_c_n_days_with_tx_size_T2,cv5_group,auroc,0.461377,1.0000,size residual; n=1105 pos=74 rate=0.0669683257918552
2026-09-19T02:19,R4,4,234af73a,H,y5_ar_od30_sust,single_h_group_size_size_T2,cv5_group,auroc,0.590958,1.0000,size residual; n=1105 pos=74 rate=0.0669683257918552
2026-09-19T02:19,R4,4,234af73a,D,y5_ar_od30_sust,single_d_tx_cp_share_size_T3,cv5_group,auroc,0.620514,1.0000,size residual; n=1105 pos=83 rate=0.0751131221719457
2026-09-19T02:19,R4,4,234af73a,C,y5_ar_od30_sust,single_c_n_days_with_tx_size_T3,cv5_group,auroc,0.535501,1.0000,size residual; n=1105 pos=83 rate=0.0751131221719457
2026-09-19T02:19,R4,4,234af73a,H,y5_ar_od30_sust,single_h_group_size_size_T3,cv5_group,auroc,0.491589,1.0000,size residual; n=1105 pos=83 rate=0.0751131221719457
2026-09-19T02:19,R4,4,234af73a,D,y5_ap_od30_ownp80,single_d_supp_hhi_short,cv5_group,auroc,0.518803,1.0000,Q6 short so-far<12; lag=0; CV=0.5188±0.054; n_pos=142; never t3
2026-09-19T02:19,R4,4,234af73a,D,y5_ap_od30_ownp80,single_d_supp_hhi_lag1_short,cv5_group,auroc,0.525772,1.0000,Q6 short so-far<12; lag=1; CV=0.5258±0.059; n_pos=142; never t3
2026-09-19T02:19,R4,4,234af73a,A,y5_ap_od30_ownp80,single_a_io_ratio_short,cv5_group,auroc,0.492202,1.0000,Q6 short so-far<12; lag=0; CV=0.4922±0.030; n_pos=142; never t3
2026-09-19T02:19,R4,4,234af73a,A,y5_ap_od30_ownp80,single_a_io_ratio_lag1_short,cv5_group,auroc,0.463626,1.0000,Q6 short so-far<12; lag=1; CV=0.4636±0.036; n_pos=142; never t3
2026-09-19T02:19,R4,4,234af73a,H,y5_ap_od30_ownp80,single_h_group_size_short,cv5_group,auroc,0.619859,1.0000,Q6 short so-far<12; lag=0; CV=0.6199±0.091; n_pos=142; never t3
2026-09-19T02:19,R4,4,234af73a,H,y5_ap_od30_ownp80,single_h_group_size_lag1_short,cv5_group,auroc,0.619859,1.0000,Q6 short so-far<12; lag=1; CV=0.6199±0.091; n_pos=142; never t3
2026-09-19T02:19,R4,4,234af73a,D,y5_ar_od30_sust,single_d_cust_hhi_short,cv5_group,auroc,0.4268,1.0000,Q6 short so-far<12; lag=0; CV=0.4268±0.041; n_pos=75; never t3
2026-09-19T02:19,R4,4,234af73a,D,y5_ar_od30_sust,single_d_cust_hhi_lag1_short,cv5_group,auroc,0.465986,1.0000,Q6 short so-far<12; lag=1; CV=0.4660±0.093; n_pos=75; never t3
2026-09-19T02:19,R4,4,234af73a,A,y5_ar_od30_sust,single_a_io_ratio_short,cv5_group,auroc,0.552671,1.0000,Q6 short so-far<12; lag=0; CV=0.5527±0.172; n_pos=75; never t3
2026-09-19T02:19,R4,4,234af73a,A,y5_ar_od30_sust,single_a_io_ratio_lag1_short,cv5_group,auroc,0.439763,1.0000,Q6 short so-far<12; lag=1; CV=0.4398±0.170; n_pos=75; never t3
2026-09-19T02:19,R4,4,234af73a,D,y5_ar_od30_sust,single_d_tx_cp_share_short,cv5_group,auroc,0.445425,0.9957,Q6 short so-far<12; lag=0; CV=0.4454±0.110; n_pos=75; never t3
2026-09-19T02:19,R4,4,234af73a,D,y5_ar_od30_sust,single_d_tx_cp_share_lag1_short,cv5_group,auroc,0.430929,0.9965,Q6 short so-far<12; lag=1; CV=0.4309±0.094; n_pos=75; never t3
2026-09-19T02:19,R4,4,234af73a,-,y5_ap_od30_ownp80,y5_company_trait,train,spearman,-0.175282,1.0000,x=h_group_size; n_cos=446 ever_pos=171; med_x pos/neg=11.0/12.0
2026-09-19T02:19,R4,4,234af73a,-,y5_ar_od30_sust,y5_company_trait,train,spearman,-0.19357,1.0000,x=d_tx_cp_share; n_cos=331 ever_pos=115; med_x pos/neg=0.1733427034486452/0.2667322274455656
2026-09-19T02:19,R4,4,234af73a,-,y5_ap_od30_ownp80,y5_ap_ar_overlap,train,spearman,0.0631726,1.0000,both_pos=34 ap_only=243 ar_only=189
2026-09-19T02:19,R4,4,234af73a,D,y5_ar_od30_sust,d_tx_cp_share_vs_anycp,train,auroc_gap,0.113845,1.0000,presence_rewrite=False; intensity_dead=False; any_cp=0.4627; all=0.5765; cp>0=0.5799
2026-09-19T02:19,R4,4,234af73a,H,y5_ap_od30_ownp80,h_group_size_ge18,train,y_rate,0.0291262,1.0000,n=1236 pos=36; rest=0.10411556282365768; flag_auc=0.5906574335427279
2026-09-19T02:19,R4,4,234af73a,H,y5_ar_od30_sust,h_group_size_ge18,train,y_rate,0.086039,1.0000,n=616 pos=53; rest=0.06817339755464986; flag_auc=0.4796411445867364
2026-09-19T02:19,R4,4,234af73a,H,y5_ap_od30_ownp80,single_h_group_size_neither,cv5_group,auroc,0.544196,1.0000,neither leftover; n=2379 pos=222; CV=0.5442±0.107
2026-09-19T02:19,R4,4,234af73a,D,y5_ap_od30_ownp80,single_d_tx_cp_share_neither,cv5_group,auroc,0.542912,1.0000,neither leftover; n=2379 pos=222; CV=0.5429±0.053
2026-09-19T02:19,R4,4,234af73a,C,y5_ap_od30_ownp80,single_c_n_days_with_tx_neither,cv5_group,auroc,0.536738,1.0000,neither leftover; n=2379 pos=222; CV=0.5367±0.086
2026-09-19T02:19,R4,4,234af73a,H,y5_ar_od30_sust,single_h_group_size_neither,cv5_group,auroc,0.564464,1.0000,neither leftover; n=1636 pos=126; CV=0.5645±0.065
2026-09-19T02:19,R4,4,234af73a,D,y5_ar_od30_sust,single_d_tx_cp_share_neither,cv5_group,auroc,0.580854,1.0000,neither leftover; n=1636 pos=126; CV=0.5809±0.088
2026-09-19T02:19,R4,4,234af73a,C,y5_ar_od30_sust,single_c_n_days_with_tx_neither,cv5_group,auroc,0.55373,1.0000,neither leftover; n=1636 pos=126; CV=0.5537±0.142
2026-09-19T02:19,R4,4,234af73a,-,y5_ap_od30_ownp80,y5_cash_present_all_pos,train,share_days_gt0,0.990431,1.0000,n=418; in3_def=1.0; med_days=17.0; CLOSE missing-cash
2026-09-19T02:19,R4,4,234af73a,-,y5_ap_od30_ownp80,y5_cash_present_neither_pos,train,share_days_gt0,0.995495,1.0000,n=222; in3_def=1.0; med_days=18.0; CLOSE missing-cash
2026-09-19T02:19,R4,4,234af73a,-,y5_ar_od30_sust,y5_cash_present_all_pos,train,share_days_gt0,0.995781,1.0000,n=237; in3_def=1.0; med_days=18.0; CLOSE missing-cash
2026-09-19T02:19,R4,4,234af73a,-,y5_ar_od30_sust,y5_cash_present_neither_pos,train,share_days_gt0,1,1.0000,n=126; in3_def=1.0; med_days=19.0; CLOSE missing-cash
2026-09-19T02:19,R4,4,234af73a,D,y5_ar_od30_sust,y5_ar_tagging_hole,train,y_rate,0.173913,1.0000,tagging_hole=True; named=0.06340288924558588; thin=0.06606606606606606; med_n_cust=18.0
2026-09-19T00:21,R4,4,086b8ed0,B,-,balances_b_qa,train,spearman_bliq_t_t3_short_mature,0.735767,0.0392305,short_all=0.730 long_mat=0.866 leak_rank=False birth_explains=False
2026-09-19T00:21,R4,4,086b8ed0,B,-,balances_b_qa,train,last_vs_snap_spearman,0.966459,0.984349,q1_is_still=True rel_p50=0.001492 sep_delta_p50=200 sep_id_max=9.313e-09
2026-09-19T00:22,R4,4,086b8ed0,B,-,balances_b_qa,train,share_last_gt_first_bliq,0.486192,1.0000,long24_neg 0.115->0.051 declined=True accumulation=False
2026-09-19T00:23,R4,4,086b8ed0,B,-,balances_b_qa,train,spearman_brunway_t_t3,0.7569,0.707473,liq_t3=0.848 rw_stickier=False
2026-09-19T00:24,R4,4,086b8ed0,B,-,balances_b_qa,train,n_tx_no_balance_checking,8645,0.0107084,n_co=13 live30d=1 quiet30=12 no_bal_prod=18 NO_REWRITE
2026-09-19T00:25,R4,4,086b8ed0,B,-,balances_b_qa,train,share_steps_closer_to_snap,0.51808,1.0000,farther=0.382 co_p50=0.545 majority=0.592 mostly_approach=False
2026-09-19T00:25,R4,4,086b8ed0,B,-,balances_b_qa,train,spearman_bliq_median_vs_last,0.808193,0.984349,rho_med_snap=0.804 rho_first_last=0.613 typical_is_still=False
2026-09-19T00:27,R4,4,086b8ed0,B,-,balances_b_qa,train,neg_run_p50,2,0.199341,n_runs=405 p_stay=0.780 share_ge3=0.457 isolated=False
2026-09-19T00:27,R4,4,086b8ed0,B,-,balances_b_qa,train,sep_flow_rel_p50,0.00149205,0.984349,gt10=0.193 n_fat=231 rho_fat=0.799 rho_thin=1.000
2026-09-19T02:27,R4,4,234af73a,A-vs-D,y5_ap_od30_ownp80,y5_why_story,train,story,0.5,1.0000,unexplained_leftover; cash=0.239 hhi=0.145 neither=0.651; never E; no GBM
2026-09-19T02:27,R4,4,234af73a,A-vs-D,y5_ar_od30_sust,y5_why_story,train,story,0.5,1.0000,unexplained_leftover; cash=0.219 hhi=0.188 neither=0.653; never E; no GBM
2026-09-19T02:27,R4,4,234af73a,-,y5_ap_od30_ownp80,y5_why_y2_neg_2of3,train,share_of_positives,0.076555,1.0000,own-cut flag; n_hi=32 n_def=418 n_pos=418; train labeled only; never E
2026-09-19T02:27,R4,4,234af73a,-,y5_ap_od30_ownp80,y5_why_y4_ds_r_double,train,share_of_positives,0.15,0.1914,own-cut flag; n_hi=12 n_def=80 n_pos=418; train labeled only; never E
2026-09-19T02:27,R4,4,234af73a,-,y5_ap_od30_ownp80,y5_why_y9_fee_r_ownp80,train,share_of_positives,0.153247,0.9211,own-cut flag; n_hi=59 n_def=385 n_pos=418; train labeled only; never E
2026-09-19T02:27,R4,4,234af73a,A,y5_ap_od30_ownp80,y5_why_a_io_ratio_lo,train,share_of_positives,0.238961,0.9211,own-cut flag; n_hi=92 n_def=385 n_pos=418; train labeled only; never E
2026-09-19T02:27,R4,4,234af73a,D,y5_ap_od30_ownp80,y5_why_d_supp_hhi_hi,train,share_of_positives,0.144809,0.8756,own-cut flag; n_hi=53 n_def=366 n_pos=418; train labeled only; never E
2026-09-19T02:27,R4,4,234af73a,C,y5_ap_od30_ownp80,y5_why_c_gap_sd_hi,train,share_of_positives,0.17233,0.9856,own-cut flag; n_hi=71 n_def=412 n_pos=418; train labeled only; never E
2026-09-19T02:27,R4,4,234af73a,-,y5_ar_od30_sust,y5_why_y2_neg_2of3,train,share_of_positives,0.113924,1.0000,own-cut flag; n_hi=27 n_def=237 n_pos=237; train labeled only; never E
2026-09-19T02:27,R4,4,234af73a,-,y5_ar_od30_sust,y5_why_y4_ds_r_double,train,share_of_positives,0.0285714,0.1477,own-cut flag; n_hi=1 n_def=35 n_pos=237; train labeled only; never E
2026-09-19T02:27,R4,4,234af73a,-,y5_ar_od30_sust,y5_why_y9_fee_r_ownp80,train,share_of_positives,0.0982143,0.9451,own-cut flag; n_hi=22 n_def=224 n_pos=237; train labeled only; never E
2026-09-19T02:27,R4,4,234af73a,A,y5_ar_od30_sust,y5_why_a_io_ratio_lo,train,share_of_positives,0.21875,0.9451,own-cut flag; n_hi=49 n_def=224 n_pos=237; train labeled only; never E
2026-09-19T02:27,R4,4,234af73a,D,y5_ar_od30_sust,y5_why_d_cust_hhi_hi,train,share_of_positives,0.188119,0.8523,own-cut flag; n_hi=38 n_def=202 n_pos=237; train labeled only; never E
2026-09-19T02:27,R4,4,234af73a,C,y5_ar_od30_sust,y5_why_c_gap_sd_hi,train,share_of_positives,0.214592,0.9831,own-cut flag; n_hi=50 n_def=233 n_pos=237; train labeled only; never E
2026-09-19T02:27,R4,4,234af73a,D,y5_ap_od30_ownp80,single_d_supp_hhi,cv5_group,auroc,0.538629,0.9994,group-fold; sign from train fold; CV=0.5386±0.044; sign=-1; sizeAUC=0.663; size_park=True; never E; quote CV not holdout
2026-09-19T02:27,R4,4,234af73a,D,y5_ap_od30_ownp80,single_d_cust_hhi,cv5_group,auroc,0.438672,0.9093,group-fold; sign from train fold; CV=0.4387±0.095; sign=+1; sizeAUC=0.547; size_park=False; never E; quote CV not holdout
2026-09-19T02:27,R4,4,234af73a,A,y5_ap_od30_ownp80,single_a_out6,cv5_group,auroc,0.579587,1.0000,group-fold; sign from train fold; CV=0.5796±0.064; sign=+1; sizeAUC=0.903; size_park=True; never E; quote CV not holdout
2026-09-19T02:27,R4,4,234af73a,A,y5_ap_od30_ownp80,single_log1p_a_in3,cv5_group,auroc,0.556456,1.0000,group-fold; sign from train fold; CV=0.5565±0.086; sign=+1; sizeAUC=1.000; size_park=True; never E; quote CV not holdout
2026-09-19T02:27,R4,4,234af73a,C,y5_ap_od30_ownp80,single_c_n_days_with_tx,cv5_group,auroc,0.540118,1.0000,group-fold; sign from train fold; CV=0.5401±0.083; sign=+1; sizeAUC=0.763; size_park=True; never E; quote CV not holdout
2026-09-19T02:27,R4,4,234af73a,A,y5_ap_od30_ownp80,single_a_io_ratio,cv5_group,auroc,0.52526,1.0000,group-fold; sign from train fold; CV=0.5253±0.039; sign=-1; sizeAUC=0.569; size_park=False; never E; quote CV not holdout
2026-09-19T02:27,R4,4,234af73a,C,y5_ap_od30_ownp80,single_c_gap_sd,cv5_group,auroc,0.543824,0.9910,group-fold; sign from train fold; CV=0.5438±0.081; sign=-1; sizeAUC=0.765; size_park=True; never E; quote CV not holdout
2026-09-19T02:27,R4,4,234af73a,D,y5_ap_od30_ownp80,single_d_tx_cp_share,cv5_group,auroc,0.531531,0.9978,group-fold; sign from train fold; CV=0.5315±0.095; sign=-1; sizeAUC=0.540; size_park=False; never E; quote CV not holdout
2026-09-19T02:27,R4,4,234af73a,H,y5_ap_od30_ownp80,single_h_group_size,cv5_group,auroc,0.581498,1.0000,group-fold; sign from train fold; CV=0.5815±0.086; sign=-1; sizeAUC=0.517; size_park=False; never E; quote CV not holdout
2026-09-19T02:27,R4,4,234af73a,D,y5_ar_od30_sust,single_d_supp_hhi,cv5_group,auroc,0.544727,0.9982,group-fold; sign from train fold; CV=0.5447±0.063; sign=+1; sizeAUC=0.655; size_park=True; never E; quote CV not holdout
2026-09-19T02:27,R4,4,234af73a,D,y5_ar_od30_sust,single_d_cust_hhi,cv5_group,auroc,0.464421,0.9988,group-fold; sign from train fold; CV=0.4644±0.065; sign=-1; sizeAUC=0.548; size_park=False; never E; quote CV not holdout
2026-09-19T02:27,R4,4,234af73a,A,y5_ar_od30_sust,single_a_out6,cv5_group,auroc,0.465204,1.0000,group-fold; sign from train fold; CV=0.4652±0.036; sign=+1; sizeAUC=0.905; size_park=True; never E; quote CV not holdout
2026-09-19T02:27,R4,4,234af73a,A,y5_ar_od30_sust,single_log1p_a_in3,cv5_group,auroc,0.468577,1.0000,group-fold; sign from train fold; CV=0.4686±0.024; sign=+1; sizeAUC=1.000; size_park=True; never E; quote CV not holdout
2026-09-19T02:27,R4,4,234af73a,C,y5_ar_od30_sust,single_c_n_days_with_tx,cv5_group,auroc,0.532872,1.0000,group-fold; sign from train fold; CV=0.5329±0.080; sign=+1; sizeAUC=0.740; size_park=True; never E; quote CV not holdout
2026-09-19T02:27,R4,4,234af73a,A,y5_ar_od30_sust,single_a_io_ratio,cv5_group,auroc,0.485731,1.0000,group-fold; sign from train fold; CV=0.4857±0.091; sign=-1; sizeAUC=0.556; size_park=False; never E; quote CV not holdout
2026-09-19T02:27,R4,4,234af73a,C,y5_ar_od30_sust,single_c_gap_sd,cv5_group,auroc,0.53327,0.9913,group-fold; sign from train fold; CV=0.5333±0.109; sign=-1; sizeAUC=0.747; size_park=True; never E; quote CV not holdout
2026-09-19T02:27,R4,4,234af73a,D,y5_ar_od30_sust,single_d_tx_cp_share,cv5_group,auroc,0.576499,0.9979,group-fold; sign from train fold; CV=0.5765±0.079; sign=-1; sizeAUC=0.535; size_park=False; never E; quote CV not holdout
2026-09-19T02:27,R4,4,234af73a,H,y5_ar_od30_sust,single_h_group_size,cv5_group,auroc,0.457545,1.0000,group-fold; sign from train fold; CV=0.4575±0.070; sign=+1; sizeAUC=0.506; size_park=False; never E; quote CV not holdout
2026-09-19T02:27,R4,4,234af73a,D-vs-E,y5_ap_od30_ownp80,leak_d_supp_hhi,train,spearman_e_ap_overdue_30,0.121238,1.0000,"train any-Y5; pearson=0.1325276532746291; fail=False; E comparator only, not X"
2026-09-19T02:27,R4,4,234af73a,D-vs-E,y5_ap_od30_ownp80,leak_d_supp_hhi,train,spearman_e_ar_overdue_30,0.0615171,1.0000,"train any-Y5; pearson=0.04652101082422252; fail=False; E comparator only, not X"
2026-09-19T02:27,R4,4,234af73a,D-vs-E,y5_ap_od30_ownp80,leak_d_supp_hhi,train,spearman_e_delay_paid,-0.0378199,1.0000,"train any-Y5; pearson=0.05636887527045636; fail=False; E comparator only, not X"
2026-09-19T02:27,R4,4,234af73a,D-vs-E,y5_ap_od30_ownp80,leak_d_supp_hhi,train,spearman_e_delay_coll,0.0274505,1.0000,"train any-Y5; pearson=0.03947277424720859; fail=False; E comparator only, not X"
2026-09-19T02:27,R4,4,234af73a,D-vs-E,y5_ap_od30_ownp80,leak_d_cust_hhi,train,spearman_e_ap_overdue_30,0.0420147,1.0000,"train any-Y5; pearson=0.03228453101700624; fail=False; E comparator only, not X"
2026-09-19T02:27,R4,4,234af73a,D-vs-E,y5_ap_od30_ownp80,leak_d_cust_hhi,train,spearman_e_ar_overdue_30,0.117313,1.0000,"train any-Y5; pearson=0.09553603344096032; fail=False; E comparator only, not X"
2026-09-19T02:27,R4,4,234af73a,D-vs-E,y5_ap_od30_ownp80,leak_d_cust_hhi,train,spearman_e_delay_paid,0.0580314,1.0000,"train any-Y5; pearson=0.07819627387423152; fail=False; E comparator only, not X"
2026-09-19T02:27,R4,4,234af73a,D-vs-E,y5_ap_od30_ownp80,leak_d_cust_hhi,train,spearman_e_delay_coll,-0.140704,1.0000,"train any-Y5; pearson=-0.007960644829407764; fail=False; E comparator only, not X"
2026-09-19T02:27,R4,4,234af73a,A-vs-E,y5_ap_od30_ownp80,leak_a_out6,train,spearman_e_ap_overdue_30,-0.11935,1.0000,"train any-Y5; pearson=-0.007944322842623116; fail=False; E comparator only, not X"
2026-09-19T02:27,R4,4,234af73a,A-vs-E,y5_ap_od30_ownp80,leak_a_out6,train,spearman_e_ar_overdue_30,-0.0759857,1.0000,"train any-Y5; pearson=0.012230769468555506; fail=False; E comparator only, not X"
2026-09-19T02:27,R4,4,234af73a,A-vs-E,y5_ap_od30_ownp80,leak_a_out6,train,spearman_e_delay_paid,-0.119162,1.0000,"train any-Y5; pearson=0.029855977169877965; fail=False; E comparator only, not X"
2026-09-19T02:27,R4,4,234af73a,A-vs-E,y5_ap_od30_ownp80,leak_a_out6,train,spearman_e_delay_coll,-0.175364,1.0000,"train any-Y5; pearson=0.036080054637883656; fail=False; E comparator only, not X"
2026-09-19T02:27,R4,4,234af73a,L-vs-E,y5_ap_od30_ownp80,leak_log1p_a_in3,train,spearman_e_ap_overdue_30,-0.110309,1.0000,"train any-Y5; pearson=-0.13604836002901494; fail=False; E comparator only, not X"
2026-09-19T02:27,R4,4,234af73a,L-vs-E,y5_ap_od30_ownp80,leak_log1p_a_in3,train,spearman_e_ar_overdue_30,-0.096787,1.0000,"train any-Y5; pearson=-0.10063653272907722; fail=False; E comparator only, not X"
2026-09-19T02:27,R4,4,234af73a,L-vs-E,y5_ap_od30_ownp80,leak_log1p_a_in3,train,spearman_e_delay_paid,-0.0612183,1.0000,"train any-Y5; pearson=-0.03838774278148546; fail=False; E comparator only, not X"
2026-09-19T02:27,R4,4,234af73a,L-vs-E,y5_ap_od30_ownp80,leak_log1p_a_in3,train,spearman_e_delay_coll,-0.112696,1.0000,"train any-Y5; pearson=-0.06388109442096432; fail=False; E comparator only, not X"
2026-09-19T02:27,R4,4,234af73a,C-vs-E,y5_ap_od30_ownp80,leak_c_n_days_with_tx,train,spearman_e_ap_overdue_30,-0.0912656,1.0000,"train any-Y5; pearson=-0.11252327910945042; fail=False; E comparator only, not X"
2026-09-19T02:27,R4,4,234af73a,C-vs-E,y5_ap_od30_ownp80,leak_c_n_days_with_tx,train,spearman_e_ar_overdue_30,-0.0756312,1.0000,"train any-Y5; pearson=-0.0704679060583495; fail=False; E comparator only, not X"
2026-09-19T02:27,R4,4,234af73a,C-vs-E,y5_ap_od30_ownp80,leak_c_n_days_with_tx,train,spearman_e_delay_paid,-0.054343,1.0000,"train any-Y5; pearson=-0.13700333804285278; fail=False; E comparator only, not X"
2026-09-19T02:27,R4,4,234af73a,C-vs-E,y5_ap_od30_ownp80,leak_c_n_days_with_tx,train,spearman_e_delay_coll,-0.0718168,1.0000,"train any-Y5; pearson=-0.11857802917215707; fail=False; E comparator only, not X"
2026-09-19T02:27,R4,4,234af73a,A-vs-E,y5_ap_od30_ownp80,leak_a_io_ratio,train,spearman_e_ap_overdue_30,0.0194107,1.0000,"train any-Y5; pearson=-0.018499526507554112; fail=False; E comparator only, not X"
2026-09-19T02:27,R4,4,234af73a,A-vs-E,y5_ap_od30_ownp80,leak_a_io_ratio,train,spearman_e_ar_overdue_30,0.00538199,1.0000,"train any-Y5; pearson=-0.01671519470121732; fail=False; E comparator only, not X"
2026-09-19T02:27,R4,4,234af73a,A-vs-E,y5_ap_od30_ownp80,leak_a_io_ratio,train,spearman_e_delay_paid,0.103559,1.0000,"train any-Y5; pearson=0.008751293258410172; fail=False; E comparator only, not X"
2026-09-19T02:27,R4,4,234af73a,A-vs-E,y5_ap_od30_ownp80,leak_a_io_ratio,train,spearman_e_delay_coll,0.110561,1.0000,"train any-Y5; pearson=-0.05207647484063407; fail=False; E comparator only, not X"
2026-09-19T02:27,R4,4,234af73a,C-vs-E,y5_ap_od30_ownp80,leak_c_gap_sd,train,spearman_e_ap_overdue_30,0.0548958,1.0000,"train any-Y5; pearson=0.1453197869941648; fail=False; E comparator only, not X"
2026-09-19T02:27,R4,4,234af73a,C-vs-E,y5_ap_od30_ownp80,leak_c_gap_sd,train,spearman_e_ar_overdue_30,0.0548058,1.0000,"train any-Y5; pearson=0.10492096989718318; fail=False; E comparator only, not X"
2026-09-19T02:27,R4,4,234af73a,C-vs-E,y5_ap_od30_ownp80,leak_c_gap_sd,train,spearman_e_delay_paid,0.0430533,1.0000,"train any-Y5; pearson=0.11306630355405417; fail=False; E comparator only, not X"
2026-09-19T02:27,R4,4,234af73a,C-vs-E,y5_ap_od30_ownp80,leak_c_gap_sd,train,spearman_e_delay_coll,0.0597233,1.0000,"train any-Y5; pearson=0.09653013437624978; fail=False; E comparator only, not X"
2026-09-19T02:27,R4,4,234af73a,D-vs-E,y5_ap_od30_ownp80,leak_d_tx_cp_share,train,spearman_e_ap_overdue_30,-0.112642,1.0000,"train any-Y5; pearson=-0.06658708305331662; fail=False; E comparator only, not X"
2026-09-19T02:27,R4,4,234af73a,D-vs-E,y5_ap_od30_ownp80,leak_d_tx_cp_share,train,spearman_e_ar_overdue_30,-0.0743727,1.0000,"train any-Y5; pearson=-0.05578169216352441; fail=False; E comparator only, not X"
2026-09-19T02:27,R4,4,234af73a,D-vs-E,y5_ap_od30_ownp80,leak_d_tx_cp_share,train,spearman_e_delay_paid,-0.048256,1.0000,"train any-Y5; pearson=-0.005648608440880028; fail=False; E comparator only, not X"
2026-09-19T02:27,R4,4,234af73a,D-vs-E,y5_ap_od30_ownp80,leak_d_tx_cp_share,train,spearman_e_delay_coll,0.107058,1.0000,"train any-Y5; pearson=0.011585155648676172; fail=False; E comparator only, not X"
2026-09-19T02:27,R4,4,234af73a,H-vs-E,y5_ap_od30_ownp80,leak_h_group_size,train,spearman_e_ap_overdue_30,-0.0809422,1.0000,"train any-Y5; pearson=-0.05922313495757473; fail=False; E comparator only, not X"
2026-09-19T02:27,R4,4,234af73a,H-vs-E,y5_ap_od30_ownp80,leak_h_group_size,train,spearman_e_ar_overdue_30,-0.0367651,1.0000,"train any-Y5; pearson=-0.0412116746063871; fail=False; E comparator only, not X"
2026-09-19T02:27,R4,4,234af73a,H-vs-E,y5_ap_od30_ownp80,leak_h_group_size,train,spearman_e_delay_paid,-0.0112416,1.0000,"train any-Y5; pearson=0.007928806030105257; fail=False; E comparator only, not X"
2026-09-19T02:27,R4,4,234af73a,H-vs-E,y5_ap_od30_ownp80,leak_h_group_size,train,spearman_e_delay_coll,0.0235645,1.0000,"train any-Y5; pearson=-0.023517363967225164; fail=False; E comparator only, not X"
2026-09-19T02:27,R4,4,234af73a,-,y5_ap_od30_ownp80,y5_holdout_coverage,train,n_pos,14,1.0000,LOW_POWER; n=195 pos=14 cos=28 pos_cos=8; not an AUROC claim
2026-09-19T02:27,R4,4,234af73a,-,y5_ar_od30_sust,y5_holdout_coverage,train,n_pos,8,1.0000,LOW_POWER; n=165 pos=8 cos=23 pos_cos=5; not an AUROC claim
2026-09-19T02:27,R4,4,234af73a,-,y5_ap_delay_up15,y5_holdout_coverage,train,n_pos,8,1.0000,LOW_POWER; n=171 pos=8 cos=27 pos_cos=4; not an AUROC claim
2026-09-19T02:27,R4,4,234af73a,D,y5_ap_od30_ownp80,single_d_supp_hhi,cv5_group,auroc,0.538629,0.9994,Q6 honest 1m; lag=0; CV=0.5386±0.044; never t3; never E
2026-09-19T02:27,R4,4,234af73a,D,y5_ap_od30_ownp80,single_d_supp_hhi_lag1,cv5_group,auroc,0.549224,0.9994,Q6 honest 1m; lag=1; CV=0.5492±0.055; never t3; never E
2026-09-19T02:27,R4,4,234af73a,A,y5_ap_od30_ownp80,single_a_io_ratio,cv5_group,auroc,0.52526,1.0000,Q6 honest 1m; lag=0; CV=0.5253±0.039; never t3; never E
2026-09-19T02:27,R4,4,234af73a,A,y5_ap_od30_ownp80,single_a_io_ratio_lag1,cv5_group,auroc,0.527875,1.0000,Q6 honest 1m; lag=1; CV=0.5279±0.044; never t3; never E
2026-09-19T02:27,R4,4,234af73a,H,y5_ap_od30_ownp80,single_h_group_size,cv5_group,auroc,0.581498,1.0000,Q6 honest 1m; lag=0; CV=0.5815±0.086; never t3; never E
2026-09-19T02:27,R4,4,234af73a,H,y5_ap_od30_ownp80,single_h_group_size_lag1,cv5_group,auroc,0.581498,1.0000,Q6 honest 1m; lag=1; CV=0.5815±0.086; never t3; never E
2026-09-19T02:27,R4,4,234af73a,D,y5_ar_od30_sust,single_d_cust_hhi,cv5_group,auroc,0.464421,0.9988,Q6 honest 1m; lag=0; CV=0.4644±0.065; never t3; never E
2026-09-19T02:27,R4,4,234af73a,D,y5_ar_od30_sust,single_d_cust_hhi_lag1,cv5_group,auroc,0.46048,0.9985,Q6 honest 1m; lag=1; CV=0.4605±0.070; never t3; never E
2026-09-19T02:27,R4,4,234af73a,A,y5_ar_od30_sust,single_a_io_ratio,cv5_group,auroc,0.485731,1.0000,Q6 honest 1m; lag=0; CV=0.4857±0.091; never t3; never E
2026-09-19T02:27,R4,4,234af73a,A,y5_ar_od30_sust,single_a_io_ratio_lag1,cv5_group,auroc,0.482641,1.0000,Q6 honest 1m; lag=1; CV=0.4826±0.099; never t3; never E
2026-09-19T02:27,R4,4,234af73a,D,y5_ar_od30_sust,single_d_tx_cp_share,cv5_group,auroc,0.576499,0.9979,Q6 honest 1m; lag=0; CV=0.5765±0.079; never t3; never E
2026-09-19T02:27,R4,4,234af73a,D,y5_ar_od30_sust,single_d_tx_cp_share_lag1,cv5_group,auroc,0.562924,0.9979,Q6 honest 1m; lag=1; CV=0.5629±0.075; never t3; never E
2026-09-19T02:27,R4,4,234af73a,D,y5_ap_od30_ownp80,d_supp_hhi_quintile,train,y_rate_q1,0.09684,0.2001,"train labeled cuts; n=981 pos=95 interval=(0.00563, 0.117]; up=False down=False tail=False"
2026-09-19T02:27,R4,4,234af73a,D,y5_ap_od30_ownp80,d_supp_hhi_quintile,train,y_rate_q2,0.0928571,0.1999,"train labeled cuts; n=980 pos=91 interval=(0.117, 0.218]; up=False down=False tail=False"
2026-09-19T02:27,R4,4,234af73a,D,y5_ap_od30_ownp80,d_supp_hhi_quintile,train,y_rate_q3,0.0743381,0.2003,"train labeled cuts; n=982 pos=73 interval=(0.218, 0.342]; up=False down=False tail=False"
2026-09-19T02:27,R4,4,234af73a,D,y5_ap_od30_ownp80,d_supp_hhi_quintile,train,y_rate_q4,0.0838446,0.1995,"train labeled cuts; n=978 pos=82 interval=(0.342, 0.532]; up=False down=False tail=False"
2026-09-19T02:27,R4,4,234af73a,D,y5_ap_od30_ownp80,d_supp_hhi_quintile,train,y_rate_q5,0.0784913,0.2001,"train labeled cuts; n=981 pos=77 interval=(0.532, 1.0]; up=False down=False tail=False"
2026-09-19T02:27,R4,4,234af73a,D,y5_ar_od30_sust,d_supp_hhi_quintile,train,y_rate_q1,0.0558912,0.2001,"train labeled cuts; n=662 pos=37 interval=(0.011, 0.106]; up=False down=False tail=False"
2026-09-19T02:27,R4,4,234af73a,D,y5_ar_od30_sust,d_supp_hhi_quintile,train,y_rate_q2,0.0694864,0.2001,"train labeled cuts; n=662 pos=46 interval=(0.106, 0.191]; up=False down=False tail=False"
2026-09-19T02:27,R4,4,234af73a,D,y5_ar_od30_sust,d_supp_hhi_quintile,train,y_rate_q3,0.0786687,0.1998,"train labeled cuts; n=661 pos=52 interval=(0.191, 0.308]; up=False down=False tail=False"
2026-09-19T02:27,R4,4,234af73a,D,y5_ar_od30_sust,d_supp_hhi_quintile,train,y_rate_q4,0.0755287,0.2001,"train labeled cuts; n=662 pos=50 interval=(0.308, 0.504]; up=False down=False tail=False"
2026-09-19T02:27,R4,4,234af73a,D,y5_ar_od30_sust,d_supp_hhi_quintile,train,y_rate_q5,0.0770393,0.2001,"train labeled cuts; n=662 pos=51 interval=(0.504, 1.0]; up=False down=False tail=False"
2026-09-19T02:27,R4,4,234af73a,D,y5_ap_od30_ownp80,d_cust_hhi_quintile,train,y_rate_q1,0.0639013,0.2000,"train labeled cuts; n=892 pos=57 interval=(0.0017599999999999998, 0.129]; up=False down=False tail=False"
2026-09-19T02:27,R4,4,234af73a,D,y5_ap_od30_ownp80,d_cust_hhi_quintile,train,y_rate_q2,0.100897,0.2000,"train labeled cuts; n=892 pos=90 interval=(0.129, 0.318]; up=False down=False tail=False"
2026-09-19T02:27,R4,4,234af73a,D,y5_ap_od30_ownp80,d_cust_hhi_quintile,train,y_rate_q3,0.0975336,0.2000,"train labeled cuts; n=892 pos=87 interval=(0.318, 0.564]; up=False down=False tail=False"
2026-09-19T02:27,R4,4,234af73a,D,y5_ap_od30_ownp80,d_cust_hhi_quintile,train,y_rate_q4,0.0874439,0.2000,"train labeled cuts; n=892 pos=78 interval=(0.564, 0.945]; up=False down=False tail=False"
2026-09-19T02:27,R4,4,234af73a,D,y5_ap_od30_ownp80,d_cust_hhi_quintile,train,y_rate_q5,0.0773543,0.2000,"train labeled cuts; n=892 pos=69 interval=(0.945, 1.0]; up=False down=False tail=False"
2026-09-19T02:27,R4,4,234af73a,D,y5_ar_od30_sust,d_cust_hhi_quintile,train,y_rate_q1,0.0603318,0.2002,"train labeled cuts; n=663 pos=40 interval=(0.0017599999999999998, 0.108]; up=False down=False tail=False"
2026-09-19T02:27,R4,4,234af73a,D,y5_ar_od30_sust,d_cust_hhi_quintile,train,y_rate_q2,0.0861027,0.1999,"train labeled cuts; n=662 pos=57 interval=(0.108, 0.241]; up=False down=False tail=False"
2026-09-19T02:27,R4,4,234af73a,D,y5_ar_od30_sust,d_cust_hhi_quintile,train,y_rate_q3,0.0785498,0.1999,"train labeled cuts; n=662 pos=52 interval=(0.241, 0.442]; up=False down=False tail=False"
2026-09-19T02:27,R4,4,234af73a,D,y5_ar_od30_sust,d_cust_hhi_quintile,train,y_rate_q4,0.081571,0.1999,"train labeled cuts; n=662 pos=54 interval=(0.442, 0.784]; up=False down=False tail=False"
2026-09-19T02:27,R4,4,234af73a,D,y5_ar_od30_sust,d_cust_hhi_quintile,train,y_rate_q5,0.0513595,0.1999,"train labeled cuts; n=662 pos=34 interval=(0.784, 1.0]; up=False down=False tail=False"
2026-09-19T02:27,R4,4,234af73a,A,y5_ap_od30_ownp80,a_out6_quintile,train,y_rate_q1,0.0550459,0.2000,"train labeled cuts; n=981 pos=54 interval=(-28157774.900999997, 97077.858]; up=False down=False tail=False"
2026-09-19T02:27,R4,4,234af73a,A,y5_ap_od30_ownp80,a_out6_quintile,train,y_rate_q2,0.0825688,0.2000,"train labeled cuts; n=981 pos=81 interval=(97077.858, 452601.654]; up=False down=False tail=False"
2026-09-19T02:27,R4,4,234af73a,A,y5_ap_od30_ownp80,a_out6_quintile,train,y_rate_q3,0.0825688,0.2000,"train labeled cuts; n=981 pos=81 interval=(452601.654, 1274415.418]; up=False down=False tail=False"
2026-09-19T02:27,R4,4,234af73a,A,y5_ap_od30_ownp80,a_out6_quintile,train,y_rate_q4,0.109072,0.2000,"train labeled cuts; n=981 pos=107 interval=(1274415.418, 4254456.872]; up=False down=False tail=False"
2026-09-19T02:27,R4,4,234af73a,A,y5_ap_od30_ownp80,a_out6_quintile,train,y_rate_q5,0.09684,0.2000,"train labeled cuts; n=981 pos=95 interval=(4254456.872, 17114407320.57]; up=False down=False tail=False"
2026-09-19T02:27,R4,4,234af73a,A,y5_ar_od30_sust,a_out6_quintile,train,y_rate_q1,0.0542986,0.2000,"train labeled cuts; n=663 pos=36 interval=(-28157774.900999997, 151264.498]; up=False down=False tail=False"
2026-09-19T02:27,R4,4,234af73a,A,y5_ar_od30_sust,a_out6_quintile,train,y_rate_q2,0.0784314,0.2000,"train labeled cuts; n=663 pos=52 interval=(151264.498, 514384.806]; up=False down=False tail=False"
2026-09-19T02:27,R4,4,234af73a,A,y5_ar_od30_sust,a_out6_quintile,train,y_rate_q3,0.0829563,0.2000,"train labeled cuts; n=663 pos=55 interval=(514384.806, 1369367.58]; up=False down=False tail=False"
2026-09-19T02:27,R4,4,234af73a,A,y5_ar_od30_sust,a_out6_quintile,train,y_rate_q4,0.0799397,0.2000,"train labeled cuts; n=663 pos=53 interval=(1369367.58, 4572547.922]; up=False down=False tail=False"
2026-09-19T02:27,R4,4,234af73a,A,y5_ar_od30_sust,a_out6_quintile,train,y_rate_q5,0.0618401,0.2000,"train labeled cuts; n=663 pos=41 interval=(4572547.922, 17114407320.57]; up=False down=False tail=False"
2026-09-19T02:27,R4,4,234af73a,A,y5_ap_od30_ownp80,log1p_a_in3_quintile,train,y_rate_q1,0.0662589,0.2000,"train labeled cuts; n=981 pos=65 interval=(-0.001, 10.696]; up=False down=False tail=False"
2026-09-19T02:27,R4,4,234af73a,A,y5_ap_od30_ownp80,log1p_a_in3_quintile,train,y_rate_q2,0.0846075,0.2000,"train labeled cuts; n=981 pos=83 interval=(10.696, 12.198]; up=False down=False tail=False"
2026-09-19T02:27,R4,4,234af73a,A,y5_ap_od30_ownp80,log1p_a_in3_quintile,train,y_rate_q3,0.069317,0.2000,"train labeled cuts; n=981 pos=68 interval=(12.198, 13.3]; up=False down=False tail=False"
2026-09-19T02:27,R4,4,234af73a,A,y5_ap_od30_ownp80,log1p_a_in3_quintile,train,y_rate_q4,0.108053,0.2000,"train labeled cuts; n=981 pos=106 interval=(13.3, 14.46]; up=False down=False tail=False"
2026-09-19T02:27,R4,4,234af73a,A,y5_ap_od30_ownp80,log1p_a_in3_quintile,train,y_rate_q5,0.0978593,0.2000,"train labeled cuts; n=981 pos=96 interval=(14.46, 22.713]; up=False down=False tail=False"
2026-09-19T02:27,R4,4,234af73a,A,y5_ar_od30_sust,log1p_a_in3_quintile,train,y_rate_q1,0.0723982,0.2000,"train labeled cuts; n=663 pos=48 interval=(-0.001, 11.262]; up=False down=False tail=False"
2026-09-19T02:27,R4,4,234af73a,A,y5_ar_od30_sust,log1p_a_in3_quintile,train,y_rate_q2,0.0618401,0.2000,"train labeled cuts; n=663 pos=41 interval=(11.262, 12.451]; up=False down=False tail=False"
2026-09-19T02:27,R4,4,234af73a,A,y5_ar_od30_sust,log1p_a_in3_quintile,train,y_rate_q3,0.0844646,0.2000,"train labeled cuts; n=663 pos=56 interval=(12.451, 13.474]; up=False down=False tail=False"
2026-09-19T02:27,R4,4,234af73a,A,y5_ar_od30_sust,log1p_a_in3_quintile,train,y_rate_q4,0.066365,0.2000,"train labeled cuts; n=663 pos=44 interval=(13.474, 14.609]; up=False down=False tail=False"
2026-09-19T02:27,R4,4,234af73a,A,y5_ar_od30_sust,log1p_a_in3_quintile,train,y_rate_q5,0.0723982,0.2000,"train labeled cuts; n=663 pos=48 interval=(14.609, 22.713]; up=False down=False tail=False"
2026-09-19T02:27,R4,4,234af73a,C,y5_ap_od30_ownp80,c_n_days_with_tx_quintile,train,y_rate_q1,0.0634921,0.2055,"train labeled cuts; n=1008 pos=64 interval=(-0.001, 8.0]; up=True down=False tail=False"
2026-09-19T02:27,R4,4,234af73a,C,y5_ap_od30_ownp80,c_n_days_with_tx_quintile,train,y_rate_q2,0.0836502,0.2145,"train labeled cuts; n=1052 pos=88 interval=(8.0, 14.0]; up=True down=False tail=False"
2026-09-19T02:27,R4,4,234af73a,C,y5_ap_od30_ownp80,c_n_days_with_tx_quintile,train,y_rate_q3,0.0895857,0.1821,"train labeled cuts; n=893 pos=80 interval=(14.0, 18.0]; up=True down=False tail=False"
2026-09-19T02:27,R4,4,234af73a,C,y5_ap_od30_ownp80,c_n_days_with_tx_quintile,train,y_rate_q4,0.0934489,0.2116,"train labeled cuts; n=1038 pos=97 interval=(18.0, 22.0]; up=True down=False tail=False"
2026-09-19T02:27,R4,4,234af73a,C,y5_ap_od30_ownp80,c_n_days_with_tx_quintile,train,y_rate_q5,0.0973742,0.1863,"train labeled cuts; n=914 pos=89 interval=(22.0, 31.0]; up=True down=False tail=False"
2026-09-19T02:27,R4,4,234af73a,C,y5_ar_od30_sust,c_n_days_with_tx_quintile,train,y_rate_q1,0.0509745,0.2012,"train labeled cuts; n=667 pos=34 interval=(-0.001, 10.0]; up=False down=False tail=False"
2026-09-19T02:27,R4,4,234af73a,C,y5_ar_od30_sust,c_n_days_with_tx_quintile,train,y_rate_q2,0.0752823,0.2404,"train labeled cuts; n=797 pos=60 interval=(10.0, 16.0]; up=False down=False tail=False"
2026-09-19T02:27,R4,4,234af73a,C,y5_ar_od30_sust,c_n_days_with_tx_quintile,train,y_rate_q3,0.0791269,0.2211,"train labeled cuts; n=733 pos=58 interval=(16.0, 20.0]; up=False down=False tail=False"
2026-09-19T02:27,R4,4,234af73a,C,y5_ar_od30_sust,c_n_days_with_tx_quintile,train,y_rate_q4,0.0634391,0.1807,"train labeled cuts; n=599 pos=38 interval=(20.0, 23.0]; up=False down=False tail=False"
2026-09-19T02:27,R4,4,234af73a,C,y5_ar_od30_sust,c_n_days_with_tx_quintile,train,y_rate_q5,0.0905588,0.1566,"train labeled cuts; n=519 pos=47 interval=(23.0, 31.0]; up=False down=False tail=False"
2026-09-19T02:27,R4,4,234af73a,A,y5_ap_od30_ownp80,a_io_ratio_quintile,train,y_rate_q1,0.0815494,0.2000,"train labeled cuts; n=981 pos=80 interval=(-1696.131, 0.489]; up=False down=False tail=False"
2026-09-19T02:27,R4,4,234af73a,A,y5_ap_od30_ownp80,a_io_ratio_quintile,train,y_rate_q2,0.0907238,0.2000,"train labeled cuts; n=981 pos=89 interval=(0.489, 0.901]; up=False down=False tail=False"
2026-09-19T02:27,R4,4,234af73a,A,y5_ap_od30_ownp80,a_io_ratio_quintile,train,y_rate_q3,0.0927625,0.2000,"train labeled cuts; n=981 pos=91 interval=(0.901, 1.124]; up=False down=False tail=False"
2026-09-19T02:27,R4,4,234af73a,A,y5_ap_od30_ownp80,a_io_ratio_quintile,train,y_rate_q4,0.0978593,0.2000,"train labeled cuts; n=981 pos=96 interval=(1.124, 1.871]; up=False down=False tail=False"
2026-09-19T02:27,R4,4,234af73a,A,y5_ap_od30_ownp80,a_io_ratio_quintile,train,y_rate_q5,0.0632008,0.2000,"train labeled cuts; n=981 pos=62 interval=(1.871, 3.0]; up=False down=False tail=False"
2026-09-19T02:27,R4,4,234af73a,A,y5_ar_od30_sust,a_io_ratio_quintile,train,y_rate_q1,0.0874811,0.2000,"train labeled cuts; n=663 pos=58 interval=(-1696.131, 0.564]; up=False down=False tail=False"
2026-09-19T02:27,R4,4,234af73a,A,y5_ar_od30_sust,a_io_ratio_quintile,train,y_rate_q2,0.0708899,0.2000,"train labeled cuts; n=663 pos=47 interval=(0.564, 0.92]; up=False down=False tail=False"
2026-09-19T02:27,R4,4,234af73a,A,y5_ar_od30_sust,a_io_ratio_quintile,train,y_rate_q3,0.0693816,0.2000,"train labeled cuts; n=663 pos=46 interval=(0.92, 1.126]; up=False down=False tail=False"
2026-09-19T02:27,R4,4,234af73a,A,y5_ar_od30_sust,a_io_ratio_quintile,train,y_rate_q4,0.0618401,0.2000,"train labeled cuts; n=663 pos=41 interval=(1.126, 1.818]; up=False down=False tail=False"
2026-09-19T02:27,R4,4,234af73a,A,y5_ar_od30_sust,a_io_ratio_quintile,train,y_rate_q5,0.0678733,0.2000,"train labeled cuts; n=663 pos=45 interval=(1.818, 3.0]; up=False down=False tail=False"
2026-09-19T02:27,R4,4,234af73a,H,y5_ap_od30_ownp80,h_group_size_quintile,train,y_rate_q1,0.100746,0.2186,"train labeled cuts; n=1072 pos=108 interval=(0.999, 4.0]; up=False down=False tail=False"
2026-09-19T02:27,R4,4,234af73a,H,y5_ap_od30_ownp80,h_group_size_quintile,train,y_rate_q2,0.116408,0.1839,"train labeled cuts; n=902 pos=105 interval=(4.0, 9.0]; up=False down=False tail=False"
2026-09-19T02:27,R4,4,234af73a,H,y5_ap_od30_ownp80,h_group_size_quintile,train,y_rate_q3,0.0950951,0.2037,"train labeled cuts; n=999 pos=95 interval=(9.0, 13.0]; up=False down=False tail=False"
2026-09-19T02:27,R4,4,234af73a,H,y5_ap_od30_ownp80,h_group_size_quintile,train,y_rate_q4,0.0757315,0.2369,"train labeled cuts; n=1162 pos=88 interval=(13.0, 18.0]; up=False down=False tail=False"
2026-09-19T02:27,R4,4,234af73a,H,y5_ap_od30_ownp80,h_group_size_quintile,train,y_rate_q5,0.0285714,0.1570,"train labeled cuts; n=770 pos=22 interval=(18.0, 22.0]; up=False down=False tail=False"
2026-09-19T02:27,R4,4,234af73a,H,y5_ar_od30_sust,h_group_size_quintile,train,y_rate_q1,0.056101,0.2151,"train labeled cuts; n=713 pos=40 interval=(0.999, 4.0]; up=False down=False tail=False"
2026-09-19T02:27,R4,4,234af73a,H,y5_ar_od30_sust,h_group_size_quintile,train,y_rate_q2,0.0598706,0.1864,"train labeled cuts; n=618 pos=37 interval=(4.0, 8.0]; up=False down=False tail=False"
2026-09-19T02:27,R4,4,234af73a,H,y5_ar_od30_sust,h_group_size_quintile,train,y_rate_q3,0.0847029,0.2386,"train labeled cuts; n=791 pos=67 interval=(8.0, 13.0]; up=False down=False tail=False"
2026-09-19T02:27,R4,4,234af73a,H,y5_ar_od30_sust,h_group_size_quintile,train,y_rate_q4,0.0693241,0.1741,"train labeled cuts; n=577 pos=40 interval=(13.0, 17.0]; up=False down=False tail=False"
2026-09-19T02:27,R4,4,234af73a,H,y5_ar_od30_sust,h_group_size_quintile,train,y_rate_q5,0.086039,0.1858,"train labeled cuts; n=616 pos=53 interval=(17.0, 22.0]; up=False down=False tail=False"
2026-09-19T02:27,R4,4,234af73a,D,y5_ap_od30_ownp80,d_tx_cp_share_quintile,train,y_rate_q1,0.0868233,0.2000,"train labeled cuts; n=979 pos=85 interval=(-0.001, 0.00587]; up=False down=False tail=False"
2026-09-19T02:27,R4,4,234af73a,D,y5_ap_od30_ownp80,d_tx_cp_share_quintile,train,y_rate_q2,0.122574,0.2000,"train labeled cuts; n=979 pos=120 interval=(0.00587, 0.147]; up=False down=False tail=False"
2026-09-19T02:27,R4,4,234af73a,D,y5_ap_od30_ownp80,d_tx_cp_share_quintile,train,y_rate_q3,0.095092,0.1998,"train labeled cuts; n=978 pos=93 interval=(0.147, 0.306]; up=False down=False tail=False"
2026-09-19T02:27,R4,4,234af73a,D,y5_ap_od30_ownp80,d_tx_cp_share_quintile,train,y_rate_q4,0.052094,0.2000,"train labeled cuts; n=979 pos=51 interval=(0.306, 0.466]; up=False down=False tail=False"
2026-09-19T02:27,R4,4,234af73a,D,y5_ap_od30_ownp80,d_tx_cp_share_quintile,train,y_rate_q5,0.0704801,0.2000,"train labeled cuts; n=979 pos=69 interval=(0.466, 0.963]; up=False down=False tail=False"
2026-09-19T02:27,R4,4,234af73a,D,y5_ar_od30_sust,d_tx_cp_share_quintile,train,y_rate_q1,0.128399,0.2001,"train labeled cuts; n=662 pos=85 interval=(-0.001, 0.00652]; up=False down=False tail=False"
2026-09-19T02:27,R4,4,234af73a,D,y5_ar_od30_sust,d_tx_cp_share_quintile,train,y_rate_q2,0.0605144,0.1998,"train labeled cuts; n=661 pos=40 interval=(0.00652, 0.164]; up=False down=False tail=False"
2026-09-19T02:27,R4,4,234af73a,D,y5_ar_od30_sust,d_tx_cp_share_quintile,train,y_rate_q3,0.0799397,0.2004,"train labeled cuts; n=663 pos=53 interval=(0.164, 0.338]; up=False down=False tail=False"
2026-09-19T02:27,R4,4,234af73a,D,y5_ar_od30_sust,d_tx_cp_share_quintile,train,y_rate_q4,0.0454545,0.1995,"train labeled cuts; n=660 pos=30 interval=(0.338, 0.482]; up=False down=False tail=False"
2026-09-19T02:27,R4,4,234af73a,D,y5_ar_od30_sust,d_tx_cp_share_quintile,train,y_rate_q5,0.0422961,0.2001,"train labeled cuts; n=662 pos=28 interval=(0.482, 0.955]; up=False down=False tail=False"
2026-09-19T02:27,R4,4,234af73a,A+D+C,y5_ap_od30_ownp80,y5_why_verdict,train,decision,1,1.0000,KEEP; trees=PARK; AP=CLOSE/unexplained_leftover; AR=KEEP/unexplained_leftover
2026-09-19T02:27,R4,4,234af73a,D,y5_ap_od30_ownp80,d_supp_hhi_tail_gt0975,train,y_rate,0.0273973,1.0000,Y4-shape tail; rest=0.08614620004141645; tail_auroc=0.49447530613899926; n=73 pos=2; never E
2026-09-19T02:27,R4,4,234af73a,D,y5_ar_od30_sust,d_cust_hhi_tail_gt0975,train,y_rate,0.0275482,1.0000,Y4-shape tail; rest=0.07700135685210312; tail_auroc=0.4636800002196179; n=363 pos=10; never E
2026-09-19T02:27,R4,4,234af73a,D,y5_ap_od30_ownp80,d_cust_hhi_tail_gt0975,train,y_rate,0.0782051,1.0000,Y4-shape tail; rest=0.08695652173913043; tail_auroc=0.4919181467847286; n=780 pos=61; never E
2026-09-19T02:27,R4,4,234af73a,-,y5_ap_od30_ownp80,y5_neither_cell,train,share_of_positives,0.651026,1.0000,neither low-io nor high HHI; n=222/341
2026-09-19T02:27,R4,4,234af73a,-,y5_ar_od30_sust,y5_neither_cell,train,share_of_positives,0.65285,1.0000,neither low-io nor high HHI; n=126/193
2026-09-19T02:27,R4,4,234af73a,H,y5_ap_od30_ownp80,single_h_group_size_size_T1,cv5_group,auroc,0.584635,1.0000,size residual; n=1635 pos=118 rate=0.07217125382262997
2026-09-19T02:27,R4,4,234af73a,C,y5_ap_od30_ownp80,single_c_n_days_with_tx_size_T1,cv5_group,auroc,0.443178,1.0000,size residual; n=1635 pos=118 rate=0.07217125382262997
2026-09-19T02:27,R4,4,234af73a,D,y5_ap_od30_ownp80,single_d_tx_cp_share_size_T1,cv5_group,auroc,0.536162,1.0000,size residual; n=1635 pos=118 rate=0.07217125382262997
2026-09-19T02:27,R4,4,234af73a,H,y5_ap_od30_ownp80,single_h_group_size_size_T2,cv5_group,auroc,0.568274,1.0000,size residual; n=1635 pos=132 rate=0.08073394495412844
2026-09-19T02:27,R4,4,234af73a,C,y5_ap_od30_ownp80,single_c_n_days_with_tx_size_T2,cv5_group,auroc,0.520989,1.0000,size residual; n=1635 pos=132 rate=0.08073394495412844
2026-09-19T02:27,R4,4,234af73a,D,y5_ap_od30_ownp80,single_d_tx_cp_share_size_T2,cv5_group,auroc,0.395229,1.0000,size residual; n=1635 pos=132 rate=0.08073394495412844
2026-09-19T02:27,R4,4,234af73a,H,y5_ap_od30_ownp80,single_h_group_size_size_T3,cv5_group,auroc,0.584071,1.0000,size residual; n=1635 pos=168 rate=0.10275229357798166
2026-09-19T02:27,R4,4,234af73a,C,y5_ap_od30_ownp80,single_c_n_days_with_tx_size_T3,cv5_group,auroc,0.530258,1.0000,size residual; n=1635 pos=168 rate=0.10275229357798166
2026-09-19T02:27,R4,4,234af73a,D,y5_ap_od30_ownp80,single_d_tx_cp_share_size_T3,cv5_group,auroc,0.550585,1.0000,size residual; n=1635 pos=168 rate=0.10275229357798166
2026-09-19T02:27,R4,4,234af73a,D,y5_ar_od30_sust,single_d_tx_cp_share_size_T1,cv5_group,auroc,0.583419,1.0000,size residual; n=1105 pos=80 rate=0.07239819004524888
2026-09-19T02:27,R4,4,234af73a,C,y5_ar_od30_sust,single_c_n_days_with_tx_size_T1,cv5_group,auroc,0.575194,1.0000,size residual; n=1105 pos=80 rate=0.07239819004524888
2026-09-19T02:27,R4,4,234af73a,H,y5_ar_od30_sust,single_h_group_size_size_T1,cv5_group,auroc,0.508798,1.0000,size residual; n=1105 pos=80 rate=0.07239819004524888
2026-09-19T02:27,R4,4,234af73a,D,y5_ar_od30_sust,single_d_tx_cp_share_size_T2,cv5_group,auroc,0.608622,1.0000,size residual; n=1105 pos=74 rate=0.0669683257918552
2026-09-19T02:27,R4,4,234af73a,C,y5_ar_od30_sust,single_c_n_days_with_tx_size_T2,cv5_group,auroc,0.461377,1.0000,size residual; n=1105 pos=74 rate=0.0669683257918552
2026-09-19T02:27,R4,4,234af73a,H,y5_ar_od30_sust,single_h_group_size_size_T2,cv5_group,auroc,0.590958,1.0000,size residual; n=1105 pos=74 rate=0.0669683257918552
2026-09-19T02:27,R4,4,234af73a,D,y5_ar_od30_sust,single_d_tx_cp_share_size_T3,cv5_group,auroc,0.620514,1.0000,size residual; n=1105 pos=83 rate=0.0751131221719457
2026-09-19T02:27,R4,4,234af73a,C,y5_ar_od30_sust,single_c_n_days_with_tx_size_T3,cv5_group,auroc,0.535501,1.0000,size residual; n=1105 pos=83 rate=0.0751131221719457
2026-09-19T02:27,R4,4,234af73a,H,y5_ar_od30_sust,single_h_group_size_size_T3,cv5_group,auroc,0.491589,1.0000,size residual; n=1105 pos=83 rate=0.0751131221719457
2026-09-19T02:27,R4,4,234af73a,D,y5_ap_od30_ownp80,single_d_supp_hhi_short,cv5_group,auroc,0.518803,1.0000,Q6 short so-far<12; lag=0; CV=0.5188±0.054; n_pos=142; never t3
2026-09-19T02:27,R4,4,234af73a,D,y5_ap_od30_ownp80,single_d_supp_hhi_lag1_short,cv5_group,auroc,0.525772,1.0000,Q6 short so-far<12; lag=1; CV=0.5258±0.059; n_pos=142; never t3
2026-09-19T02:27,R4,4,234af73a,A,y5_ap_od30_ownp80,single_a_io_ratio_short,cv5_group,auroc,0.492202,1.0000,Q6 short so-far<12; lag=0; CV=0.4922±0.030; n_pos=142; never t3
2026-09-19T02:27,R4,4,234af73a,A,y5_ap_od30_ownp80,single_a_io_ratio_lag1_short,cv5_group,auroc,0.463626,1.0000,Q6 short so-far<12; lag=1; CV=0.4636±0.036; n_pos=142; never t3
2026-09-19T02:27,R4,4,234af73a,H,y5_ap_od30_ownp80,single_h_group_size_short,cv5_group,auroc,0.619859,1.0000,Q6 short so-far<12; lag=0; CV=0.6199±0.091; n_pos=142; never t3
2026-09-19T02:27,R4,4,234af73a,H,y5_ap_od30_ownp80,single_h_group_size_lag1_short,cv5_group,auroc,0.619859,1.0000,Q6 short so-far<12; lag=1; CV=0.6199±0.091; n_pos=142; never t3
2026-09-19T02:27,R4,4,234af73a,D,y5_ar_od30_sust,single_d_cust_hhi_short,cv5_group,auroc,0.4268,1.0000,Q6 short so-far<12; lag=0; CV=0.4268±0.041; n_pos=75; never t3
2026-09-19T02:27,R4,4,234af73a,D,y5_ar_od30_sust,single_d_cust_hhi_lag1_short,cv5_group,auroc,0.465986,1.0000,Q6 short so-far<12; lag=1; CV=0.4660±0.093; n_pos=75; never t3
2026-09-19T02:27,R4,4,234af73a,A,y5_ar_od30_sust,single_a_io_ratio_short,cv5_group,auroc,0.552671,1.0000,Q6 short so-far<12; lag=0; CV=0.5527±0.172; n_pos=75; never t3
2026-09-19T02:27,R4,4,234af73a,A,y5_ar_od30_sust,single_a_io_ratio_lag1_short,cv5_group,auroc,0.439763,1.0000,Q6 short so-far<12; lag=1; CV=0.4398±0.170; n_pos=75; never t3
2026-09-19T02:27,R4,4,234af73a,D,y5_ar_od30_sust,single_d_tx_cp_share_short,cv5_group,auroc,0.445425,0.9957,Q6 short so-far<12; lag=0; CV=0.4454±0.110; n_pos=75; never t3
2026-09-19T02:27,R4,4,234af73a,D,y5_ar_od30_sust,single_d_tx_cp_share_lag1_short,cv5_group,auroc,0.430929,0.9965,Q6 short so-far<12; lag=1; CV=0.4309±0.094; n_pos=75; never t3
2026-09-19T02:27,R4,4,234af73a,-,y5_ap_od30_ownp80,y5_company_trait,train,spearman,-0.175282,1.0000,x=h_group_size; n_cos=446 ever_pos=171; med_x pos/neg=11.0/12.0
2026-09-19T02:27,R4,4,234af73a,-,y5_ar_od30_sust,y5_company_trait,train,spearman,-0.19357,1.0000,x=d_tx_cp_share; n_cos=331 ever_pos=115; med_x pos/neg=0.1733427034486452/0.2667322274455656
2026-09-19T02:27,R4,4,234af73a,-,y5_ap_od30_ownp80,y5_ap_ar_overlap,train,spearman,0.0631726,1.0000,both_pos=34 ap_only=243 ar_only=189
2026-09-19T02:27,R4,4,234af73a,D,y5_ar_od30_sust,d_tx_cp_share_vs_anycp,train,auroc_gap,0.113845,1.0000,presence_rewrite=False; intensity_dead=False; any_cp=0.4627; all=0.5765; cp>0=0.5799
2026-09-19T02:27,R4,4,234af73a,H,y5_ap_od30_ownp80,h_group_size_ge18,train,y_rate,0.0291262,1.0000,n=1236 pos=36; rest=0.10411556282365768; flag_auc=0.5906574335427279
2026-09-19T02:27,R4,4,234af73a,H,y5_ar_od30_sust,h_group_size_ge18,train,y_rate,0.086039,1.0000,n=616 pos=53; rest=0.06817339755464986; flag_auc=0.4796411445867364
2026-09-19T02:27,R4,4,234af73a,H,y5_ap_od30_ownp80,single_h_group_size_neither,cv5_group,auroc,0.544196,1.0000,neither leftover; n=2379 pos=222; CV=0.5442±0.107
2026-09-19T02:27,R4,4,234af73a,D,y5_ap_od30_ownp80,single_d_tx_cp_share_neither,cv5_group,auroc,0.542912,1.0000,neither leftover; n=2379 pos=222; CV=0.5429±0.053
2026-09-19T02:27,R4,4,234af73a,C,y5_ap_od30_ownp80,single_c_n_days_with_tx_neither,cv5_group,auroc,0.536738,1.0000,neither leftover; n=2379 pos=222; CV=0.5367±0.086
2026-09-19T02:27,R4,4,234af73a,H,y5_ar_od30_sust,single_h_group_size_neither,cv5_group,auroc,0.564464,1.0000,neither leftover; n=1636 pos=126; CV=0.5645±0.065
2026-09-19T02:27,R4,4,234af73a,D,y5_ar_od30_sust,single_d_tx_cp_share_neither,cv5_group,auroc,0.580854,1.0000,neither leftover; n=1636 pos=126; CV=0.5809±0.088
2026-09-19T02:27,R4,4,234af73a,C,y5_ar_od30_sust,single_c_n_days_with_tx_neither,cv5_group,auroc,0.55373,1.0000,neither leftover; n=1636 pos=126; CV=0.5537±0.142
2026-09-19T02:27,R4,4,234af73a,-,y5_ap_od30_ownp80,y5_cash_present_all_pos,train,share_days_gt0,0.990431,1.0000,n=418; in3_def=1.0; med_days=17.0; CLOSE missing-cash
2026-09-19T02:27,R4,4,234af73a,-,y5_ap_od30_ownp80,y5_cash_present_neither_pos,train,share_days_gt0,0.995495,1.0000,n=222; in3_def=1.0; med_days=18.0; CLOSE missing-cash
2026-09-19T02:27,R4,4,234af73a,-,y5_ar_od30_sust,y5_cash_present_all_pos,train,share_days_gt0,0.995781,1.0000,n=237; in3_def=1.0; med_days=18.0; CLOSE missing-cash
2026-09-19T02:27,R4,4,234af73a,-,y5_ar_od30_sust,y5_cash_present_neither_pos,train,share_days_gt0,1,1.0000,n=126; in3_def=1.0; med_days=19.0; CLOSE missing-cash
2026-09-19T02:27,R4,4,234af73a,D,y5_ar_od30_sust,y5_ar_tagging_hole,train,y_rate,0.173913,1.0000,tagging_hole=True; named=0.06340288924558588; thin=0.06606606606606606; med_n_cust=18.0
2026-09-19T02:27,R4,4,234af73a,D,y5_ap_od30_ownp80,y5_ap_tagging_hole,train,y_rate,0.109375,1.0000,tagging_hole_ap=False; named=0.10084033613445378; thin=0.0755287009063444; med_n_supp=30.0
2026-09-19T02:27,R4,4,234af73a,D,y5_ar_od30_sust,y5_ar_hole_vs_cash,train,y_rate,0.161538,1.0000,cash_independent=True; hole_cash=0.25; named_ok=0.07272727272727272; named_cash=0.038338658146964855
2026-09-19T02:27,R4,4,234af73a,D,y5_ar_od30_sust,y5_ar_hole_flag_hi_cust,cv5_group,auroc,0.568957,1.0000,hi_cust only; CV=0.5689567486292084±0.09630728843688455; n=1614 pos=143; ever_hole_cos=59/191 rate_ever=0.1444154715341156 rate_never=0.08980724662542844; holdout_hole n=54 pos=7 LOW_POWER
2026-09-19T02:27,R4,4,234af73a,D,y5_ar_od30_sust,y5_ar_hole_lag1_short,cv5_group,auroc,0.480432,1.0000,Q6 hole_lag1 so-far<12 CV=0.48043230378894125; long=0.5599284691045368; all=0.5416366453385048; never t3
2026-09-19T02:27,R4,4,234af73a,D,y5_ar_od30_sust,y5_ar_hole_pos_share,train,share_of_pos,0.270042,1.0000,hole_pos=64/237; n_cos=28 top1=0.078125 top3=0.234375 hhi=0.04638671875 fragile=False
2026-09-19T02:27,R4,4,234af73a,D,y5_ar_od30_sust,single_d_tx_cp_share_hi_cust,cv5_group,auroc,0.600344,1.0000,hi_cust CV; lo_cust=0.4656021659944861
2026-09-19T02:27,R4,4,234af73a,D,y5_ar_od30_sust,single_d_tx_cp_share_diff1,cv5_group,auroc,0.557996,1.0000,turning-month first difference; 1m only
2026-09-19T02:27,R4,4,234af73a,D,y5_ar_od30_sust,y5_ar_short_hole_rate,train,y_rate,0.115152,1.0000,short_named=0.05526315789473684; long_hole=0.3088235294117647; long_named=0.07326007326007326
2026-09-19T02:27,R4,4,234af73a,D,y5_ap_od30_ownp80,single_d_n_supp_ap_leftover,cv5_group,auroc,0.58399,1.0000,sizeAUC=0.799; park=True; gap=+0.028
2026-09-19T02:27,R4,4,234af73a,D,y5_ap_od30_ownp80,single_d_supp_top1_ap_leftover,cv5_group,auroc,0.529897,1.0000,sizeAUC=0.642; park=True; gap=-0.027
2026-09-19T02:27,R4,4,234af73a,D,y5_ap_od30_ownp80,single_d_supp_hhi_ap_leftover,cv5_group,auroc,0.538629,1.0000,sizeAUC=0.663; park=True; gap=-0.018
2026-09-19T02:27,R4,4,234af73a,D,y5_ar_od30_sust,d_tx_cp_share_vs_size,train,spearman,-0.0627567,1.0000,vs log1p_a_in3
2026-09-19T02:27,R4,4,234af73a,D,y5_ar_od30_sust,d_tx_cp_share_vs_size,train,spearman,-0.0814137,1.0000,vs h_group_size
2026-09-19T02:27,R4,4,234af73a,D,y5_ar_od30_sust,d_tx_cp_share_vs_size,train,spearman,0.0136532,1.0000,vs d_n_cust
2026-09-19T02:27,R4,4,234af73a,D,y5_ar_od30_sust,d_tx_cp_share_vs_size,train,spearman,-0.0498381,1.0000,vs c_n_days_with_tx
2026-09-19T02:27,R4,4,234af73a,D,y5_ar_od30_sust,y5_ar_hole_vs_E,train,spearman,0.105242,1.0000,leak_fail=False; max|ρ| vs E
2026-09-19T02:27,R4,4,234af73a,D,y5_ar_od30_sust,d_tx_cp_share_hi_cust_head,train,head_only,1,1.0000,n=1614 up=False down=False tail=False head=True
2026-09-19T02:27,R4,4,234af73a,D,y5_ar_od30_sust,y5_ar_hole_fold_range,train,rate_range,0.292793,1.0000,min=0.04054054054054054 max=0.3333333333333333
2026-09-19T02:27,R4,4,234af73a,D,y5_ar_od30_sust,y5_ar_hole_drop_heavy_fold,train,y_rate,0.0782609,1.0000,heavy=3 share_pos=0.859375; named=0.06962025316455696; cv_wo=0.5458733183428132; survives=False
2026-09-19T02:27,R4,4,234af73a,H+D,y5_ar_od30_sust,y5_ar_heavy_fold_who,train,n_companies,111,1.0000,med_group=13.0; med_share=0.06578947368421052; med_ncust=19.0; hole_month_share=0.23890462700661
2026-09-19T02:27,R4,4,234af73a,D,y5_ar_od30_sust,d_tx_cp_share_med_by_fold,train,median,0.274448,1.0000,fold=0 n=589 cos=81 share0=0.0730050933786078 rate=0.06621392190152801
2026-09-19T02:27,R4,4,234af73a,D,y5_ar_od30_sust,d_tx_cp_share_med_by_fold,train,median,0.469671,1.0000,fold=1 n=326 cos=47 share0=0.10429447852760736 rate=0.06441717791411043
2026-09-19T02:27,R4,4,234af73a,D,y5_ar_od30_sust,d_tx_cp_share_med_by_fold,train,median,0.198364,1.0000,fold=2 n=680 cos=73 share0=0.19558823529411765 rate=0.07058823529411765
2026-09-19T02:27,R4,4,234af73a,D,y5_ar_od30_sust,d_tx_cp_share_med_by_fold,train,median,0.0657895,1.0000,fold=3 n=1059 cos=111 share0=0.3323890462700661 rate=0.0906515580736544
2026-09-19T02:27,R4,4,234af73a,D,y5_ar_od30_sust,d_tx_cp_share_med_by_fold,train,median,0.360575,1.0000,fold=4 n=654 cos=81 share0=0.035168195718654434 rate=0.04892966360856269
2026-09-19T02:27,R4,4,234af73a,D,y5_ar_od30_sust,y5_ar_zero_hi_cust_by_fold,train,y_rate,0,1.0000,fold=0 n=17 pos=0
2026-09-19T02:27,R4,4,234af73a,D,y5_ar_od30_sust,y5_ar_zero_hi_cust_by_fold,train,y_rate,0.333333,1.0000,fold=1 n=6 pos=2
2026-09-19T02:27,R4,4,234af73a,D,y5_ar_od30_sust,y5_ar_zero_hi_cust_by_fold,train,y_rate,0.0333333,1.0000,fold=2 n=60 pos=2
2026-09-19T02:27,R4,4,234af73a,D,y5_ar_od30_sust,y5_ar_zero_hi_cust_by_fold,train,y_rate,0.251309,1.0000,fold=3 n=191 pos=48
2026-09-19T02:27,R4,4,234af73a,D,y5_ar_od30_sust,y5_ar_zero_hi_cust_by_fold,train,y_rate,0.166667,1.0000,fold=4 n=6 pos=1
2026-09-19T02:29,R4,4,234af73a,A-vs-D,y5_ap_od30_ownp80,y5_why_story,train,story,0.5,1.0000,unexplained_leftover; cash=0.239 hhi=0.145 neither=0.651; never E; no GBM
2026-09-19T02:29,R4,4,234af73a,A-vs-D,y5_ar_od30_sust,y5_why_story,train,story,0.5,1.0000,unexplained_leftover; cash=0.219 hhi=0.188 neither=0.653; never E; no GBM
2026-09-19T02:29,R4,4,234af73a,-,y5_ap_od30_ownp80,y5_why_y2_neg_2of3,train,share_of_positives,0.076555,1.0000,own-cut flag; n_hi=32 n_def=418 n_pos=418; train labeled only; never E
2026-09-19T02:29,R4,4,234af73a,-,y5_ap_od30_ownp80,y5_why_y4_ds_r_double,train,share_of_positives,0.15,0.1914,own-cut flag; n_hi=12 n_def=80 n_pos=418; train labeled only; never E
2026-09-19T02:29,R4,4,234af73a,-,y5_ap_od30_ownp80,y5_why_y9_fee_r_ownp80,train,share_of_positives,0.153247,0.9211,own-cut flag; n_hi=59 n_def=385 n_pos=418; train labeled only; never E
2026-09-19T02:29,R4,4,234af73a,A,y5_ap_od30_ownp80,y5_why_a_io_ratio_lo,train,share_of_positives,0.238961,0.9211,own-cut flag; n_hi=92 n_def=385 n_pos=418; train labeled only; never E
2026-09-19T02:29,R4,4,234af73a,D,y5_ap_od30_ownp80,y5_why_d_supp_hhi_hi,train,share_of_positives,0.144809,0.8756,own-cut flag; n_hi=53 n_def=366 n_pos=418; train labeled only; never E
2026-09-19T02:29,R4,4,234af73a,C,y5_ap_od30_ownp80,y5_why_c_gap_sd_hi,train,share_of_positives,0.17233,0.9856,own-cut flag; n_hi=71 n_def=412 n_pos=418; train labeled only; never E
2026-09-19T02:29,R4,4,234af73a,-,y5_ar_od30_sust,y5_why_y2_neg_2of3,train,share_of_positives,0.113924,1.0000,own-cut flag; n_hi=27 n_def=237 n_pos=237; train labeled only; never E
2026-09-19T02:29,R4,4,234af73a,-,y5_ar_od30_sust,y5_why_y4_ds_r_double,train,share_of_positives,0.0285714,0.1477,own-cut flag; n_hi=1 n_def=35 n_pos=237; train labeled only; never E
2026-09-19T02:29,R4,4,234af73a,-,y5_ar_od30_sust,y5_why_y9_fee_r_ownp80,train,share_of_positives,0.0982143,0.9451,own-cut flag; n_hi=22 n_def=224 n_pos=237; train labeled only; never E
2026-09-19T02:29,R4,4,234af73a,A,y5_ar_od30_sust,y5_why_a_io_ratio_lo,train,share_of_positives,0.21875,0.9451,own-cut flag; n_hi=49 n_def=224 n_pos=237; train labeled only; never E
2026-09-19T02:29,R4,4,234af73a,D,y5_ar_od30_sust,y5_why_d_cust_hhi_hi,train,share_of_positives,0.188119,0.8523,own-cut flag; n_hi=38 n_def=202 n_pos=237; train labeled only; never E
2026-09-19T02:29,R4,4,234af73a,C,y5_ar_od30_sust,y5_why_c_gap_sd_hi,train,share_of_positives,0.214592,0.9831,own-cut flag; n_hi=50 n_def=233 n_pos=237; train labeled only; never E
2026-09-19T02:29,R4,4,234af73a,D,y5_ap_od30_ownp80,single_d_supp_hhi,cv5_group,auroc,0.538629,0.9994,group-fold; sign from train fold; CV=0.5386±0.044; sign=-1; sizeAUC=0.663; size_park=True; never E; quote CV not holdout
2026-09-19T02:29,R4,4,234af73a,D,y5_ap_od30_ownp80,single_d_cust_hhi,cv5_group,auroc,0.438672,0.9093,group-fold; sign from train fold; CV=0.4387±0.095; sign=+1; sizeAUC=0.547; size_park=False; never E; quote CV not holdout
2026-09-19T02:29,R4,4,234af73a,A,y5_ap_od30_ownp80,single_a_out6,cv5_group,auroc,0.579587,1.0000,group-fold; sign from train fold; CV=0.5796±0.064; sign=+1; sizeAUC=0.903; size_park=True; never E; quote CV not holdout
2026-09-19T02:29,R4,4,234af73a,A,y5_ap_od30_ownp80,single_log1p_a_in3,cv5_group,auroc,0.556456,1.0000,group-fold; sign from train fold; CV=0.5565±0.086; sign=+1; sizeAUC=1.000; size_park=True; never E; quote CV not holdout
2026-09-19T02:29,R4,4,234af73a,C,y5_ap_od30_ownp80,single_c_n_days_with_tx,cv5_group,auroc,0.540118,1.0000,group-fold; sign from train fold; CV=0.5401±0.083; sign=+1; sizeAUC=0.763; size_park=True; never E; quote CV not holdout
2026-09-19T02:29,R4,4,234af73a,A,y5_ap_od30_ownp80,single_a_io_ratio,cv5_group,auroc,0.52526,1.0000,group-fold; sign from train fold; CV=0.5253±0.039; sign=-1; sizeAUC=0.569; size_park=False; never E; quote CV not holdout
2026-09-19T02:29,R4,4,234af73a,C,y5_ap_od30_ownp80,single_c_gap_sd,cv5_group,auroc,0.543824,0.9910,group-fold; sign from train fold; CV=0.5438±0.081; sign=-1; sizeAUC=0.765; size_park=True; never E; quote CV not holdout
2026-09-19T02:29,R4,4,234af73a,D,y5_ap_od30_ownp80,single_d_tx_cp_share,cv5_group,auroc,0.531531,0.9978,group-fold; sign from train fold; CV=0.5315±0.095; sign=-1; sizeAUC=0.540; size_park=False; never E; quote CV not holdout
2026-09-19T02:29,R4,4,234af73a,H,y5_ap_od30_ownp80,single_h_group_size,cv5_group,auroc,0.581498,1.0000,group-fold; sign from train fold; CV=0.5815±0.086; sign=-1; sizeAUC=0.517; size_park=False; never E; quote CV not holdout
2026-09-19T02:29,R4,4,234af73a,D,y5_ar_od30_sust,single_d_supp_hhi,cv5_group,auroc,0.544727,0.9982,group-fold; sign from train fold; CV=0.5447±0.063; sign=+1; sizeAUC=0.655; size_park=True; never E; quote CV not holdout
2026-09-19T02:29,R4,4,234af73a,D,y5_ar_od30_sust,single_d_cust_hhi,cv5_group,auroc,0.464421,0.9988,group-fold; sign from train fold; CV=0.4644±0.065; sign=-1; sizeAUC=0.548; size_park=False; never E; quote CV not holdout
2026-09-19T02:29,R4,4,234af73a,A,y5_ar_od30_sust,single_a_out6,cv5_group,auroc,0.465204,1.0000,group-fold; sign from train fold; CV=0.4652±0.036; sign=+1; sizeAUC=0.905; size_park=True; never E; quote CV not holdout
2026-09-19T02:29,R4,4,234af73a,A,y5_ar_od30_sust,single_log1p_a_in3,cv5_group,auroc,0.468577,1.0000,group-fold; sign from train fold; CV=0.4686±0.024; sign=+1; sizeAUC=1.000; size_park=True; never E; quote CV not holdout
2026-09-19T02:29,R4,4,234af73a,C,y5_ar_od30_sust,single_c_n_days_with_tx,cv5_group,auroc,0.532872,1.0000,group-fold; sign from train fold; CV=0.5329±0.080; sign=+1; sizeAUC=0.740; size_park=True; never E; quote CV not holdout
2026-09-19T02:29,R4,4,234af73a,A,y5_ar_od30_sust,single_a_io_ratio,cv5_group,auroc,0.485731,1.0000,group-fold; sign from train fold; CV=0.4857±0.091; sign=-1; sizeAUC=0.556; size_park=False; never E; quote CV not holdout
2026-09-19T02:29,R4,4,234af73a,C,y5_ar_od30_sust,single_c_gap_sd,cv5_group,auroc,0.53327,0.9913,group-fold; sign from train fold; CV=0.5333±0.109; sign=-1; sizeAUC=0.747; size_park=True; never E; quote CV not holdout
2026-09-19T02:29,R4,4,234af73a,D,y5_ar_od30_sust,single_d_tx_cp_share,cv5_group,auroc,0.576499,0.9979,group-fold; sign from train fold; CV=0.5765±0.079; sign=-1; sizeAUC=0.535; size_park=False; never E; quote CV not holdout
2026-09-19T02:29,R4,4,234af73a,H,y5_ar_od30_sust,single_h_group_size,cv5_group,auroc,0.457545,1.0000,group-fold; sign from train fold; CV=0.4575±0.070; sign=+1; sizeAUC=0.506; size_park=False; never E; quote CV not holdout
2026-09-19T02:29,R4,4,234af73a,D-vs-E,y5_ap_od30_ownp80,leak_d_supp_hhi,train,spearman_e_ap_overdue_30,0.121238,1.0000,"train any-Y5; pearson=0.1325276532746291; fail=False; E comparator only, not X"
2026-09-19T02:29,R4,4,234af73a,D-vs-E,y5_ap_od30_ownp80,leak_d_supp_hhi,train,spearman_e_ar_overdue_30,0.0615171,1.0000,"train any-Y5; pearson=0.04652101082422252; fail=False; E comparator only, not X"
2026-09-19T02:29,R4,4,234af73a,D-vs-E,y5_ap_od30_ownp80,leak_d_supp_hhi,train,spearman_e_delay_paid,-0.0378199,1.0000,"train any-Y5; pearson=0.05636887527045636; fail=False; E comparator only, not X"
2026-09-19T02:29,R4,4,234af73a,D-vs-E,y5_ap_od30_ownp80,leak_d_supp_hhi,train,spearman_e_delay_coll,0.0274505,1.0000,"train any-Y5; pearson=0.03947277424720859; fail=False; E comparator only, not X"
2026-09-19T02:29,R4,4,234af73a,D-vs-E,y5_ap_od30_ownp80,leak_d_cust_hhi,train,spearman_e_ap_overdue_30,0.0420147,1.0000,"train any-Y5; pearson=0.03228453101700624; fail=False; E comparator only, not X"
2026-09-19T02:29,R4,4,234af73a,D-vs-E,y5_ap_od30_ownp80,leak_d_cust_hhi,train,spearman_e_ar_overdue_30,0.117313,1.0000,"train any-Y5; pearson=0.09553603344096032; fail=False; E comparator only, not X"
2026-09-19T02:29,R4,4,234af73a,D-vs-E,y5_ap_od30_ownp80,leak_d_cust_hhi,train,spearman_e_delay_paid,0.0580314,1.0000,"train any-Y5; pearson=0.07819627387423152; fail=False; E comparator only, not X"
2026-09-19T02:29,R4,4,234af73a,D-vs-E,y5_ap_od30_ownp80,leak_d_cust_hhi,train,spearman_e_delay_coll,-0.140704,1.0000,"train any-Y5; pearson=-0.007960644829407764; fail=False; E comparator only, not X"
2026-09-19T02:29,R4,4,234af73a,A-vs-E,y5_ap_od30_ownp80,leak_a_out6,train,spearman_e_ap_overdue_30,-0.11935,1.0000,"train any-Y5; pearson=-0.007944322842623116; fail=False; E comparator only, not X"
2026-09-19T02:29,R4,4,234af73a,A-vs-E,y5_ap_od30_ownp80,leak_a_out6,train,spearman_e_ar_overdue_30,-0.0759857,1.0000,"train any-Y5; pearson=0.012230769468555506; fail=False; E comparator only, not X"
2026-09-19T02:29,R4,4,234af73a,A-vs-E,y5_ap_od30_ownp80,leak_a_out6,train,spearman_e_delay_paid,-0.119162,1.0000,"train any-Y5; pearson=0.029855977169877965; fail=False; E comparator only, not X"
2026-09-19T02:29,R4,4,234af73a,A-vs-E,y5_ap_od30_ownp80,leak_a_out6,train,spearman_e_delay_coll,-0.175364,1.0000,"train any-Y5; pearson=0.036080054637883656; fail=False; E comparator only, not X"
2026-09-19T02:29,R4,4,234af73a,L-vs-E,y5_ap_od30_ownp80,leak_log1p_a_in3,train,spearman_e_ap_overdue_30,-0.110309,1.0000,"train any-Y5; pearson=-0.13604836002901494; fail=False; E comparator only, not X"
2026-09-19T02:29,R4,4,234af73a,L-vs-E,y5_ap_od30_ownp80,leak_log1p_a_in3,train,spearman_e_ar_overdue_30,-0.096787,1.0000,"train any-Y5; pearson=-0.10063653272907722; fail=False; E comparator only, not X"
2026-09-19T02:29,R4,4,234af73a,L-vs-E,y5_ap_od30_ownp80,leak_log1p_a_in3,train,spearman_e_delay_paid,-0.0612183,1.0000,"train any-Y5; pearson=-0.03838774278148546; fail=False; E comparator only, not X"
2026-09-19T02:29,R4,4,234af73a,L-vs-E,y5_ap_od30_ownp80,leak_log1p_a_in3,train,spearman_e_delay_coll,-0.112696,1.0000,"train any-Y5; pearson=-0.06388109442096432; fail=False; E comparator only, not X"
2026-09-19T02:29,R4,4,234af73a,C-vs-E,y5_ap_od30_ownp80,leak_c_n_days_with_tx,train,spearman_e_ap_overdue_30,-0.0912656,1.0000,"train any-Y5; pearson=-0.11252327910945042; fail=False; E comparator only, not X"
2026-09-19T02:29,R4,4,234af73a,C-vs-E,y5_ap_od30_ownp80,leak_c_n_days_with_tx,train,spearman_e_ar_overdue_30,-0.0756312,1.0000,"train any-Y5; pearson=-0.0704679060583495; fail=False; E comparator only, not X"
2026-09-19T02:29,R4,4,234af73a,C-vs-E,y5_ap_od30_ownp80,leak_c_n_days_with_tx,train,spearman_e_delay_paid,-0.054343,1.0000,"train any-Y5; pearson=-0.13700333804285278; fail=False; E comparator only, not X"
2026-09-19T02:29,R4,4,234af73a,C-vs-E,y5_ap_od30_ownp80,leak_c_n_days_with_tx,train,spearman_e_delay_coll,-0.0718168,1.0000,"train any-Y5; pearson=-0.11857802917215707; fail=False; E comparator only, not X"
2026-09-19T02:29,R4,4,234af73a,A-vs-E,y5_ap_od30_ownp80,leak_a_io_ratio,train,spearman_e_ap_overdue_30,0.0194107,1.0000,"train any-Y5; pearson=-0.018499526507554112; fail=False; E comparator only, not X"
2026-09-19T02:29,R4,4,234af73a,A-vs-E,y5_ap_od30_ownp80,leak_a_io_ratio,train,spearman_e_ar_overdue_30,0.00538199,1.0000,"train any-Y5; pearson=-0.01671519470121732; fail=False; E comparator only, not X"
2026-09-19T02:29,R4,4,234af73a,A-vs-E,y5_ap_od30_ownp80,leak_a_io_ratio,train,spearman_e_delay_paid,0.103559,1.0000,"train any-Y5; pearson=0.008751293258410172; fail=False; E comparator only, not X"
2026-09-19T02:29,R4,4,234af73a,A-vs-E,y5_ap_od30_ownp80,leak_a_io_ratio,train,spearman_e_delay_coll,0.110561,1.0000,"train any-Y5; pearson=-0.05207647484063407; fail=False; E comparator only, not X"
2026-09-19T02:29,R4,4,234af73a,C-vs-E,y5_ap_od30_ownp80,leak_c_gap_sd,train,spearman_e_ap_overdue_30,0.0548958,1.0000,"train any-Y5; pearson=0.1453197869941648; fail=False; E comparator only, not X"
2026-09-19T02:29,R4,4,234af73a,C-vs-E,y5_ap_od30_ownp80,leak_c_gap_sd,train,spearman_e_ar_overdue_30,0.0548058,1.0000,"train any-Y5; pearson=0.10492096989718318; fail=False; E comparator only, not X"
2026-09-19T02:29,R4,4,234af73a,C-vs-E,y5_ap_od30_ownp80,leak_c_gap_sd,train,spearman_e_delay_paid,0.0430533,1.0000,"train any-Y5; pearson=0.11306630355405417; fail=False; E comparator only, not X"
2026-09-19T02:29,R4,4,234af73a,C-vs-E,y5_ap_od30_ownp80,leak_c_gap_sd,train,spearman_e_delay_coll,0.0597233,1.0000,"train any-Y5; pearson=0.09653013437624978; fail=False; E comparator only, not X"
2026-09-19T02:29,R4,4,234af73a,D-vs-E,y5_ap_od30_ownp80,leak_d_tx_cp_share,train,spearman_e_ap_overdue_30,-0.112642,1.0000,"train any-Y5; pearson=-0.06658708305331662; fail=False; E comparator only, not X"
2026-09-19T02:29,R4,4,234af73a,D-vs-E,y5_ap_od30_ownp80,leak_d_tx_cp_share,train,spearman_e_ar_overdue_30,-0.0743727,1.0000,"train any-Y5; pearson=-0.05578169216352441; fail=False; E comparator only, not X"
2026-09-19T02:29,R4,4,234af73a,D-vs-E,y5_ap_od30_ownp80,leak_d_tx_cp_share,train,spearman_e_delay_paid,-0.048256,1.0000,"train any-Y5; pearson=-0.005648608440880028; fail=False; E comparator only, not X"
2026-09-19T02:29,R4,4,234af73a,D-vs-E,y5_ap_od30_ownp80,leak_d_tx_cp_share,train,spearman_e_delay_coll,0.107058,1.0000,"train any-Y5; pearson=0.011585155648676172; fail=False; E comparator only, not X"
2026-09-19T02:29,R4,4,234af73a,H-vs-E,y5_ap_od30_ownp80,leak_h_group_size,train,spearman_e_ap_overdue_30,-0.0809422,1.0000,"train any-Y5; pearson=-0.05922313495757473; fail=False; E comparator only, not X"
2026-09-19T02:29,R4,4,234af73a,H-vs-E,y5_ap_od30_ownp80,leak_h_group_size,train,spearman_e_ar_overdue_30,-0.0367651,1.0000,"train any-Y5; pearson=-0.0412116746063871; fail=False; E comparator only, not X"
2026-09-19T02:29,R4,4,234af73a,H-vs-E,y5_ap_od30_ownp80,leak_h_group_size,train,spearman_e_delay_paid,-0.0112416,1.0000,"train any-Y5; pearson=0.007928806030105257; fail=False; E comparator only, not X"
2026-09-19T02:29,R4,4,234af73a,H-vs-E,y5_ap_od30_ownp80,leak_h_group_size,train,spearman_e_delay_coll,0.0235645,1.0000,"train any-Y5; pearson=-0.023517363967225164; fail=False; E comparator only, not X"
2026-09-19T02:29,R4,4,234af73a,-,y5_ap_od30_ownp80,y5_holdout_coverage,train,n_pos,14,1.0000,LOW_POWER; n=195 pos=14 cos=28 pos_cos=8; not an AUROC claim
2026-09-19T02:29,R4,4,234af73a,-,y5_ar_od30_sust,y5_holdout_coverage,train,n_pos,8,1.0000,LOW_POWER; n=165 pos=8 cos=23 pos_cos=5; not an AUROC claim
2026-09-19T02:29,R4,4,234af73a,-,y5_ap_delay_up15,y5_holdout_coverage,train,n_pos,8,1.0000,LOW_POWER; n=171 pos=8 cos=27 pos_cos=4; not an AUROC claim
2026-09-19T02:29,R4,4,234af73a,D,y5_ap_od30_ownp80,single_d_supp_hhi,cv5_group,auroc,0.538629,0.9994,Q6 honest 1m; lag=0; CV=0.5386±0.044; never t3; never E
2026-09-19T02:29,R4,4,234af73a,D,y5_ap_od30_ownp80,single_d_supp_hhi_lag1,cv5_group,auroc,0.549224,0.9994,Q6 honest 1m; lag=1; CV=0.5492±0.055; never t3; never E
2026-09-19T02:29,R4,4,234af73a,A,y5_ap_od30_ownp80,single_a_io_ratio,cv5_group,auroc,0.52526,1.0000,Q6 honest 1m; lag=0; CV=0.5253±0.039; never t3; never E
2026-09-19T02:29,R4,4,234af73a,A,y5_ap_od30_ownp80,single_a_io_ratio_lag1,cv5_group,auroc,0.527875,1.0000,Q6 honest 1m; lag=1; CV=0.5279±0.044; never t3; never E
2026-09-19T02:29,R4,4,234af73a,H,y5_ap_od30_ownp80,single_h_group_size,cv5_group,auroc,0.581498,1.0000,Q6 honest 1m; lag=0; CV=0.5815±0.086; never t3; never E
2026-09-19T02:29,R4,4,234af73a,H,y5_ap_od30_ownp80,single_h_group_size_lag1,cv5_group,auroc,0.581498,1.0000,Q6 honest 1m; lag=1; CV=0.5815±0.086; never t3; never E
2026-09-19T02:29,R4,4,234af73a,D,y5_ar_od30_sust,single_d_cust_hhi,cv5_group,auroc,0.464421,0.9988,Q6 honest 1m; lag=0; CV=0.4644±0.065; never t3; never E
2026-09-19T02:29,R4,4,234af73a,D,y5_ar_od30_sust,single_d_cust_hhi_lag1,cv5_group,auroc,0.46048,0.9985,Q6 honest 1m; lag=1; CV=0.4605±0.070; never t3; never E
2026-09-19T02:29,R4,4,234af73a,A,y5_ar_od30_sust,single_a_io_ratio,cv5_group,auroc,0.485731,1.0000,Q6 honest 1m; lag=0; CV=0.4857±0.091; never t3; never E
2026-09-19T02:29,R4,4,234af73a,A,y5_ar_od30_sust,single_a_io_ratio_lag1,cv5_group,auroc,0.482641,1.0000,Q6 honest 1m; lag=1; CV=0.4826±0.099; never t3; never E
2026-09-19T02:29,R4,4,234af73a,D,y5_ar_od30_sust,single_d_tx_cp_share,cv5_group,auroc,0.576499,0.9979,Q6 honest 1m; lag=0; CV=0.5765±0.079; never t3; never E
2026-09-19T02:29,R4,4,234af73a,D,y5_ar_od30_sust,single_d_tx_cp_share_lag1,cv5_group,auroc,0.562924,0.9979,Q6 honest 1m; lag=1; CV=0.5629±0.075; never t3; never E
2026-09-19T02:29,R4,4,234af73a,D,y5_ap_od30_ownp80,d_supp_hhi_quintile,train,y_rate_q1,0.09684,0.2001,"train labeled cuts; n=981 pos=95 interval=(0.00563, 0.117]; up=False down=False tail=False"
2026-09-19T02:29,R4,4,234af73a,D,y5_ap_od30_ownp80,d_supp_hhi_quintile,train,y_rate_q2,0.0928571,0.1999,"train labeled cuts; n=980 pos=91 interval=(0.117, 0.218]; up=False down=False tail=False"
2026-09-19T02:29,R4,4,234af73a,D,y5_ap_od30_ownp80,d_supp_hhi_quintile,train,y_rate_q3,0.0743381,0.2003,"train labeled cuts; n=982 pos=73 interval=(0.218, 0.342]; up=False down=False tail=False"
2026-09-19T02:29,R4,4,234af73a,D,y5_ap_od30_ownp80,d_supp_hhi_quintile,train,y_rate_q4,0.0838446,0.1995,"train labeled cuts; n=978 pos=82 interval=(0.342, 0.532]; up=False down=False tail=False"
2026-09-19T02:29,R4,4,234af73a,D,y5_ap_od30_ownp80,d_supp_hhi_quintile,train,y_rate_q5,0.0784913,0.2001,"train labeled cuts; n=981 pos=77 interval=(0.532, 1.0]; up=False down=False tail=False"
2026-09-19T02:29,R4,4,234af73a,D,y5_ar_od30_sust,d_supp_hhi_quintile,train,y_rate_q1,0.0558912,0.2001,"train labeled cuts; n=662 pos=37 interval=(0.011, 0.106]; up=False down=False tail=False"
2026-09-19T02:29,R4,4,234af73a,D,y5_ar_od30_sust,d_supp_hhi_quintile,train,y_rate_q2,0.0694864,0.2001,"train labeled cuts; n=662 pos=46 interval=(0.106, 0.191]; up=False down=False tail=False"
2026-09-19T02:29,R4,4,234af73a,D,y5_ar_od30_sust,d_supp_hhi_quintile,train,y_rate_q3,0.0786687,0.1998,"train labeled cuts; n=661 pos=52 interval=(0.191, 0.308]; up=False down=False tail=False"
2026-09-19T02:29,R4,4,234af73a,D,y5_ar_od30_sust,d_supp_hhi_quintile,train,y_rate_q4,0.0755287,0.2001,"train labeled cuts; n=662 pos=50 interval=(0.308, 0.504]; up=False down=False tail=False"
2026-09-19T02:29,R4,4,234af73a,D,y5_ar_od30_sust,d_supp_hhi_quintile,train,y_rate_q5,0.0770393,0.2001,"train labeled cuts; n=662 pos=51 interval=(0.504, 1.0]; up=False down=False tail=False"
2026-09-19T02:29,R4,4,234af73a,D,y5_ap_od30_ownp80,d_cust_hhi_quintile,train,y_rate_q1,0.0639013,0.2000,"train labeled cuts; n=892 pos=57 interval=(0.0017599999999999998, 0.129]; up=False down=False tail=False"
2026-09-19T02:29,R4,4,234af73a,D,y5_ap_od30_ownp80,d_cust_hhi_quintile,train,y_rate_q2,0.100897,0.2000,"train labeled cuts; n=892 pos=90 interval=(0.129, 0.318]; up=False down=False tail=False"
2026-09-19T02:29,R4,4,234af73a,D,y5_ap_od30_ownp80,d_cust_hhi_quintile,train,y_rate_q3,0.0975336,0.2000,"train labeled cuts; n=892 pos=87 interval=(0.318, 0.564]; up=False down=False tail=False"
2026-09-19T02:29,R4,4,234af73a,D,y5_ap_od30_ownp80,d_cust_hhi_quintile,train,y_rate_q4,0.0874439,0.2000,"train labeled cuts; n=892 pos=78 interval=(0.564, 0.945]; up=False down=False tail=False"
2026-09-19T02:29,R4,4,234af73a,D,y5_ap_od30_ownp80,d_cust_hhi_quintile,train,y_rate_q5,0.0773543,0.2000,"train labeled cuts; n=892 pos=69 interval=(0.945, 1.0]; up=False down=False tail=False"
2026-09-19T02:29,R4,4,234af73a,D,y5_ar_od30_sust,d_cust_hhi_quintile,train,y_rate_q1,0.0603318,0.2002,"train labeled cuts; n=663 pos=40 interval=(0.0017599999999999998, 0.108]; up=False down=False tail=False"
2026-09-19T02:29,R4,4,234af73a,D,y5_ar_od30_sust,d_cust_hhi_quintile,train,y_rate_q2,0.0861027,0.1999,"train labeled cuts; n=662 pos=57 interval=(0.108, 0.241]; up=False down=False tail=False"
2026-09-19T02:29,R4,4,234af73a,D,y5_ar_od30_sust,d_cust_hhi_quintile,train,y_rate_q3,0.0785498,0.1999,"train labeled cuts; n=662 pos=52 interval=(0.241, 0.442]; up=False down=False tail=False"
2026-09-19T02:29,R4,4,234af73a,D,y5_ar_od30_sust,d_cust_hhi_quintile,train,y_rate_q4,0.081571,0.1999,"train labeled cuts; n=662 pos=54 interval=(0.442, 0.784]; up=False down=False tail=False"
2026-09-19T02:29,R4,4,234af73a,D,y5_ar_od30_sust,d_cust_hhi_quintile,train,y_rate_q5,0.0513595,0.1999,"train labeled cuts; n=662 pos=34 interval=(0.784, 1.0]; up=False down=False tail=False"
2026-09-19T02:29,R4,4,234af73a,A,y5_ap_od30_ownp80,a_out6_quintile,train,y_rate_q1,0.0550459,0.2000,"train labeled cuts; n=981 pos=54 interval=(-28157774.900999997, 97077.858]; up=False down=False tail=False"
2026-09-19T02:29,R4,4,234af73a,A,y5_ap_od30_ownp80,a_out6_quintile,train,y_rate_q2,0.0825688,0.2000,"train labeled cuts; n=981 pos=81 interval=(97077.858, 452601.654]; up=False down=False tail=False"
2026-09-19T02:29,R4,4,234af73a,A,y5_ap_od30_ownp80,a_out6_quintile,train,y_rate_q3,0.0825688,0.2000,"train labeled cuts; n=981 pos=81 interval=(452601.654, 1274415.418]; up=False down=False tail=False"
2026-09-19T02:29,R4,4,234af73a,A,y5_ap_od30_ownp80,a_out6_quintile,train,y_rate_q4,0.109072,0.2000,"train labeled cuts; n=981 pos=107 interval=(1274415.418, 4254456.872]; up=False down=False tail=False"
2026-09-19T02:29,R4,4,234af73a,A,y5_ap_od30_ownp80,a_out6_quintile,train,y_rate_q5,0.09684,0.2000,"train labeled cuts; n=981 pos=95 interval=(4254456.872, 17114407320.57]; up=False down=False tail=False"
2026-09-19T02:29,R4,4,234af73a,A,y5_ar_od30_sust,a_out6_quintile,train,y_rate_q1,0.0542986,0.2000,"train labeled cuts; n=663 pos=36 interval=(-28157774.900999997, 151264.498]; up=False down=False tail=False"
2026-09-19T02:29,R4,4,234af73a,A,y5_ar_od30_sust,a_out6_quintile,train,y_rate_q2,0.0784314,0.2000,"train labeled cuts; n=663 pos=52 interval=(151264.498, 514384.806]; up=False down=False tail=False"
2026-09-19T02:29,R4,4,234af73a,A,y5_ar_od30_sust,a_out6_quintile,train,y_rate_q3,0.0829563,0.2000,"train labeled cuts; n=663 pos=55 interval=(514384.806, 1369367.58]; up=False down=False tail=False"
2026-09-19T02:29,R4,4,234af73a,A,y5_ar_od30_sust,a_out6_quintile,train,y_rate_q4,0.0799397,0.2000,"train labeled cuts; n=663 pos=53 interval=(1369367.58, 4572547.922]; up=False down=False tail=False"
2026-09-19T02:29,R4,4,234af73a,A,y5_ar_od30_sust,a_out6_quintile,train,y_rate_q5,0.0618401,0.2000,"train labeled cuts; n=663 pos=41 interval=(4572547.922, 17114407320.57]; up=False down=False tail=False"
2026-09-19T02:29,R4,4,234af73a,A,y5_ap_od30_ownp80,log1p_a_in3_quintile,train,y_rate_q1,0.0662589,0.2000,"train labeled cuts; n=981 pos=65 interval=(-0.001, 10.696]; up=False down=False tail=False"
2026-09-19T02:29,R4,4,234af73a,A,y5_ap_od30_ownp80,log1p_a_in3_quintile,train,y_rate_q2,0.0846075,0.2000,"train labeled cuts; n=981 pos=83 interval=(10.696, 12.198]; up=False down=False tail=False"
2026-09-19T02:29,R4,4,234af73a,A,y5_ap_od30_ownp80,log1p_a_in3_quintile,train,y_rate_q3,0.069317,0.2000,"train labeled cuts; n=981 pos=68 interval=(12.198, 13.3]; up=False down=False tail=False"
2026-09-19T02:29,R4,4,234af73a,A,y5_ap_od30_ownp80,log1p_a_in3_quintile,train,y_rate_q4,0.108053,0.2000,"train labeled cuts; n=981 pos=106 interval=(13.3, 14.46]; up=False down=False tail=False"
2026-09-19T02:29,R4,4,234af73a,A,y5_ap_od30_ownp80,log1p_a_in3_quintile,train,y_rate_q5,0.0978593,0.2000,"train labeled cuts; n=981 pos=96 interval=(14.46, 22.713]; up=False down=False tail=False"
2026-09-19T02:29,R4,4,234af73a,A,y5_ar_od30_sust,log1p_a_in3_quintile,train,y_rate_q1,0.0723982,0.2000,"train labeled cuts; n=663 pos=48 interval=(-0.001, 11.262]; up=False down=False tail=False"
2026-09-19T02:29,R4,4,234af73a,A,y5_ar_od30_sust,log1p_a_in3_quintile,train,y_rate_q2,0.0618401,0.2000,"train labeled cuts; n=663 pos=41 interval=(11.262, 12.451]; up=False down=False tail=False"
2026-09-19T02:29,R4,4,234af73a,A,y5_ar_od30_sust,log1p_a_in3_quintile,train,y_rate_q3,0.0844646,0.2000,"train labeled cuts; n=663 pos=56 interval=(12.451, 13.474]; up=False down=False tail=False"
2026-09-19T02:29,R4,4,234af73a,A,y5_ar_od30_sust,log1p_a_in3_quintile,train,y_rate_q4,0.066365,0.2000,"train labeled cuts; n=663 pos=44 interval=(13.474, 14.609]; up=False down=False tail=False"
2026-09-19T02:29,R4,4,234af73a,A,y5_ar_od30_sust,log1p_a_in3_quintile,train,y_rate_q5,0.0723982,0.2000,"train labeled cuts; n=663 pos=48 interval=(14.609, 22.713]; up=False down=False tail=False"
2026-09-19T02:29,R4,4,234af73a,C,y5_ap_od30_ownp80,c_n_days_with_tx_quintile,train,y_rate_q1,0.0634921,0.2055,"train labeled cuts; n=1008 pos=64 interval=(-0.001, 8.0]; up=True down=False tail=False"
2026-09-19T02:29,R4,4,234af73a,C,y5_ap_od30_ownp80,c_n_days_with_tx_quintile,train,y_rate_q2,0.0836502,0.2145,"train labeled cuts; n=1052 pos=88 interval=(8.0, 14.0]; up=True down=False tail=False"
2026-09-19T02:29,R4,4,234af73a,C,y5_ap_od30_ownp80,c_n_days_with_tx_quintile,train,y_rate_q3,0.0895857,0.1821,"train labeled cuts; n=893 pos=80 interval=(14.0, 18.0]; up=True down=False tail=False"
2026-09-19T02:29,R4,4,234af73a,C,y5_ap_od30_ownp80,c_n_days_with_tx_quintile,train,y_rate_q4,0.0934489,0.2116,"train labeled cuts; n=1038 pos=97 interval=(18.0, 22.0]; up=True down=False tail=False"
2026-09-19T02:29,R4,4,234af73a,C,y5_ap_od30_ownp80,c_n_days_with_tx_quintile,train,y_rate_q5,0.0973742,0.1863,"train labeled cuts; n=914 pos=89 interval=(22.0, 31.0]; up=True down=False tail=False"
2026-09-19T02:29,R4,4,234af73a,C,y5_ar_od30_sust,c_n_days_with_tx_quintile,train,y_rate_q1,0.0509745,0.2012,"train labeled cuts; n=667 pos=34 interval=(-0.001, 10.0]; up=False down=False tail=False"
2026-09-19T02:29,R4,4,234af73a,C,y5_ar_od30_sust,c_n_days_with_tx_quintile,train,y_rate_q2,0.0752823,0.2404,"train labeled cuts; n=797 pos=60 interval=(10.0, 16.0]; up=False down=False tail=False"
2026-09-19T02:29,R4,4,234af73a,C,y5_ar_od30_sust,c_n_days_with_tx_quintile,train,y_rate_q3,0.0791269,0.2211,"train labeled cuts; n=733 pos=58 interval=(16.0, 20.0]; up=False down=False tail=False"
2026-09-19T02:29,R4,4,234af73a,C,y5_ar_od30_sust,c_n_days_with_tx_quintile,train,y_rate_q4,0.0634391,0.1807,"train labeled cuts; n=599 pos=38 interval=(20.0, 23.0]; up=False down=False tail=False"
2026-09-19T02:29,R4,4,234af73a,C,y5_ar_od30_sust,c_n_days_with_tx_quintile,train,y_rate_q5,0.0905588,0.1566,"train labeled cuts; n=519 pos=47 interval=(23.0, 31.0]; up=False down=False tail=False"
2026-09-19T02:29,R4,4,234af73a,A,y5_ap_od30_ownp80,a_io_ratio_quintile,train,y_rate_q1,0.0815494,0.2000,"train labeled cuts; n=981 pos=80 interval=(-1696.131, 0.489]; up=False down=False tail=False"
2026-09-19T02:29,R4,4,234af73a,A,y5_ap_od30_ownp80,a_io_ratio_quintile,train,y_rate_q2,0.0907238,0.2000,"train labeled cuts; n=981 pos=89 interval=(0.489, 0.901]; up=False down=False tail=False"
2026-09-19T02:29,R4,4,234af73a,A,y5_ap_od30_ownp80,a_io_ratio_quintile,train,y_rate_q3,0.0927625,0.2000,"train labeled cuts; n=981 pos=91 interval=(0.901, 1.124]; up=False down=False tail=False"
2026-09-19T02:29,R4,4,234af73a,A,y5_ap_od30_ownp80,a_io_ratio_quintile,train,y_rate_q4,0.0978593,0.2000,"train labeled cuts; n=981 pos=96 interval=(1.124, 1.871]; up=False down=False tail=False"
2026-09-19T02:29,R4,4,234af73a,A,y5_ap_od30_ownp80,a_io_ratio_quintile,train,y_rate_q5,0.0632008,0.2000,"train labeled cuts; n=981 pos=62 interval=(1.871, 3.0]; up=False down=False tail=False"
2026-09-19T02:29,R4,4,234af73a,A,y5_ar_od30_sust,a_io_ratio_quintile,train,y_rate_q1,0.0874811,0.2000,"train labeled cuts; n=663 pos=58 interval=(-1696.131, 0.564]; up=False down=False tail=False"
2026-09-19T02:29,R4,4,234af73a,A,y5_ar_od30_sust,a_io_ratio_quintile,train,y_rate_q2,0.0708899,0.2000,"train labeled cuts; n=663 pos=47 interval=(0.564, 0.92]; up=False down=False tail=False"
2026-09-19T02:29,R4,4,234af73a,A,y5_ar_od30_sust,a_io_ratio_quintile,train,y_rate_q3,0.0693816,0.2000,"train labeled cuts; n=663 pos=46 interval=(0.92, 1.126]; up=False down=False tail=False"
2026-09-19T02:29,R4,4,234af73a,A,y5_ar_od30_sust,a_io_ratio_quintile,train,y_rate_q4,0.0618401,0.2000,"train labeled cuts; n=663 pos=41 interval=(1.126, 1.818]; up=False down=False tail=False"
2026-09-19T02:29,R4,4,234af73a,A,y5_ar_od30_sust,a_io_ratio_quintile,train,y_rate_q5,0.0678733,0.2000,"train labeled cuts; n=663 pos=45 interval=(1.818, 3.0]; up=False down=False tail=False"
2026-09-19T02:29,R4,4,234af73a,H,y5_ap_od30_ownp80,h_group_size_quintile,train,y_rate_q1,0.100746,0.2186,"train labeled cuts; n=1072 pos=108 interval=(0.999, 4.0]; up=False down=False tail=False"
2026-09-19T02:29,R4,4,234af73a,H,y5_ap_od30_ownp80,h_group_size_quintile,train,y_rate_q2,0.116408,0.1839,"train labeled cuts; n=902 pos=105 interval=(4.0, 9.0]; up=False down=False tail=False"
2026-09-19T02:29,R4,4,234af73a,H,y5_ap_od30_ownp80,h_group_size_quintile,train,y_rate_q3,0.0950951,0.2037,"train labeled cuts; n=999 pos=95 interval=(9.0, 13.0]; up=False down=False tail=False"
2026-09-19T02:29,R4,4,234af73a,H,y5_ap_od30_ownp80,h_group_size_quintile,train,y_rate_q4,0.0757315,0.2369,"train labeled cuts; n=1162 pos=88 interval=(13.0, 18.0]; up=False down=False tail=False"
2026-09-19T02:29,R4,4,234af73a,H,y5_ap_od30_ownp80,h_group_size_quintile,train,y_rate_q5,0.0285714,0.1570,"train labeled cuts; n=770 pos=22 interval=(18.0, 22.0]; up=False down=False tail=False"
2026-09-19T02:29,R4,4,234af73a,H,y5_ar_od30_sust,h_group_size_quintile,train,y_rate_q1,0.056101,0.2151,"train labeled cuts; n=713 pos=40 interval=(0.999, 4.0]; up=False down=False tail=False"
2026-09-19T02:29,R4,4,234af73a,H,y5_ar_od30_sust,h_group_size_quintile,train,y_rate_q2,0.0598706,0.1864,"train labeled cuts; n=618 pos=37 interval=(4.0, 8.0]; up=False down=False tail=False"
2026-09-19T02:29,R4,4,234af73a,H,y5_ar_od30_sust,h_group_size_quintile,train,y_rate_q3,0.0847029,0.2386,"train labeled cuts; n=791 pos=67 interval=(8.0, 13.0]; up=False down=False tail=False"
2026-09-19T02:29,R4,4,234af73a,H,y5_ar_od30_sust,h_group_size_quintile,train,y_rate_q4,0.0693241,0.1741,"train labeled cuts; n=577 pos=40 interval=(13.0, 17.0]; up=False down=False tail=False"
2026-09-19T02:29,R4,4,234af73a,H,y5_ar_od30_sust,h_group_size_quintile,train,y_rate_q5,0.086039,0.1858,"train labeled cuts; n=616 pos=53 interval=(17.0, 22.0]; up=False down=False tail=False"
2026-09-19T02:29,R4,4,234af73a,D,y5_ap_od30_ownp80,d_tx_cp_share_quintile,train,y_rate_q1,0.0868233,0.2000,"train labeled cuts; n=979 pos=85 interval=(-0.001, 0.00587]; up=False down=False tail=False"
2026-09-19T02:29,R4,4,234af73a,D,y5_ap_od30_ownp80,d_tx_cp_share_quintile,train,y_rate_q2,0.122574,0.2000,"train labeled cuts; n=979 pos=120 interval=(0.00587, 0.147]; up=False down=False tail=False"
2026-09-19T02:29,R4,4,234af73a,D,y5_ap_od30_ownp80,d_tx_cp_share_quintile,train,y_rate_q3,0.095092,0.1998,"train labeled cuts; n=978 pos=93 interval=(0.147, 0.306]; up=False down=False tail=False"
2026-09-19T02:29,R4,4,234af73a,D,y5_ap_od30_ownp80,d_tx_cp_share_quintile,train,y_rate_q4,0.052094,0.2000,"train labeled cuts; n=979 pos=51 interval=(0.306, 0.466]; up=False down=False tail=False"
2026-09-19T02:29,R4,4,234af73a,D,y5_ap_od30_ownp80,d_tx_cp_share_quintile,train,y_rate_q5,0.0704801,0.2000,"train labeled cuts; n=979 pos=69 interval=(0.466, 0.963]; up=False down=False tail=False"
2026-09-19T02:29,R4,4,234af73a,D,y5_ar_od30_sust,d_tx_cp_share_quintile,train,y_rate_q1,0.128399,0.2001,"train labeled cuts; n=662 pos=85 interval=(-0.001, 0.00652]; up=False down=False tail=False"
2026-09-19T02:29,R4,4,234af73a,D,y5_ar_od30_sust,d_tx_cp_share_quintile,train,y_rate_q2,0.0605144,0.1998,"train labeled cuts; n=661 pos=40 interval=(0.00652, 0.164]; up=False down=False tail=False"
2026-09-19T02:29,R4,4,234af73a,D,y5_ar_od30_sust,d_tx_cp_share_quintile,train,y_rate_q3,0.0799397,0.2004,"train labeled cuts; n=663 pos=53 interval=(0.164, 0.338]; up=False down=False tail=False"
2026-09-19T02:29,R4,4,234af73a,D,y5_ar_od30_sust,d_tx_cp_share_quintile,train,y_rate_q4,0.0454545,0.1995,"train labeled cuts; n=660 pos=30 interval=(0.338, 0.482]; up=False down=False tail=False"
2026-09-19T02:29,R4,4,234af73a,D,y5_ar_od30_sust,d_tx_cp_share_quintile,train,y_rate_q5,0.0422961,0.2001,"train labeled cuts; n=662 pos=28 interval=(0.482, 0.955]; up=False down=False tail=False"
2026-09-19T02:29,R4,4,234af73a,A+D+C,y5_ap_od30_ownp80,y5_why_verdict,train,decision,1,1.0000,KEEP; trees=PARK; AP=CLOSE/unexplained_leftover; AR=KEEP/unexplained_leftover
2026-09-19T02:29,R4,4,234af73a,D,y5_ap_od30_ownp80,d_supp_hhi_tail_gt0975,train,y_rate,0.0273973,1.0000,Y4-shape tail; rest=0.08614620004141645; tail_auroc=0.49447530613899926; n=73 pos=2; never E
2026-09-19T02:29,R4,4,234af73a,D,y5_ar_od30_sust,d_cust_hhi_tail_gt0975,train,y_rate,0.0275482,1.0000,Y4-shape tail; rest=0.07700135685210312; tail_auroc=0.4636800002196179; n=363 pos=10; never E
2026-09-19T02:29,R4,4,234af73a,D,y5_ap_od30_ownp80,d_cust_hhi_tail_gt0975,train,y_rate,0.0782051,1.0000,Y4-shape tail; rest=0.08695652173913043; tail_auroc=0.4919181467847286; n=780 pos=61; never E
2026-09-19T02:29,R4,4,234af73a,-,y5_ap_od30_ownp80,y5_neither_cell,train,share_of_positives,0.651026,1.0000,neither low-io nor high HHI; n=222/341
2026-09-19T02:29,R4,4,234af73a,-,y5_ar_od30_sust,y5_neither_cell,train,share_of_positives,0.65285,1.0000,neither low-io nor high HHI; n=126/193
2026-09-19T02:29,R4,4,234af73a,H,y5_ap_od30_ownp80,single_h_group_size_size_T1,cv5_group,auroc,0.584635,1.0000,size residual; n=1635 pos=118 rate=0.07217125382262997
2026-09-19T02:29,R4,4,234af73a,C,y5_ap_od30_ownp80,single_c_n_days_with_tx_size_T1,cv5_group,auroc,0.443178,1.0000,size residual; n=1635 pos=118 rate=0.07217125382262997
2026-09-19T02:29,R4,4,234af73a,D,y5_ap_od30_ownp80,single_d_tx_cp_share_size_T1,cv5_group,auroc,0.536162,1.0000,size residual; n=1635 pos=118 rate=0.07217125382262997
2026-09-19T02:29,R4,4,234af73a,H,y5_ap_od30_ownp80,single_h_group_size_size_T2,cv5_group,auroc,0.568274,1.0000,size residual; n=1635 pos=132 rate=0.08073394495412844
2026-09-19T02:29,R4,4,234af73a,C,y5_ap_od30_ownp80,single_c_n_days_with_tx_size_T2,cv5_group,auroc,0.520989,1.0000,size residual; n=1635 pos=132 rate=0.08073394495412844
2026-09-19T02:29,R4,4,234af73a,D,y5_ap_od30_ownp80,single_d_tx_cp_share_size_T2,cv5_group,auroc,0.395229,1.0000,size residual; n=1635 pos=132 rate=0.08073394495412844
2026-09-19T02:29,R4,4,234af73a,H,y5_ap_od30_ownp80,single_h_group_size_size_T3,cv5_group,auroc,0.584071,1.0000,size residual; n=1635 pos=168 rate=0.10275229357798166
2026-09-19T02:29,R4,4,234af73a,C,y5_ap_od30_ownp80,single_c_n_days_with_tx_size_T3,cv5_group,auroc,0.530258,1.0000,size residual; n=1635 pos=168 rate=0.10275229357798166
2026-09-19T02:29,R4,4,234af73a,D,y5_ap_od30_ownp80,single_d_tx_cp_share_size_T3,cv5_group,auroc,0.550585,1.0000,size residual; n=1635 pos=168 rate=0.10275229357798166
2026-09-19T02:29,R4,4,234af73a,D,y5_ar_od30_sust,single_d_tx_cp_share_size_T1,cv5_group,auroc,0.583419,1.0000,size residual; n=1105 pos=80 rate=0.07239819004524888
2026-09-19T02:29,R4,4,234af73a,C,y5_ar_od30_sust,single_c_n_days_with_tx_size_T1,cv5_group,auroc,0.575194,1.0000,size residual; n=1105 pos=80 rate=0.07239819004524888
2026-09-19T02:29,R4,4,234af73a,H,y5_ar_od30_sust,single_h_group_size_size_T1,cv5_group,auroc,0.508798,1.0000,size residual; n=1105 pos=80 rate=0.07239819004524888
2026-09-19T02:29,R4,4,234af73a,D,y5_ar_od30_sust,single_d_tx_cp_share_size_T2,cv5_group,auroc,0.608622,1.0000,size residual; n=1105 pos=74 rate=0.0669683257918552
2026-09-19T02:29,R4,4,234af73a,C,y5_ar_od30_sust,single_c_n_days_with_tx_size_T2,cv5_group,auroc,0.461377,1.0000,size residual; n=1105 pos=74 rate=0.0669683257918552
2026-09-19T02:29,R4,4,234af73a,H,y5_ar_od30_sust,single_h_group_size_size_T2,cv5_group,auroc,0.590958,1.0000,size residual; n=1105 pos=74 rate=0.0669683257918552
2026-09-19T02:29,R4,4,234af73a,D,y5_ar_od30_sust,single_d_tx_cp_share_size_T3,cv5_group,auroc,0.620514,1.0000,size residual; n=1105 pos=83 rate=0.0751131221719457
2026-09-19T02:29,R4,4,234af73a,C,y5_ar_od30_sust,single_c_n_days_with_tx_size_T3,cv5_group,auroc,0.535501,1.0000,size residual; n=1105 pos=83 rate=0.0751131221719457
2026-09-19T02:29,R4,4,234af73a,H,y5_ar_od30_sust,single_h_group_size_size_T3,cv5_group,auroc,0.491589,1.0000,size residual; n=1105 pos=83 rate=0.0751131221719457
2026-09-19T02:29,R4,4,234af73a,D,y5_ap_od30_ownp80,single_d_supp_hhi_short,cv5_group,auroc,0.518803,1.0000,Q6 short so-far<12; lag=0; CV=0.5188±0.054; n_pos=142; never t3
2026-09-19T02:29,R4,4,234af73a,D,y5_ap_od30_ownp80,single_d_supp_hhi_lag1_short,cv5_group,auroc,0.525772,1.0000,Q6 short so-far<12; lag=1; CV=0.5258±0.059; n_pos=142; never t3
2026-09-19T02:29,R4,4,234af73a,A,y5_ap_od30_ownp80,single_a_io_ratio_short,cv5_group,auroc,0.492202,1.0000,Q6 short so-far<12; lag=0; CV=0.4922±0.030; n_pos=142; never t3
2026-09-19T02:29,R4,4,234af73a,A,y5_ap_od30_ownp80,single_a_io_ratio_lag1_short,cv5_group,auroc,0.463626,1.0000,Q6 short so-far<12; lag=1; CV=0.4636±0.036; n_pos=142; never t3
2026-09-19T02:29,R4,4,234af73a,H,y5_ap_od30_ownp80,single_h_group_size_short,cv5_group,auroc,0.619859,1.0000,Q6 short so-far<12; lag=0; CV=0.6199±0.091; n_pos=142; never t3
2026-09-19T02:29,R4,4,234af73a,H,y5_ap_od30_ownp80,single_h_group_size_lag1_short,cv5_group,auroc,0.619859,1.0000,Q6 short so-far<12; lag=1; CV=0.6199±0.091; n_pos=142; never t3
2026-09-19T02:29,R4,4,234af73a,D,y5_ar_od30_sust,single_d_cust_hhi_short,cv5_group,auroc,0.4268,1.0000,Q6 short so-far<12; lag=0; CV=0.4268±0.041; n_pos=75; never t3
2026-09-19T02:29,R4,4,234af73a,D,y5_ar_od30_sust,single_d_cust_hhi_lag1_short,cv5_group,auroc,0.465986,1.0000,Q6 short so-far<12; lag=1; CV=0.4660±0.093; n_pos=75; never t3
2026-09-19T02:29,R4,4,234af73a,A,y5_ar_od30_sust,single_a_io_ratio_short,cv5_group,auroc,0.552671,1.0000,Q6 short so-far<12; lag=0; CV=0.5527±0.172; n_pos=75; never t3
2026-09-19T02:29,R4,4,234af73a,A,y5_ar_od30_sust,single_a_io_ratio_lag1_short,cv5_group,auroc,0.439763,1.0000,Q6 short so-far<12; lag=1; CV=0.4398±0.170; n_pos=75; never t3
2026-09-19T02:29,R4,4,234af73a,D,y5_ar_od30_sust,single_d_tx_cp_share_short,cv5_group,auroc,0.445425,0.9957,Q6 short so-far<12; lag=0; CV=0.4454±0.110; n_pos=75; never t3
2026-09-19T02:29,R4,4,234af73a,D,y5_ar_od30_sust,single_d_tx_cp_share_lag1_short,cv5_group,auroc,0.430929,0.9965,Q6 short so-far<12; lag=1; CV=0.4309±0.094; n_pos=75; never t3
2026-09-19T02:29,R4,4,234af73a,-,y5_ap_od30_ownp80,y5_company_trait,train,spearman,-0.175282,1.0000,x=h_group_size; n_cos=446 ever_pos=171; med_x pos/neg=11.0/12.0
2026-09-19T02:29,R4,4,234af73a,-,y5_ar_od30_sust,y5_company_trait,train,spearman,-0.19357,1.0000,x=d_tx_cp_share; n_cos=331 ever_pos=115; med_x pos/neg=0.1733427034486452/0.2667322274455656
2026-09-19T02:29,R4,4,234af73a,-,y5_ap_od30_ownp80,y5_ap_ar_overlap,train,spearman,0.0631726,1.0000,both_pos=34 ap_only=243 ar_only=189
2026-09-19T02:29,R4,4,234af73a,D,y5_ar_od30_sust,d_tx_cp_share_vs_anycp,train,auroc_gap,0.113845,1.0000,presence_rewrite=False; intensity_dead=False; any_cp=0.4627; all=0.5765; cp>0=0.5799
2026-09-19T02:29,R4,4,234af73a,H,y5_ap_od30_ownp80,h_group_size_ge18,train,y_rate,0.0291262,1.0000,n=1236 pos=36; rest=0.10411556282365768; flag_auc=0.5906574335427279
2026-09-19T02:29,R4,4,234af73a,H,y5_ar_od30_sust,h_group_size_ge18,train,y_rate,0.086039,1.0000,n=616 pos=53; rest=0.06817339755464986; flag_auc=0.4796411445867364
2026-09-19T02:29,R4,4,234af73a,H,y5_ap_od30_ownp80,single_h_group_size_neither,cv5_group,auroc,0.544196,1.0000,neither leftover; n=2379 pos=222; CV=0.5442±0.107
2026-09-19T02:29,R4,4,234af73a,D,y5_ap_od30_ownp80,single_d_tx_cp_share_neither,cv5_group,auroc,0.542912,1.0000,neither leftover; n=2379 pos=222; CV=0.5429±0.053
2026-09-19T02:29,R4,4,234af73a,C,y5_ap_od30_ownp80,single_c_n_days_with_tx_neither,cv5_group,auroc,0.536738,1.0000,neither leftover; n=2379 pos=222; CV=0.5367±0.086
2026-09-19T02:29,R4,4,234af73a,H,y5_ar_od30_sust,single_h_group_size_neither,cv5_group,auroc,0.564464,1.0000,neither leftover; n=1636 pos=126; CV=0.5645±0.065
2026-09-19T02:29,R4,4,234af73a,D,y5_ar_od30_sust,single_d_tx_cp_share_neither,cv5_group,auroc,0.580854,1.0000,neither leftover; n=1636 pos=126; CV=0.5809±0.088
2026-09-19T02:29,R4,4,234af73a,C,y5_ar_od30_sust,single_c_n_days_with_tx_neither,cv5_group,auroc,0.55373,1.0000,neither leftover; n=1636 pos=126; CV=0.5537±0.142
2026-09-19T02:29,R4,4,234af73a,-,y5_ap_od30_ownp80,y5_cash_present_all_pos,train,share_days_gt0,0.990431,1.0000,n=418; in3_def=1.0; med_days=17.0; CLOSE missing-cash
2026-09-19T02:29,R4,4,234af73a,-,y5_ap_od30_ownp80,y5_cash_present_neither_pos,train,share_days_gt0,0.995495,1.0000,n=222; in3_def=1.0; med_days=18.0; CLOSE missing-cash
2026-09-19T02:29,R4,4,234af73a,-,y5_ar_od30_sust,y5_cash_present_all_pos,train,share_days_gt0,0.995781,1.0000,n=237; in3_def=1.0; med_days=18.0; CLOSE missing-cash
2026-09-19T02:29,R4,4,234af73a,-,y5_ar_od30_sust,y5_cash_present_neither_pos,train,share_days_gt0,1,1.0000,n=126; in3_def=1.0; med_days=19.0; CLOSE missing-cash
2026-09-19T02:29,R4,4,234af73a,D,y5_ar_od30_sust,y5_ar_tagging_hole,train,y_rate,0.173913,1.0000,tagging_hole=True; named=0.06340288924558588; thin=0.06606606606606606; med_n_cust=18.0
2026-09-19T02:29,R4,4,234af73a,D,y5_ap_od30_ownp80,y5_ap_tagging_hole,train,y_rate,0.109375,1.0000,tagging_hole_ap=False; named=0.10084033613445378; thin=0.0755287009063444; med_n_supp=30.0
2026-09-19T02:29,R4,4,234af73a,D,y5_ar_od30_sust,y5_ar_hole_vs_cash,train,y_rate,0.161538,1.0000,cash_independent=True; hole_cash=0.25; named_ok=0.07272727272727272; named_cash=0.038338658146964855
2026-09-19T02:29,R4,4,234af73a,D,y5_ar_od30_sust,y5_ar_hole_flag_hi_cust,cv5_group,auroc,0.568957,1.0000,hi_cust only; CV=0.5689567486292084±0.09630728843688455; n=1614 pos=143; ever_hole_cos=59/191 rate_ever=0.1444154715341156 rate_never=0.08980724662542844; holdout_hole n=54 pos=7 LOW_POWER
2026-09-19T02:29,R4,4,234af73a,D,y5_ar_od30_sust,y5_ar_hole_lag1_short,cv5_group,auroc,0.480432,1.0000,Q6 hole_lag1 so-far<12 CV=0.48043230378894125; long=0.5599284691045368; all=0.5416366453385048; never t3
2026-09-19T02:29,R4,4,234af73a,D,y5_ar_od30_sust,y5_ar_hole_pos_share,train,share_of_pos,0.270042,1.0000,hole_pos=64/237; n_cos=28 top1=0.078125 top3=0.234375 hhi=0.04638671875 fragile=False
2026-09-19T02:29,R4,4,234af73a,D,y5_ar_od30_sust,single_d_tx_cp_share_hi_cust,cv5_group,auroc,0.600344,1.0000,hi_cust CV; lo_cust=0.4656021659944861
2026-09-19T02:29,R4,4,234af73a,D,y5_ar_od30_sust,single_d_tx_cp_share_diff1,cv5_group,auroc,0.557996,1.0000,turning-month first difference; 1m only
2026-09-19T02:29,R4,4,234af73a,D,y5_ar_od30_sust,y5_ar_short_hole_rate,train,y_rate,0.115152,1.0000,short_named=0.05526315789473684; long_hole=0.3088235294117647; long_named=0.07326007326007326
2026-09-19T02:29,R4,4,234af73a,D,y5_ap_od30_ownp80,single_d_n_supp_ap_leftover,cv5_group,auroc,0.58399,1.0000,sizeAUC=0.799; park=True; gap=+0.028
2026-09-19T02:29,R4,4,234af73a,D,y5_ap_od30_ownp80,single_d_supp_top1_ap_leftover,cv5_group,auroc,0.529897,1.0000,sizeAUC=0.642; park=True; gap=-0.027
2026-09-19T02:29,R4,4,234af73a,D,y5_ap_od30_ownp80,single_d_supp_hhi_ap_leftover,cv5_group,auroc,0.538629,1.0000,sizeAUC=0.663; park=True; gap=-0.018
2026-09-19T02:29,R4,4,234af73a,D,y5_ar_od30_sust,d_tx_cp_share_vs_size,train,spearman,-0.0627567,1.0000,vs log1p_a_in3
2026-09-19T02:29,R4,4,234af73a,D,y5_ar_od30_sust,d_tx_cp_share_vs_size,train,spearman,-0.0814137,1.0000,vs h_group_size
2026-09-19T02:29,R4,4,234af73a,D,y5_ar_od30_sust,d_tx_cp_share_vs_size,train,spearman,0.0136532,1.0000,vs d_n_cust
2026-09-19T02:29,R4,4,234af73a,D,y5_ar_od30_sust,d_tx_cp_share_vs_size,train,spearman,-0.0498381,1.0000,vs c_n_days_with_tx
2026-09-19T02:29,R4,4,234af73a,D,y5_ar_od30_sust,y5_ar_hole_vs_E,train,spearman,0.105242,1.0000,leak_fail=False; max|ρ| vs E
2026-09-19T02:29,R4,4,234af73a,D,y5_ar_od30_sust,d_tx_cp_share_hi_cust_head,train,head_only,1,1.0000,n=1614 up=False down=False tail=False head=True
2026-09-19T02:29,R4,4,234af73a,D,y5_ar_od30_sust,y5_ar_hole_fold_range,train,rate_range,0.292793,1.0000,min=0.04054054054054054 max=0.3333333333333333
2026-09-19T02:29,R4,4,234af73a,D,y5_ar_od30_sust,y5_ar_hole_drop_heavy_fold,train,y_rate,0.0782609,1.0000,heavy=3 share_pos=0.859375; named=0.06962025316455696; cv_wo=0.5458733183428132; survives=False
2026-09-19T02:29,R4,4,234af73a,H+D,y5_ar_od30_sust,y5_ar_heavy_fold_who,train,n_companies,111,1.0000,med_group=13.0; med_share=0.06578947368421052; med_ncust=19.0; hole_month_share=0.23890462700661
2026-09-19T02:29,R4,4,234af73a,D,y5_ar_od30_sust,d_tx_cp_share_med_by_fold,train,median,0.274448,1.0000,fold=0 n=589 cos=81 share0=0.0730050933786078 rate=0.06621392190152801
2026-09-19T02:29,R4,4,234af73a,D,y5_ar_od30_sust,d_tx_cp_share_med_by_fold,train,median,0.469671,1.0000,fold=1 n=326 cos=47 share0=0.10429447852760736 rate=0.06441717791411043
2026-09-19T02:29,R4,4,234af73a,D,y5_ar_od30_sust,d_tx_cp_share_med_by_fold,train,median,0.198364,1.0000,fold=2 n=680 cos=73 share0=0.19558823529411765 rate=0.07058823529411765
2026-09-19T02:29,R4,4,234af73a,D,y5_ar_od30_sust,d_tx_cp_share_med_by_fold,train,median,0.0657895,1.0000,fold=3 n=1059 cos=111 share0=0.3323890462700661 rate=0.0906515580736544
2026-09-19T02:29,R4,4,234af73a,D,y5_ar_od30_sust,d_tx_cp_share_med_by_fold,train,median,0.360575,1.0000,fold=4 n=654 cos=81 share0=0.035168195718654434 rate=0.04892966360856269
2026-09-19T02:29,R4,4,234af73a,D,y5_ar_od30_sust,y5_ar_zero_hi_cust_by_fold,train,y_rate,0,1.0000,fold=0 n=17 pos=0
2026-09-19T02:29,R4,4,234af73a,D,y5_ar_od30_sust,y5_ar_zero_hi_cust_by_fold,train,y_rate,0.333333,1.0000,fold=1 n=6 pos=2
2026-09-19T02:29,R4,4,234af73a,D,y5_ar_od30_sust,y5_ar_zero_hi_cust_by_fold,train,y_rate,0.0333333,1.0000,fold=2 n=60 pos=2
2026-09-19T02:29,R4,4,234af73a,D,y5_ar_od30_sust,y5_ar_zero_hi_cust_by_fold,train,y_rate,0.251309,1.0000,fold=3 n=191 pos=48
2026-09-19T02:29,R4,4,234af73a,D,y5_ar_od30_sust,y5_ar_zero_hi_cust_by_fold,train,y_rate,0.166667,1.0000,fold=4 n=6 pos=1
2026-09-19T02:29,R4,4,234af73a,-,y5_ap_od30_ownp80,y5_ap_rate_fold_range,train,rate_range,0.0784288,1.0000,min=0.04424778761061947 max=0.12267657992565056
2026-09-19T02:29,R4,4,234af73a,-,y5_ap_od30_ownp80,y5_ap_neither_share_by_fold,train,share_of_pos,0.580645,1.0000,fold=0 neither=54/93
2026-09-19T02:29,R4,4,234af73a,-,y5_ap_od30_ownp80,y5_ap_neither_share_by_fold,train,share_of_pos,0.615385,1.0000,fold=1 neither=40/65
2026-09-19T02:29,R4,4,234af73a,-,y5_ap_od30_ownp80,y5_ap_neither_share_by_fold,train,share_of_pos,0.666667,1.0000,fold=2 neither=22/33
2026-09-19T02:29,R4,4,234af73a,-,y5_ap_od30_ownp80,y5_ap_neither_share_by_fold,train,share_of_pos,0.706422,1.0000,fold=3 neither=77/109
2026-09-19T02:29,R4,4,234af73a,-,y5_ap_od30_ownp80,y5_ap_neither_share_by_fold,train,share_of_pos,0.707317,1.0000,fold=4 neither=29/41
2026-09-19T02:29,R4,4,234af73a,-,y5_ar_od30_sust,y5_ar_neither_share_by_fold,train,share_of_pos,0.676471,1.0000,fold=0 neither=23/34
2026-09-19T02:29,R4,4,234af73a,-,y5_ar_od30_sust,y5_ar_neither_share_by_fold,train,share_of_pos,0.470588,1.0000,fold=1 neither=8/17
2026-09-19T02:29,R4,4,234af73a,-,y5_ar_od30_sust,y5_ar_neither_share_by_fold,train,share_of_pos,0.763158,1.0000,fold=2 neither=29/38
2026-09-19T02:29,R4,4,234af73a,-,y5_ar_od30_sust,y5_ar_neither_share_by_fold,train,share_of_pos,0.671233,1.0000,fold=3 neither=49/73
2026-09-19T02:29,R4,4,234af73a,-,y5_ar_od30_sust,y5_ar_neither_share_by_fold,train,share_of_pos,0.548387,1.0000,fold=4 neither=17/31
2026-09-19T02:30,R4,4,234af73a,A-vs-D,y5_ap_od30_ownp80,y5_why_story,train,story,0.5,1.0000,unexplained_leftover; cash=0.239 hhi=0.145 neither=0.651; never E; no GBM
2026-09-19T02:30,R4,4,234af73a,A-vs-D,y5_ar_od30_sust,y5_why_story,train,story,0.5,1.0000,unexplained_leftover; cash=0.219 hhi=0.188 neither=0.653; never E; no GBM
2026-09-19T02:30,R4,4,234af73a,-,y5_ap_od30_ownp80,y5_why_y2_neg_2of3,train,share_of_positives,0.076555,1.0000,own-cut flag; n_hi=32 n_def=418 n_pos=418; train labeled only; never E
2026-09-19T02:30,R4,4,234af73a,-,y5_ap_od30_ownp80,y5_why_y4_ds_r_double,train,share_of_positives,0.15,0.1914,own-cut flag; n_hi=12 n_def=80 n_pos=418; train labeled only; never E
2026-09-19T02:30,R4,4,234af73a,-,y5_ap_od30_ownp80,y5_why_y9_fee_r_ownp80,train,share_of_positives,0.153247,0.9211,own-cut flag; n_hi=59 n_def=385 n_pos=418; train labeled only; never E
2026-09-19T02:30,R4,4,234af73a,A,y5_ap_od30_ownp80,y5_why_a_io_ratio_lo,train,share_of_positives,0.238961,0.9211,own-cut flag; n_hi=92 n_def=385 n_pos=418; train labeled only; never E
2026-09-19T02:30,R4,4,234af73a,D,y5_ap_od30_ownp80,y5_why_d_supp_hhi_hi,train,share_of_positives,0.144809,0.8756,own-cut flag; n_hi=53 n_def=366 n_pos=418; train labeled only; never E
2026-09-19T02:30,R4,4,234af73a,C,y5_ap_od30_ownp80,y5_why_c_gap_sd_hi,train,share_of_positives,0.17233,0.9856,own-cut flag; n_hi=71 n_def=412 n_pos=418; train labeled only; never E
2026-09-19T02:30,R4,4,234af73a,-,y5_ar_od30_sust,y5_why_y2_neg_2of3,train,share_of_positives,0.113924,1.0000,own-cut flag; n_hi=27 n_def=237 n_pos=237; train labeled only; never E
2026-09-19T02:30,R4,4,234af73a,-,y5_ar_od30_sust,y5_why_y4_ds_r_double,train,share_of_positives,0.0285714,0.1477,own-cut flag; n_hi=1 n_def=35 n_pos=237; train labeled only; never E
2026-09-19T02:30,R4,4,234af73a,-,y5_ar_od30_sust,y5_why_y9_fee_r_ownp80,train,share_of_positives,0.0982143,0.9451,own-cut flag; n_hi=22 n_def=224 n_pos=237; train labeled only; never E
2026-09-19T02:30,R4,4,234af73a,A,y5_ar_od30_sust,y5_why_a_io_ratio_lo,train,share_of_positives,0.21875,0.9451,own-cut flag; n_hi=49 n_def=224 n_pos=237; train labeled only; never E
2026-09-19T02:30,R4,4,234af73a,D,y5_ar_od30_sust,y5_why_d_cust_hhi_hi,train,share_of_positives,0.188119,0.8523,own-cut flag; n_hi=38 n_def=202 n_pos=237; train labeled only; never E
2026-09-19T02:30,R4,4,234af73a,C,y5_ar_od30_sust,y5_why_c_gap_sd_hi,train,share_of_positives,0.214592,0.9831,own-cut flag; n_hi=50 n_def=233 n_pos=237; train labeled only; never E
2026-09-19T02:30,R4,4,234af73a,D,y5_ap_od30_ownp80,single_d_supp_hhi,cv5_group,auroc,0.538629,0.9994,group-fold; sign from train fold; CV=0.5386±0.044; sign=-1; sizeAUC=0.663; size_park=True; never E; quote CV not holdout
2026-09-19T02:30,R4,4,234af73a,D,y5_ap_od30_ownp80,single_d_cust_hhi,cv5_group,auroc,0.438672,0.9093,group-fold; sign from train fold; CV=0.4387±0.095; sign=+1; sizeAUC=0.547; size_park=False; never E; quote CV not holdout
2026-09-19T02:30,R4,4,234af73a,A,y5_ap_od30_ownp80,single_a_out6,cv5_group,auroc,0.579587,1.0000,group-fold; sign from train fold; CV=0.5796±0.064; sign=+1; sizeAUC=0.903; size_park=True; never E; quote CV not holdout
2026-09-19T02:30,R4,4,234af73a,A,y5_ap_od30_ownp80,single_log1p_a_in3,cv5_group,auroc,0.556456,1.0000,group-fold; sign from train fold; CV=0.5565±0.086; sign=+1; sizeAUC=1.000; size_park=True; never E; quote CV not holdout
2026-09-19T02:30,R4,4,234af73a,C,y5_ap_od30_ownp80,single_c_n_days_with_tx,cv5_group,auroc,0.540118,1.0000,group-fold; sign from train fold; CV=0.5401±0.083; sign=+1; sizeAUC=0.763; size_park=True; never E; quote CV not holdout
2026-09-19T02:30,R4,4,234af73a,A,y5_ap_od30_ownp80,single_a_io_ratio,cv5_group,auroc,0.52526,1.0000,group-fold; sign from train fold; CV=0.5253±0.039; sign=-1; sizeAUC=0.569; size_park=False; never E; quote CV not holdout
2026-09-19T02:30,R4,4,234af73a,C,y5_ap_od30_ownp80,single_c_gap_sd,cv5_group,auroc,0.543824,0.9910,group-fold; sign from train fold; CV=0.5438±0.081; sign=-1; sizeAUC=0.765; size_park=True; never E; quote CV not holdout
2026-09-19T02:30,R4,4,234af73a,D,y5_ap_od30_ownp80,single_d_tx_cp_share,cv5_group,auroc,0.531531,0.9978,group-fold; sign from train fold; CV=0.5315±0.095; sign=-1; sizeAUC=0.540; size_park=False; never E; quote CV not holdout
2026-09-19T02:30,R4,4,234af73a,H,y5_ap_od30_ownp80,single_h_group_size,cv5_group,auroc,0.581498,1.0000,group-fold; sign from train fold; CV=0.5815±0.086; sign=-1; sizeAUC=0.517; size_park=False; never E; quote CV not holdout
2026-09-19T02:30,R4,4,234af73a,D,y5_ar_od30_sust,single_d_supp_hhi,cv5_group,auroc,0.544727,0.9982,group-fold; sign from train fold; CV=0.5447±0.063; sign=+1; sizeAUC=0.655; size_park=True; never E; quote CV not holdout
2026-09-19T02:30,R4,4,234af73a,D,y5_ar_od30_sust,single_d_cust_hhi,cv5_group,auroc,0.464421,0.9988,group-fold; sign from train fold; CV=0.4644±0.065; sign=-1; sizeAUC=0.548; size_park=False; never E; quote CV not holdout
2026-09-19T02:30,R4,4,234af73a,A,y5_ar_od30_sust,single_a_out6,cv5_group,auroc,0.465204,1.0000,group-fold; sign from train fold; CV=0.4652±0.036; sign=+1; sizeAUC=0.905; size_park=True; never E; quote CV not holdout
2026-09-19T02:30,R4,4,234af73a,A,y5_ar_od30_sust,single_log1p_a_in3,cv5_group,auroc,0.468577,1.0000,group-fold; sign from train fold; CV=0.4686±0.024; sign=+1; sizeAUC=1.000; size_park=True; never E; quote CV not holdout
2026-09-19T02:30,R4,4,234af73a,C,y5_ar_od30_sust,single_c_n_days_with_tx,cv5_group,auroc,0.532872,1.0000,group-fold; sign from train fold; CV=0.5329±0.080; sign=+1; sizeAUC=0.740; size_park=True; never E; quote CV not holdout
2026-09-19T02:30,R4,4,234af73a,A,y5_ar_od30_sust,single_a_io_ratio,cv5_group,auroc,0.485731,1.0000,group-fold; sign from train fold; CV=0.4857±0.091; sign=-1; sizeAUC=0.556; size_park=False; never E; quote CV not holdout
2026-09-19T02:30,R4,4,234af73a,C,y5_ar_od30_sust,single_c_gap_sd,cv5_group,auroc,0.53327,0.9913,group-fold; sign from train fold; CV=0.5333±0.109; sign=-1; sizeAUC=0.747; size_park=True; never E; quote CV not holdout
2026-09-19T02:30,R4,4,234af73a,D,y5_ar_od30_sust,single_d_tx_cp_share,cv5_group,auroc,0.576499,0.9979,group-fold; sign from train fold; CV=0.5765±0.079; sign=-1; sizeAUC=0.535; size_park=False; never E; quote CV not holdout
2026-09-19T02:30,R4,4,234af73a,H,y5_ar_od30_sust,single_h_group_size,cv5_group,auroc,0.457545,1.0000,group-fold; sign from train fold; CV=0.4575±0.070; sign=+1; sizeAUC=0.506; size_park=False; never E; quote CV not holdout
2026-09-19T02:30,R4,4,234af73a,D-vs-E,y5_ap_od30_ownp80,leak_d_supp_hhi,train,spearman_e_ap_overdue_30,0.121238,1.0000,"train any-Y5; pearson=0.1325276532746291; fail=False; E comparator only, not X"
2026-09-19T02:30,R4,4,234af73a,D-vs-E,y5_ap_od30_ownp80,leak_d_supp_hhi,train,spearman_e_ar_overdue_30,0.0615171,1.0000,"train any-Y5; pearson=0.04652101082422252; fail=False; E comparator only, not X"
2026-09-19T02:30,R4,4,234af73a,D-vs-E,y5_ap_od30_ownp80,leak_d_supp_hhi,train,spearman_e_delay_paid,-0.0378199,1.0000,"train any-Y5; pearson=0.05636887527045636; fail=False; E comparator only, not X"
2026-09-19T02:30,R4,4,234af73a,D-vs-E,y5_ap_od30_ownp80,leak_d_supp_hhi,train,spearman_e_delay_coll,0.0274505,1.0000,"train any-Y5; pearson=0.03947277424720859; fail=False; E comparator only, not X"
2026-09-19T02:30,R4,4,234af73a,D-vs-E,y5_ap_od30_ownp80,leak_d_cust_hhi,train,spearman_e_ap_overdue_30,0.0420147,1.0000,"train any-Y5; pearson=0.03228453101700624; fail=False; E comparator only, not X"
2026-09-19T02:30,R4,4,234af73a,D-vs-E,y5_ap_od30_ownp80,leak_d_cust_hhi,train,spearman_e_ar_overdue_30,0.117313,1.0000,"train any-Y5; pearson=0.09553603344096032; fail=False; E comparator only, not X"
2026-09-19T02:30,R4,4,234af73a,D-vs-E,y5_ap_od30_ownp80,leak_d_cust_hhi,train,spearman_e_delay_paid,0.0580314,1.0000,"train any-Y5; pearson=0.07819627387423152; fail=False; E comparator only, not X"
2026-09-19T02:30,R4,4,234af73a,D-vs-E,y5_ap_od30_ownp80,leak_d_cust_hhi,train,spearman_e_delay_coll,-0.140704,1.0000,"train any-Y5; pearson=-0.007960644829407764; fail=False; E comparator only, not X"
2026-09-19T02:30,R4,4,234af73a,A-vs-E,y5_ap_od30_ownp80,leak_a_out6,train,spearman_e_ap_overdue_30,-0.11935,1.0000,"train any-Y5; pearson=-0.007944322842623116; fail=False; E comparator only, not X"
2026-09-19T02:30,R4,4,234af73a,A-vs-E,y5_ap_od30_ownp80,leak_a_out6,train,spearman_e_ar_overdue_30,-0.0759857,1.0000,"train any-Y5; pearson=0.012230769468555506; fail=False; E comparator only, not X"
2026-09-19T02:30,R4,4,234af73a,A-vs-E,y5_ap_od30_ownp80,leak_a_out6,train,spearman_e_delay_paid,-0.119162,1.0000,"train any-Y5; pearson=0.029855977169877965; fail=False; E comparator only, not X"
2026-09-19T02:30,R4,4,234af73a,A-vs-E,y5_ap_od30_ownp80,leak_a_out6,train,spearman_e_delay_coll,-0.175364,1.0000,"train any-Y5; pearson=0.036080054637883656; fail=False; E comparator only, not X"
2026-09-19T02:30,R4,4,234af73a,L-vs-E,y5_ap_od30_ownp80,leak_log1p_a_in3,train,spearman_e_ap_overdue_30,-0.110309,1.0000,"train any-Y5; pearson=-0.13604836002901494; fail=False; E comparator only, not X"
2026-09-19T02:30,R4,4,234af73a,L-vs-E,y5_ap_od30_ownp80,leak_log1p_a_in3,train,spearman_e_ar_overdue_30,-0.096787,1.0000,"train any-Y5; pearson=-0.10063653272907722; fail=False; E comparator only, not X"
2026-09-19T02:30,R4,4,234af73a,L-vs-E,y5_ap_od30_ownp80,leak_log1p_a_in3,train,spearman_e_delay_paid,-0.0612183,1.0000,"train any-Y5; pearson=-0.03838774278148546; fail=False; E comparator only, not X"
2026-09-19T02:30,R4,4,234af73a,L-vs-E,y5_ap_od30_ownp80,leak_log1p_a_in3,train,spearman_e_delay_coll,-0.112696,1.0000,"train any-Y5; pearson=-0.06388109442096432; fail=False; E comparator only, not X"
2026-09-19T02:30,R4,4,234af73a,C-vs-E,y5_ap_od30_ownp80,leak_c_n_days_with_tx,train,spearman_e_ap_overdue_30,-0.0912656,1.0000,"train any-Y5; pearson=-0.11252327910945042; fail=False; E comparator only, not X"
2026-09-19T02:30,R4,4,234af73a,C-vs-E,y5_ap_od30_ownp80,leak_c_n_days_with_tx,train,spearman_e_ar_overdue_30,-0.0756312,1.0000,"train any-Y5; pearson=-0.0704679060583495; fail=False; E comparator only, not X"
2026-09-19T02:30,R4,4,234af73a,C-vs-E,y5_ap_od30_ownp80,leak_c_n_days_with_tx,train,spearman_e_delay_paid,-0.054343,1.0000,"train any-Y5; pearson=-0.13700333804285278; fail=False; E comparator only, not X"
2026-09-19T02:30,R4,4,234af73a,C-vs-E,y5_ap_od30_ownp80,leak_c_n_days_with_tx,train,spearman_e_delay_coll,-0.0718168,1.0000,"train any-Y5; pearson=-0.11857802917215707; fail=False; E comparator only, not X"
2026-09-19T02:30,R4,4,234af73a,A-vs-E,y5_ap_od30_ownp80,leak_a_io_ratio,train,spearman_e_ap_overdue_30,0.0194107,1.0000,"train any-Y5; pearson=-0.018499526507554112; fail=False; E comparator only, not X"
2026-09-19T02:30,R4,4,234af73a,A-vs-E,y5_ap_od30_ownp80,leak_a_io_ratio,train,spearman_e_ar_overdue_30,0.00538199,1.0000,"train any-Y5; pearson=-0.01671519470121732; fail=False; E comparator only, not X"
2026-09-19T02:30,R4,4,234af73a,A-vs-E,y5_ap_od30_ownp80,leak_a_io_ratio,train,spearman_e_delay_paid,0.103559,1.0000,"train any-Y5; pearson=0.008751293258410172; fail=False; E comparator only, not X"
2026-09-19T02:30,R4,4,234af73a,A-vs-E,y5_ap_od30_ownp80,leak_a_io_ratio,train,spearman_e_delay_coll,0.110561,1.0000,"train any-Y5; pearson=-0.05207647484063407; fail=False; E comparator only, not X"
2026-09-19T02:30,R4,4,234af73a,C-vs-E,y5_ap_od30_ownp80,leak_c_gap_sd,train,spearman_e_ap_overdue_30,0.0548958,1.0000,"train any-Y5; pearson=0.1453197869941648; fail=False; E comparator only, not X"
2026-09-19T02:30,R4,4,234af73a,C-vs-E,y5_ap_od30_ownp80,leak_c_gap_sd,train,spearman_e_ar_overdue_30,0.0548058,1.0000,"train any-Y5; pearson=0.10492096989718318; fail=False; E comparator only, not X"
2026-09-19T02:30,R4,4,234af73a,C-vs-E,y5_ap_od30_ownp80,leak_c_gap_sd,train,spearman_e_delay_paid,0.0430533,1.0000,"train any-Y5; pearson=0.11306630355405417; fail=False; E comparator only, not X"
2026-09-19T02:30,R4,4,234af73a,C-vs-E,y5_ap_od30_ownp80,leak_c_gap_sd,train,spearman_e_delay_coll,0.0597233,1.0000,"train any-Y5; pearson=0.09653013437624978; fail=False; E comparator only, not X"
2026-09-19T02:30,R4,4,234af73a,D-vs-E,y5_ap_od30_ownp80,leak_d_tx_cp_share,train,spearman_e_ap_overdue_30,-0.112642,1.0000,"train any-Y5; pearson=-0.06658708305331662; fail=False; E comparator only, not X"
2026-09-19T02:30,R4,4,234af73a,D-vs-E,y5_ap_od30_ownp80,leak_d_tx_cp_share,train,spearman_e_ar_overdue_30,-0.0743727,1.0000,"train any-Y5; pearson=-0.05578169216352441; fail=False; E comparator only, not X"
2026-09-19T02:30,R4,4,234af73a,D-vs-E,y5_ap_od30_ownp80,leak_d_tx_cp_share,train,spearman_e_delay_paid,-0.048256,1.0000,"train any-Y5; pearson=-0.005648608440880028; fail=False; E comparator only, not X"
2026-09-19T02:30,R4,4,234af73a,D-vs-E,y5_ap_od30_ownp80,leak_d_tx_cp_share,train,spearman_e_delay_coll,0.107058,1.0000,"train any-Y5; pearson=0.011585155648676172; fail=False; E comparator only, not X"
2026-09-19T02:30,R4,4,234af73a,H-vs-E,y5_ap_od30_ownp80,leak_h_group_size,train,spearman_e_ap_overdue_30,-0.0809422,1.0000,"train any-Y5; pearson=-0.05922313495757473; fail=False; E comparator only, not X"
2026-09-19T02:30,R4,4,234af73a,H-vs-E,y5_ap_od30_ownp80,leak_h_group_size,train,spearman_e_ar_overdue_30,-0.0367651,1.0000,"train any-Y5; pearson=-0.0412116746063871; fail=False; E comparator only, not X"
2026-09-19T02:30,R4,4,234af73a,H-vs-E,y5_ap_od30_ownp80,leak_h_group_size,train,spearman_e_delay_paid,-0.0112416,1.0000,"train any-Y5; pearson=0.007928806030105257; fail=False; E comparator only, not X"
2026-09-19T02:30,R4,4,234af73a,H-vs-E,y5_ap_od30_ownp80,leak_h_group_size,train,spearman_e_delay_coll,0.0235645,1.0000,"train any-Y5; pearson=-0.023517363967225164; fail=False; E comparator only, not X"
2026-09-19T02:30,R4,4,234af73a,-,y5_ap_od30_ownp80,y5_holdout_coverage,train,n_pos,14,1.0000,LOW_POWER; n=195 pos=14 cos=28 pos_cos=8; not an AUROC claim
2026-09-19T02:30,R4,4,234af73a,-,y5_ar_od30_sust,y5_holdout_coverage,train,n_pos,8,1.0000,LOW_POWER; n=165 pos=8 cos=23 pos_cos=5; not an AUROC claim
2026-09-19T02:30,R4,4,234af73a,-,y5_ap_delay_up15,y5_holdout_coverage,train,n_pos,8,1.0000,LOW_POWER; n=171 pos=8 cos=27 pos_cos=4; not an AUROC claim
2026-09-19T02:30,R4,4,234af73a,D,y5_ap_od30_ownp80,single_d_supp_hhi,cv5_group,auroc,0.538629,0.9994,Q6 honest 1m; lag=0; CV=0.5386±0.044; never t3; never E
2026-09-19T02:30,R4,4,234af73a,D,y5_ap_od30_ownp80,single_d_supp_hhi_lag1,cv5_group,auroc,0.549224,0.9994,Q6 honest 1m; lag=1; CV=0.5492±0.055; never t3; never E
2026-09-19T02:30,R4,4,234af73a,A,y5_ap_od30_ownp80,single_a_io_ratio,cv5_group,auroc,0.52526,1.0000,Q6 honest 1m; lag=0; CV=0.5253±0.039; never t3; never E
2026-09-19T02:30,R4,4,234af73a,A,y5_ap_od30_ownp80,single_a_io_ratio_lag1,cv5_group,auroc,0.527875,1.0000,Q6 honest 1m; lag=1; CV=0.5279±0.044; never t3; never E
2026-09-19T02:30,R4,4,234af73a,H,y5_ap_od30_ownp80,single_h_group_size,cv5_group,auroc,0.581498,1.0000,Q6 honest 1m; lag=0; CV=0.5815±0.086; never t3; never E
2026-09-19T02:30,R4,4,234af73a,H,y5_ap_od30_ownp80,single_h_group_size_lag1,cv5_group,auroc,0.581498,1.0000,Q6 honest 1m; lag=1; CV=0.5815±0.086; never t3; never E
2026-09-19T02:30,R4,4,234af73a,D,y5_ar_od30_sust,single_d_cust_hhi,cv5_group,auroc,0.464421,0.9988,Q6 honest 1m; lag=0; CV=0.4644±0.065; never t3; never E
2026-09-19T02:30,R4,4,234af73a,D,y5_ar_od30_sust,single_d_cust_hhi_lag1,cv5_group,auroc,0.46048,0.9985,Q6 honest 1m; lag=1; CV=0.4605±0.070; never t3; never E
2026-09-19T02:30,R4,4,234af73a,A,y5_ar_od30_sust,single_a_io_ratio,cv5_group,auroc,0.485731,1.0000,Q6 honest 1m; lag=0; CV=0.4857±0.091; never t3; never E
2026-09-19T02:30,R4,4,234af73a,A,y5_ar_od30_sust,single_a_io_ratio_lag1,cv5_group,auroc,0.482641,1.0000,Q6 honest 1m; lag=1; CV=0.4826±0.099; never t3; never E
2026-09-19T02:30,R4,4,234af73a,D,y5_ar_od30_sust,single_d_tx_cp_share,cv5_group,auroc,0.576499,0.9979,Q6 honest 1m; lag=0; CV=0.5765±0.079; never t3; never E
2026-09-19T02:30,R4,4,234af73a,D,y5_ar_od30_sust,single_d_tx_cp_share_lag1,cv5_group,auroc,0.562924,0.9979,Q6 honest 1m; lag=1; CV=0.5629±0.075; never t3; never E
2026-09-19T02:30,R4,4,234af73a,D,y5_ap_od30_ownp80,d_supp_hhi_quintile,train,y_rate_q1,0.09684,0.2001,"train labeled cuts; n=981 pos=95 interval=(0.00563, 0.117]; up=False down=False tail=False"
2026-09-19T02:30,R4,4,234af73a,D,y5_ap_od30_ownp80,d_supp_hhi_quintile,train,y_rate_q2,0.0928571,0.1999,"train labeled cuts; n=980 pos=91 interval=(0.117, 0.218]; up=False down=False tail=False"
2026-09-19T02:30,R4,4,234af73a,D,y5_ap_od30_ownp80,d_supp_hhi_quintile,train,y_rate_q3,0.0743381,0.2003,"train labeled cuts; n=982 pos=73 interval=(0.218, 0.342]; up=False down=False tail=False"
2026-09-19T02:30,R4,4,234af73a,D,y5_ap_od30_ownp80,d_supp_hhi_quintile,train,y_rate_q4,0.0838446,0.1995,"train labeled cuts; n=978 pos=82 interval=(0.342, 0.532]; up=False down=False tail=False"
2026-09-19T02:30,R4,4,234af73a,D,y5_ap_od30_ownp80,d_supp_hhi_quintile,train,y_rate_q5,0.0784913,0.2001,"train labeled cuts; n=981 pos=77 interval=(0.532, 1.0]; up=False down=False tail=False"
2026-09-19T02:30,R4,4,234af73a,D,y5_ar_od30_sust,d_supp_hhi_quintile,train,y_rate_q1,0.0558912,0.2001,"train labeled cuts; n=662 pos=37 interval=(0.011, 0.106]; up=False down=False tail=False"
2026-09-19T02:30,R4,4,234af73a,D,y5_ar_od30_sust,d_supp_hhi_quintile,train,y_rate_q2,0.0694864,0.2001,"train labeled cuts; n=662 pos=46 interval=(0.106, 0.191]; up=False down=False tail=False"
2026-09-19T02:30,R4,4,234af73a,D,y5_ar_od30_sust,d_supp_hhi_quintile,train,y_rate_q3,0.0786687,0.1998,"train labeled cuts; n=661 pos=52 interval=(0.191, 0.308]; up=False down=False tail=False"
2026-09-19T02:30,R4,4,234af73a,D,y5_ar_od30_sust,d_supp_hhi_quintile,train,y_rate_q4,0.0755287,0.2001,"train labeled cuts; n=662 pos=50 interval=(0.308, 0.504]; up=False down=False tail=False"
2026-09-19T02:30,R4,4,234af73a,D,y5_ar_od30_sust,d_supp_hhi_quintile,train,y_rate_q5,0.0770393,0.2001,"train labeled cuts; n=662 pos=51 interval=(0.504, 1.0]; up=False down=False tail=False"
2026-09-19T02:30,R4,4,234af73a,D,y5_ap_od30_ownp80,d_cust_hhi_quintile,train,y_rate_q1,0.0639013,0.2000,"train labeled cuts; n=892 pos=57 interval=(0.0017599999999999998, 0.129]; up=False down=False tail=False"
2026-09-19T02:30,R4,4,234af73a,D,y5_ap_od30_ownp80,d_cust_hhi_quintile,train,y_rate_q2,0.100897,0.2000,"train labeled cuts; n=892 pos=90 interval=(0.129, 0.318]; up=False down=False tail=False"
2026-09-19T02:30,R4,4,234af73a,D,y5_ap_od30_ownp80,d_cust_hhi_quintile,train,y_rate_q3,0.0975336,0.2000,"train labeled cuts; n=892 pos=87 interval=(0.318, 0.564]; up=False down=False tail=False"
2026-09-19T02:30,R4,4,234af73a,D,y5_ap_od30_ownp80,d_cust_hhi_quintile,train,y_rate_q4,0.0874439,0.2000,"train labeled cuts; n=892 pos=78 interval=(0.564, 0.945]; up=False down=False tail=False"
2026-09-19T02:30,R4,4,234af73a,D,y5_ap_od30_ownp80,d_cust_hhi_quintile,train,y_rate_q5,0.0773543,0.2000,"train labeled cuts; n=892 pos=69 interval=(0.945, 1.0]; up=False down=False tail=False"
2026-09-19T02:30,R4,4,234af73a,D,y5_ar_od30_sust,d_cust_hhi_quintile,train,y_rate_q1,0.0603318,0.2002,"train labeled cuts; n=663 pos=40 interval=(0.0017599999999999998, 0.108]; up=False down=False tail=False"
2026-09-19T02:30,R4,4,234af73a,D,y5_ar_od30_sust,d_cust_hhi_quintile,train,y_rate_q2,0.0861027,0.1999,"train labeled cuts; n=662 pos=57 interval=(0.108, 0.241]; up=False down=False tail=False"
2026-09-19T02:30,R4,4,234af73a,D,y5_ar_od30_sust,d_cust_hhi_quintile,train,y_rate_q3,0.0785498,0.1999,"train labeled cuts; n=662 pos=52 interval=(0.241, 0.442]; up=False down=False tail=False"
2026-09-19T02:30,R4,4,234af73a,D,y5_ar_od30_sust,d_cust_hhi_quintile,train,y_rate_q4,0.081571,0.1999,"train labeled cuts; n=662 pos=54 interval=(0.442, 0.784]; up=False down=False tail=False"
2026-09-19T02:30,R4,4,234af73a,D,y5_ar_od30_sust,d_cust_hhi_quintile,train,y_rate_q5,0.0513595,0.1999,"train labeled cuts; n=662 pos=34 interval=(0.784, 1.0]; up=False down=False tail=False"
2026-09-19T02:30,R4,4,234af73a,A,y5_ap_od30_ownp80,a_out6_quintile,train,y_rate_q1,0.0550459,0.2000,"train labeled cuts; n=981 pos=54 interval=(-28157774.900999997, 97077.858]; up=False down=False tail=False"
2026-09-19T02:30,R4,4,234af73a,A,y5_ap_od30_ownp80,a_out6_quintile,train,y_rate_q2,0.0825688,0.2000,"train labeled cuts; n=981 pos=81 interval=(97077.858, 452601.654]; up=False down=False tail=False"
2026-09-19T02:30,R4,4,234af73a,A,y5_ap_od30_ownp80,a_out6_quintile,train,y_rate_q3,0.0825688,0.2000,"train labeled cuts; n=981 pos=81 interval=(452601.654, 1274415.418]; up=False down=False tail=False"
2026-09-19T02:30,R4,4,234af73a,A,y5_ap_od30_ownp80,a_out6_quintile,train,y_rate_q4,0.109072,0.2000,"train labeled cuts; n=981 pos=107 interval=(1274415.418, 4254456.872]; up=False down=False tail=False"
2026-09-19T02:30,R4,4,234af73a,A,y5_ap_od30_ownp80,a_out6_quintile,train,y_rate_q5,0.09684,0.2000,"train labeled cuts; n=981 pos=95 interval=(4254456.872, 17114407320.57]; up=False down=False tail=False"
2026-09-19T02:30,R4,4,234af73a,A,y5_ar_od30_sust,a_out6_quintile,train,y_rate_q1,0.0542986,0.2000,"train labeled cuts; n=663 pos=36 interval=(-28157774.900999997, 151264.498]; up=False down=False tail=False"
2026-09-19T02:30,R4,4,234af73a,A,y5_ar_od30_sust,a_out6_quintile,train,y_rate_q2,0.0784314,0.2000,"train labeled cuts; n=663 pos=52 interval=(151264.498, 514384.806]; up=False down=False tail=False"
2026-09-19T02:30,R4,4,234af73a,A,y5_ar_od30_sust,a_out6_quintile,train,y_rate_q3,0.0829563,0.2000,"train labeled cuts; n=663 pos=55 interval=(514384.806, 1369367.58]; up=False down=False tail=False"
2026-09-19T02:30,R4,4,234af73a,A,y5_ar_od30_sust,a_out6_quintile,train,y_rate_q4,0.0799397,0.2000,"train labeled cuts; n=663 pos=53 interval=(1369367.58, 4572547.922]; up=False down=False tail=False"
2026-09-19T02:30,R4,4,234af73a,A,y5_ar_od30_sust,a_out6_quintile,train,y_rate_q5,0.0618401,0.2000,"train labeled cuts; n=663 pos=41 interval=(4572547.922, 17114407320.57]; up=False down=False tail=False"
2026-09-19T02:30,R4,4,234af73a,A,y5_ap_od30_ownp80,log1p_a_in3_quintile,train,y_rate_q1,0.0662589,0.2000,"train labeled cuts; n=981 pos=65 interval=(-0.001, 10.696]; up=False down=False tail=False"
2026-09-19T02:30,R4,4,234af73a,A,y5_ap_od30_ownp80,log1p_a_in3_quintile,train,y_rate_q2,0.0846075,0.2000,"train labeled cuts; n=981 pos=83 interval=(10.696, 12.198]; up=False down=False tail=False"
2026-09-19T02:30,R4,4,234af73a,A,y5_ap_od30_ownp80,log1p_a_in3_quintile,train,y_rate_q3,0.069317,0.2000,"train labeled cuts; n=981 pos=68 interval=(12.198, 13.3]; up=False down=False tail=False"
2026-09-19T02:30,R4,4,234af73a,A,y5_ap_od30_ownp80,log1p_a_in3_quintile,train,y_rate_q4,0.108053,0.2000,"train labeled cuts; n=981 pos=106 interval=(13.3, 14.46]; up=False down=False tail=False"
2026-09-19T02:30,R4,4,234af73a,A,y5_ap_od30_ownp80,log1p_a_in3_quintile,train,y_rate_q5,0.0978593,0.2000,"train labeled cuts; n=981 pos=96 interval=(14.46, 22.713]; up=False down=False tail=False"
2026-09-19T02:30,R4,4,234af73a,A,y5_ar_od30_sust,log1p_a_in3_quintile,train,y_rate_q1,0.0723982,0.2000,"train labeled cuts; n=663 pos=48 interval=(-0.001, 11.262]; up=False down=False tail=False"
2026-09-19T02:30,R4,4,234af73a,A,y5_ar_od30_sust,log1p_a_in3_quintile,train,y_rate_q2,0.0618401,0.2000,"train labeled cuts; n=663 pos=41 interval=(11.262, 12.451]; up=False down=False tail=False"
2026-09-19T02:30,R4,4,234af73a,A,y5_ar_od30_sust,log1p_a_in3_quintile,train,y_rate_q3,0.0844646,0.2000,"train labeled cuts; n=663 pos=56 interval=(12.451, 13.474]; up=False down=False tail=False"
2026-09-19T02:30,R4,4,234af73a,A,y5_ar_od30_sust,log1p_a_in3_quintile,train,y_rate_q4,0.066365,0.2000,"train labeled cuts; n=663 pos=44 interval=(13.474, 14.609]; up=False down=False tail=False"
2026-09-19T02:30,R4,4,234af73a,A,y5_ar_od30_sust,log1p_a_in3_quintile,train,y_rate_q5,0.0723982,0.2000,"train labeled cuts; n=663 pos=48 interval=(14.609, 22.713]; up=False down=False tail=False"
2026-09-19T02:30,R4,4,234af73a,C,y5_ap_od30_ownp80,c_n_days_with_tx_quintile,train,y_rate_q1,0.0634921,0.2055,"train labeled cuts; n=1008 pos=64 interval=(-0.001, 8.0]; up=True down=False tail=False"
2026-09-19T02:30,R4,4,234af73a,C,y5_ap_od30_ownp80,c_n_days_with_tx_quintile,train,y_rate_q2,0.0836502,0.2145,"train labeled cuts; n=1052 pos=88 interval=(8.0, 14.0]; up=True down=False tail=False"
2026-09-19T02:30,R4,4,234af73a,C,y5_ap_od30_ownp80,c_n_days_with_tx_quintile,train,y_rate_q3,0.0895857,0.1821,"train labeled cuts; n=893 pos=80 interval=(14.0, 18.0]; up=True down=False tail=False"
2026-09-19T02:30,R4,4,234af73a,C,y5_ap_od30_ownp80,c_n_days_with_tx_quintile,train,y_rate_q4,0.0934489,0.2116,"train labeled cuts; n=1038 pos=97 interval=(18.0, 22.0]; up=True down=False tail=False"
2026-09-19T02:30,R4,4,234af73a,C,y5_ap_od30_ownp80,c_n_days_with_tx_quintile,train,y_rate_q5,0.0973742,0.1863,"train labeled cuts; n=914 pos=89 interval=(22.0, 31.0]; up=True down=False tail=False"
2026-09-19T02:30,R4,4,234af73a,C,y5_ar_od30_sust,c_n_days_with_tx_quintile,train,y_rate_q1,0.0509745,0.2012,"train labeled cuts; n=667 pos=34 interval=(-0.001, 10.0]; up=False down=False tail=False"
2026-09-19T02:30,R4,4,234af73a,C,y5_ar_od30_sust,c_n_days_with_tx_quintile,train,y_rate_q2,0.0752823,0.2404,"train labeled cuts; n=797 pos=60 interval=(10.0, 16.0]; up=False down=False tail=False"
2026-09-19T02:30,R4,4,234af73a,C,y5_ar_od30_sust,c_n_days_with_tx_quintile,train,y_rate_q3,0.0791269,0.2211,"train labeled cuts; n=733 pos=58 interval=(16.0, 20.0]; up=False down=False tail=False"
2026-09-19T02:30,R4,4,234af73a,C,y5_ar_od30_sust,c_n_days_with_tx_quintile,train,y_rate_q4,0.0634391,0.1807,"train labeled cuts; n=599 pos=38 interval=(20.0, 23.0]; up=False down=False tail=False"
2026-09-19T02:30,R4,4,234af73a,C,y5_ar_od30_sust,c_n_days_with_tx_quintile,train,y_rate_q5,0.0905588,0.1566,"train labeled cuts; n=519 pos=47 interval=(23.0, 31.0]; up=False down=False tail=False"
2026-09-19T02:30,R4,4,234af73a,A,y5_ap_od30_ownp80,a_io_ratio_quintile,train,y_rate_q1,0.0815494,0.2000,"train labeled cuts; n=981 pos=80 interval=(-1696.131, 0.489]; up=False down=False tail=False"
2026-09-19T02:30,R4,4,234af73a,A,y5_ap_od30_ownp80,a_io_ratio_quintile,train,y_rate_q2,0.0907238,0.2000,"train labeled cuts; n=981 pos=89 interval=(0.489, 0.901]; up=False down=False tail=False"
2026-09-19T02:30,R4,4,234af73a,A,y5_ap_od30_ownp80,a_io_ratio_quintile,train,y_rate_q3,0.0927625,0.2000,"train labeled cuts; n=981 pos=91 interval=(0.901, 1.124]; up=False down=False tail=False"
2026-09-19T02:30,R4,4,234af73a,A,y5_ap_od30_ownp80,a_io_ratio_quintile,train,y_rate_q4,0.0978593,0.2000,"train labeled cuts; n=981 pos=96 interval=(1.124, 1.871]; up=False down=False tail=False"
2026-09-19T02:30,R4,4,234af73a,A,y5_ap_od30_ownp80,a_io_ratio_quintile,train,y_rate_q5,0.0632008,0.2000,"train labeled cuts; n=981 pos=62 interval=(1.871, 3.0]; up=False down=False tail=False"
2026-09-19T02:30,R4,4,234af73a,A,y5_ar_od30_sust,a_io_ratio_quintile,train,y_rate_q1,0.0874811,0.2000,"train labeled cuts; n=663 pos=58 interval=(-1696.131, 0.564]; up=False down=False tail=False"
2026-09-19T02:30,R4,4,234af73a,A,y5_ar_od30_sust,a_io_ratio_quintile,train,y_rate_q2,0.0708899,0.2000,"train labeled cuts; n=663 pos=47 interval=(0.564, 0.92]; up=False down=False tail=False"
2026-09-19T02:30,R4,4,234af73a,A,y5_ar_od30_sust,a_io_ratio_quintile,train,y_rate_q3,0.0693816,0.2000,"train labeled cuts; n=663 pos=46 interval=(0.92, 1.126]; up=False down=False tail=False"
2026-09-19T02:30,R4,4,234af73a,A,y5_ar_od30_sust,a_io_ratio_quintile,train,y_rate_q4,0.0618401,0.2000,"train labeled cuts; n=663 pos=41 interval=(1.126, 1.818]; up=False down=False tail=False"
2026-09-19T02:30,R4,4,234af73a,A,y5_ar_od30_sust,a_io_ratio_quintile,train,y_rate_q5,0.0678733,0.2000,"train labeled cuts; n=663 pos=45 interval=(1.818, 3.0]; up=False down=False tail=False"
2026-09-19T02:30,R4,4,234af73a,H,y5_ap_od30_ownp80,h_group_size_quintile,train,y_rate_q1,0.100746,0.2186,"train labeled cuts; n=1072 pos=108 interval=(0.999, 4.0]; up=False down=False tail=False"
2026-09-19T02:30,R4,4,234af73a,H,y5_ap_od30_ownp80,h_group_size_quintile,train,y_rate_q2,0.116408,0.1839,"train labeled cuts; n=902 pos=105 interval=(4.0, 9.0]; up=False down=False tail=False"
2026-09-19T02:30,R4,4,234af73a,H,y5_ap_od30_ownp80,h_group_size_quintile,train,y_rate_q3,0.0950951,0.2037,"train labeled cuts; n=999 pos=95 interval=(9.0, 13.0]; up=False down=False tail=False"
2026-09-19T02:30,R4,4,234af73a,H,y5_ap_od30_ownp80,h_group_size_quintile,train,y_rate_q4,0.0757315,0.2369,"train labeled cuts; n=1162 pos=88 interval=(13.0, 18.0]; up=False down=False tail=False"
2026-09-19T02:30,R4,4,234af73a,H,y5_ap_od30_ownp80,h_group_size_quintile,train,y_rate_q5,0.0285714,0.1570,"train labeled cuts; n=770 pos=22 interval=(18.0, 22.0]; up=False down=False tail=False"
2026-09-19T02:30,R4,4,234af73a,H,y5_ar_od30_sust,h_group_size_quintile,train,y_rate_q1,0.056101,0.2151,"train labeled cuts; n=713 pos=40 interval=(0.999, 4.0]; up=False down=False tail=False"
2026-09-19T02:30,R4,4,234af73a,H,y5_ar_od30_sust,h_group_size_quintile,train,y_rate_q2,0.0598706,0.1864,"train labeled cuts; n=618 pos=37 interval=(4.0, 8.0]; up=False down=False tail=False"
2026-09-19T02:30,R4,4,234af73a,H,y5_ar_od30_sust,h_group_size_quintile,train,y_rate_q3,0.0847029,0.2386,"train labeled cuts; n=791 pos=67 interval=(8.0, 13.0]; up=False down=False tail=False"
2026-09-19T02:30,R4,4,234af73a,H,y5_ar_od30_sust,h_group_size_quintile,train,y_rate_q4,0.0693241,0.1741,"train labeled cuts; n=577 pos=40 interval=(13.0, 17.0]; up=False down=False tail=False"
2026-09-19T02:30,R4,4,234af73a,H,y5_ar_od30_sust,h_group_size_quintile,train,y_rate_q5,0.086039,0.1858,"train labeled cuts; n=616 pos=53 interval=(17.0, 22.0]; up=False down=False tail=False"
2026-09-19T02:30,R4,4,234af73a,D,y5_ap_od30_ownp80,d_tx_cp_share_quintile,train,y_rate_q1,0.0868233,0.2000,"train labeled cuts; n=979 pos=85 interval=(-0.001, 0.00587]; up=False down=False tail=False"
2026-09-19T02:30,R4,4,234af73a,D,y5_ap_od30_ownp80,d_tx_cp_share_quintile,train,y_rate_q2,0.122574,0.2000,"train labeled cuts; n=979 pos=120 interval=(0.00587, 0.147]; up=False down=False tail=False"
2026-09-19T02:30,R4,4,234af73a,D,y5_ap_od30_ownp80,d_tx_cp_share_quintile,train,y_rate_q3,0.095092,0.1998,"train labeled cuts; n=978 pos=93 interval=(0.147, 0.306]; up=False down=False tail=False"
2026-09-19T02:30,R4,4,234af73a,D,y5_ap_od30_ownp80,d_tx_cp_share_quintile,train,y_rate_q4,0.052094,0.2000,"train labeled cuts; n=979 pos=51 interval=(0.306, 0.466]; up=False down=False tail=False"
2026-09-19T02:30,R4,4,234af73a,D,y5_ap_od30_ownp80,d_tx_cp_share_quintile,train,y_rate_q5,0.0704801,0.2000,"train labeled cuts; n=979 pos=69 interval=(0.466, 0.963]; up=False down=False tail=False"
2026-09-19T02:30,R4,4,234af73a,D,y5_ar_od30_sust,d_tx_cp_share_quintile,train,y_rate_q1,0.128399,0.2001,"train labeled cuts; n=662 pos=85 interval=(-0.001, 0.00652]; up=False down=False tail=False"
2026-09-19T02:30,R4,4,234af73a,D,y5_ar_od30_sust,d_tx_cp_share_quintile,train,y_rate_q2,0.0605144,0.1998,"train labeled cuts; n=661 pos=40 interval=(0.00652, 0.164]; up=False down=False tail=False"
2026-09-19T02:30,R4,4,234af73a,D,y5_ar_od30_sust,d_tx_cp_share_quintile,train,y_rate_q3,0.0799397,0.2004,"train labeled cuts; n=663 pos=53 interval=(0.164, 0.338]; up=False down=False tail=False"
2026-09-19T02:30,R4,4,234af73a,D,y5_ar_od30_sust,d_tx_cp_share_quintile,train,y_rate_q4,0.0454545,0.1995,"train labeled cuts; n=660 pos=30 interval=(0.338, 0.482]; up=False down=False tail=False"
2026-09-19T02:30,R4,4,234af73a,D,y5_ar_od30_sust,d_tx_cp_share_quintile,train,y_rate_q5,0.0422961,0.2001,"train labeled cuts; n=662 pos=28 interval=(0.482, 0.955]; up=False down=False tail=False"
2026-09-19T02:30,R4,4,234af73a,A+D+C,y5_ap_od30_ownp80,y5_why_verdict,train,decision,1,1.0000,KEEP; trees=PARK; AP=CLOSE/unexplained_leftover; AR=KEEP/unexplained_leftover
2026-09-19T02:30,R4,4,234af73a,D,y5_ap_od30_ownp80,d_supp_hhi_tail_gt0975,train,y_rate,0.0273973,1.0000,Y4-shape tail; rest=0.08614620004141645; tail_auroc=0.49447530613899926; n=73 pos=2; never E
2026-09-19T02:30,R4,4,234af73a,D,y5_ar_od30_sust,d_cust_hhi_tail_gt0975,train,y_rate,0.0275482,1.0000,Y4-shape tail; rest=0.07700135685210312; tail_auroc=0.4636800002196179; n=363 pos=10; never E
2026-09-19T02:30,R4,4,234af73a,D,y5_ap_od30_ownp80,d_cust_hhi_tail_gt0975,train,y_rate,0.0782051,1.0000,Y4-shape tail; rest=0.08695652173913043; tail_auroc=0.4919181467847286; n=780 pos=61; never E
2026-09-19T02:30,R4,4,234af73a,-,y5_ap_od30_ownp80,y5_neither_cell,train,share_of_positives,0.651026,1.0000,neither low-io nor high HHI; n=222/341
2026-09-19T02:30,R4,4,234af73a,-,y5_ar_od30_sust,y5_neither_cell,train,share_of_positives,0.65285,1.0000,neither low-io nor high HHI; n=126/193
2026-09-19T02:30,R4,4,234af73a,H,y5_ap_od30_ownp80,single_h_group_size_size_T1,cv5_group,auroc,0.584635,1.0000,size residual; n=1635 pos=118 rate=0.07217125382262997
2026-09-19T02:30,R4,4,234af73a,C,y5_ap_od30_ownp80,single_c_n_days_with_tx_size_T1,cv5_group,auroc,0.443178,1.0000,size residual; n=1635 pos=118 rate=0.07217125382262997
2026-09-19T02:30,R4,4,234af73a,D,y5_ap_od30_ownp80,single_d_tx_cp_share_size_T1,cv5_group,auroc,0.536162,1.0000,size residual; n=1635 pos=118 rate=0.07217125382262997
2026-09-19T02:30,R4,4,234af73a,H,y5_ap_od30_ownp80,single_h_group_size_size_T2,cv5_group,auroc,0.568274,1.0000,size residual; n=1635 pos=132 rate=0.08073394495412844
2026-09-19T02:30,R4,4,234af73a,C,y5_ap_od30_ownp80,single_c_n_days_with_tx_size_T2,cv5_group,auroc,0.520989,1.0000,size residual; n=1635 pos=132 rate=0.08073394495412844
2026-09-19T02:30,R4,4,234af73a,D,y5_ap_od30_ownp80,single_d_tx_cp_share_size_T2,cv5_group,auroc,0.395229,1.0000,size residual; n=1635 pos=132 rate=0.08073394495412844
2026-09-19T02:30,R4,4,234af73a,H,y5_ap_od30_ownp80,single_h_group_size_size_T3,cv5_group,auroc,0.584071,1.0000,size residual; n=1635 pos=168 rate=0.10275229357798166
2026-09-19T02:30,R4,4,234af73a,C,y5_ap_od30_ownp80,single_c_n_days_with_tx_size_T3,cv5_group,auroc,0.530258,1.0000,size residual; n=1635 pos=168 rate=0.10275229357798166
2026-09-19T02:30,R4,4,234af73a,D,y5_ap_od30_ownp80,single_d_tx_cp_share_size_T3,cv5_group,auroc,0.550585,1.0000,size residual; n=1635 pos=168 rate=0.10275229357798166
2026-09-19T02:30,R4,4,234af73a,D,y5_ar_od30_sust,single_d_tx_cp_share_size_T1,cv5_group,auroc,0.583419,1.0000,size residual; n=1105 pos=80 rate=0.07239819004524888
2026-09-19T02:30,R4,4,234af73a,C,y5_ar_od30_sust,single_c_n_days_with_tx_size_T1,cv5_group,auroc,0.575194,1.0000,size residual; n=1105 pos=80 rate=0.07239819004524888
2026-09-19T02:30,R4,4,234af73a,H,y5_ar_od30_sust,single_h_group_size_size_T1,cv5_group,auroc,0.508798,1.0000,size residual; n=1105 pos=80 rate=0.07239819004524888
2026-09-19T02:30,R4,4,234af73a,D,y5_ar_od30_sust,single_d_tx_cp_share_size_T2,cv5_group,auroc,0.608622,1.0000,size residual; n=1105 pos=74 rate=0.0669683257918552
2026-09-19T02:30,R4,4,234af73a,C,y5_ar_od30_sust,single_c_n_days_with_tx_size_T2,cv5_group,auroc,0.461377,1.0000,size residual; n=1105 pos=74 rate=0.0669683257918552
2026-09-19T02:30,R4,4,234af73a,H,y5_ar_od30_sust,single_h_group_size_size_T2,cv5_group,auroc,0.590958,1.0000,size residual; n=1105 pos=74 rate=0.0669683257918552
2026-09-19T02:30,R4,4,234af73a,D,y5_ar_od30_sust,single_d_tx_cp_share_size_T3,cv5_group,auroc,0.620514,1.0000,size residual; n=1105 pos=83 rate=0.0751131221719457
2026-09-19T02:30,R4,4,234af73a,C,y5_ar_od30_sust,single_c_n_days_with_tx_size_T3,cv5_group,auroc,0.535501,1.0000,size residual; n=1105 pos=83 rate=0.0751131221719457
2026-09-19T02:30,R4,4,234af73a,H,y5_ar_od30_sust,single_h_group_size_size_T3,cv5_group,auroc,0.491589,1.0000,size residual; n=1105 pos=83 rate=0.0751131221719457
2026-09-19T02:30,R4,4,234af73a,D,y5_ap_od30_ownp80,single_d_supp_hhi_short,cv5_group,auroc,0.518803,1.0000,Q6 short so-far<12; lag=0; CV=0.5188±0.054; n_pos=142; never t3
2026-09-19T02:30,R4,4,234af73a,D,y5_ap_od30_ownp80,single_d_supp_hhi_lag1_short,cv5_group,auroc,0.525772,1.0000,Q6 short so-far<12; lag=1; CV=0.5258±0.059; n_pos=142; never t3
2026-09-19T02:30,R4,4,234af73a,A,y5_ap_od30_ownp80,single_a_io_ratio_short,cv5_group,auroc,0.492202,1.0000,Q6 short so-far<12; lag=0; CV=0.4922±0.030; n_pos=142; never t3
2026-09-19T02:30,R4,4,234af73a,A,y5_ap_od30_ownp80,single_a_io_ratio_lag1_short,cv5_group,auroc,0.463626,1.0000,Q6 short so-far<12; lag=1; CV=0.4636±0.036; n_pos=142; never t3
2026-09-19T02:30,R4,4,234af73a,H,y5_ap_od30_ownp80,single_h_group_size_short,cv5_group,auroc,0.619859,1.0000,Q6 short so-far<12; lag=0; CV=0.6199±0.091; n_pos=142; never t3
2026-09-19T02:30,R4,4,234af73a,H,y5_ap_od30_ownp80,single_h_group_size_lag1_short,cv5_group,auroc,0.619859,1.0000,Q6 short so-far<12; lag=1; CV=0.6199±0.091; n_pos=142; never t3
2026-09-19T02:30,R4,4,234af73a,D,y5_ar_od30_sust,single_d_cust_hhi_short,cv5_group,auroc,0.4268,1.0000,Q6 short so-far<12; lag=0; CV=0.4268±0.041; n_pos=75; never t3
2026-09-19T02:30,R4,4,234af73a,D,y5_ar_od30_sust,single_d_cust_hhi_lag1_short,cv5_group,auroc,0.465986,1.0000,Q6 short so-far<12; lag=1; CV=0.4660±0.093; n_pos=75; never t3
2026-09-19T02:30,R4,4,234af73a,A,y5_ar_od30_sust,single_a_io_ratio_short,cv5_group,auroc,0.552671,1.0000,Q6 short so-far<12; lag=0; CV=0.5527±0.172; n_pos=75; never t3
2026-09-19T02:30,R4,4,234af73a,A,y5_ar_od30_sust,single_a_io_ratio_lag1_short,cv5_group,auroc,0.439763,1.0000,Q6 short so-far<12; lag=1; CV=0.4398±0.170; n_pos=75; never t3
2026-09-19T02:30,R4,4,234af73a,D,y5_ar_od30_sust,single_d_tx_cp_share_short,cv5_group,auroc,0.445425,0.9957,Q6 short so-far<12; lag=0; CV=0.4454±0.110; n_pos=75; never t3
2026-09-19T02:30,R4,4,234af73a,D,y5_ar_od30_sust,single_d_tx_cp_share_lag1_short,cv5_group,auroc,0.430929,0.9965,Q6 short so-far<12; lag=1; CV=0.4309±0.094; n_pos=75; never t3
2026-09-19T02:30,R4,4,234af73a,-,y5_ap_od30_ownp80,y5_company_trait,train,spearman,-0.175282,1.0000,x=h_group_size; n_cos=446 ever_pos=171; med_x pos/neg=11.0/12.0
2026-09-19T02:30,R4,4,234af73a,-,y5_ar_od30_sust,y5_company_trait,train,spearman,-0.19357,1.0000,x=d_tx_cp_share; n_cos=331 ever_pos=115; med_x pos/neg=0.1733427034486452/0.2667322274455656
2026-09-19T02:30,R4,4,234af73a,-,y5_ap_od30_ownp80,y5_ap_ar_overlap,train,spearman,0.0631726,1.0000,both_pos=34 ap_only=243 ar_only=189
2026-09-19T02:30,R4,4,234af73a,D,y5_ar_od30_sust,d_tx_cp_share_vs_anycp,train,auroc_gap,0.113845,1.0000,presence_rewrite=False; intensity_dead=False; any_cp=0.4627; all=0.5765; cp>0=0.5799
2026-09-19T02:30,R4,4,234af73a,H,y5_ap_od30_ownp80,h_group_size_ge18,train,y_rate,0.0291262,1.0000,n=1236 pos=36; rest=0.10411556282365768; flag_auc=0.5906574335427279
2026-09-19T02:30,R4,4,234af73a,H,y5_ar_od30_sust,h_group_size_ge18,train,y_rate,0.086039,1.0000,n=616 pos=53; rest=0.06817339755464986; flag_auc=0.4796411445867364
2026-09-19T02:30,R4,4,234af73a,H,y5_ap_od30_ownp80,single_h_group_size_neither,cv5_group,auroc,0.544196,1.0000,neither leftover; n=2379 pos=222; CV=0.5442±0.107
2026-09-19T02:30,R4,4,234af73a,D,y5_ap_od30_ownp80,single_d_tx_cp_share_neither,cv5_group,auroc,0.542912,1.0000,neither leftover; n=2379 pos=222; CV=0.5429±0.053
2026-09-19T02:30,R4,4,234af73a,C,y5_ap_od30_ownp80,single_c_n_days_with_tx_neither,cv5_group,auroc,0.536738,1.0000,neither leftover; n=2379 pos=222; CV=0.5367±0.086
2026-09-19T02:30,R4,4,234af73a,H,y5_ar_od30_sust,single_h_group_size_neither,cv5_group,auroc,0.564464,1.0000,neither leftover; n=1636 pos=126; CV=0.5645±0.065
2026-09-19T02:30,R4,4,234af73a,D,y5_ar_od30_sust,single_d_tx_cp_share_neither,cv5_group,auroc,0.580854,1.0000,neither leftover; n=1636 pos=126; CV=0.5809±0.088
2026-09-19T02:30,R4,4,234af73a,C,y5_ar_od30_sust,single_c_n_days_with_tx_neither,cv5_group,auroc,0.55373,1.0000,neither leftover; n=1636 pos=126; CV=0.5537±0.142
2026-09-19T02:30,R4,4,234af73a,-,y5_ap_od30_ownp80,y5_cash_present_all_pos,train,share_days_gt0,0.990431,1.0000,n=418; in3_def=1.0; med_days=17.0; CLOSE missing-cash
2026-09-19T02:30,R4,4,234af73a,-,y5_ap_od30_ownp80,y5_cash_present_neither_pos,train,share_days_gt0,0.995495,1.0000,n=222; in3_def=1.0; med_days=18.0; CLOSE missing-cash
2026-09-19T02:30,R4,4,234af73a,-,y5_ar_od30_sust,y5_cash_present_all_pos,train,share_days_gt0,0.995781,1.0000,n=237; in3_def=1.0; med_days=18.0; CLOSE missing-cash
2026-09-19T02:30,R4,4,234af73a,-,y5_ar_od30_sust,y5_cash_present_neither_pos,train,share_days_gt0,1,1.0000,n=126; in3_def=1.0; med_days=19.0; CLOSE missing-cash
2026-09-19T02:30,R4,4,234af73a,D,y5_ar_od30_sust,y5_ar_tagging_hole,train,y_rate,0.173913,1.0000,tagging_hole=True; named=0.06340288924558588; thin=0.06606606606606606; med_n_cust=18.0
2026-09-19T02:30,R4,4,234af73a,D,y5_ap_od30_ownp80,y5_ap_tagging_hole,train,y_rate,0.109375,1.0000,tagging_hole_ap=False; named=0.10084033613445378; thin=0.0755287009063444; med_n_supp=30.0
2026-09-19T02:30,R4,4,234af73a,D,y5_ar_od30_sust,y5_ar_hole_vs_cash,train,y_rate,0.161538,1.0000,cash_independent=True; hole_cash=0.25; named_ok=0.07272727272727272; named_cash=0.038338658146964855
2026-09-19T02:30,R4,4,234af73a,D,y5_ar_od30_sust,y5_ar_hole_flag_hi_cust,cv5_group,auroc,0.568957,1.0000,hi_cust only; CV=0.5689567486292084±0.09630728843688455; n=1614 pos=143; ever_hole_cos=59/191 rate_ever=0.1444154715341156 rate_never=0.08980724662542844; holdout_hole n=54 pos=7 LOW_POWER
2026-09-19T02:30,R4,4,234af73a,D,y5_ar_od30_sust,y5_ar_hole_lag1_short,cv5_group,auroc,0.480432,1.0000,Q6 hole_lag1 so-far<12 CV=0.48043230378894125; long=0.5599284691045368; all=0.5416366453385048; never t3
2026-09-19T02:30,R4,4,234af73a,D,y5_ar_od30_sust,y5_ar_hole_pos_share,train,share_of_pos,0.270042,1.0000,hole_pos=64/237; n_cos=28 top1=0.078125 top3=0.234375 hhi=0.04638671875 fragile=False
2026-09-19T02:30,R4,4,234af73a,D,y5_ar_od30_sust,single_d_tx_cp_share_hi_cust,cv5_group,auroc,0.600344,1.0000,hi_cust CV; lo_cust=0.4656021659944861
2026-09-19T02:30,R4,4,234af73a,D,y5_ar_od30_sust,single_d_tx_cp_share_diff1,cv5_group,auroc,0.557996,1.0000,turning-month first difference; 1m only
2026-09-19T02:30,R4,4,234af73a,D,y5_ar_od30_sust,y5_ar_short_hole_rate,train,y_rate,0.115152,1.0000,short_named=0.05526315789473684; long_hole=0.3088235294117647; long_named=0.07326007326007326
2026-09-19T02:30,R4,4,234af73a,D,y5_ap_od30_ownp80,single_d_n_supp_ap_leftover,cv5_group,auroc,0.58399,1.0000,sizeAUC=0.799; park=True; gap=+0.028
2026-09-19T02:30,R4,4,234af73a,D,y5_ap_od30_ownp80,single_d_supp_top1_ap_leftover,cv5_group,auroc,0.529897,1.0000,sizeAUC=0.642; park=True; gap=-0.027
2026-09-19T02:30,R4,4,234af73a,D,y5_ap_od30_ownp80,single_d_supp_hhi_ap_leftover,cv5_group,auroc,0.538629,1.0000,sizeAUC=0.663; park=True; gap=-0.018
2026-09-19T02:30,R4,4,234af73a,D,y5_ar_od30_sust,d_tx_cp_share_vs_size,train,spearman,-0.0627567,1.0000,vs log1p_a_in3
2026-09-19T02:30,R4,4,234af73a,D,y5_ar_od30_sust,d_tx_cp_share_vs_size,train,spearman,-0.0814137,1.0000,vs h_group_size
2026-09-19T02:30,R4,4,234af73a,D,y5_ar_od30_sust,d_tx_cp_share_vs_size,train,spearman,0.0136532,1.0000,vs d_n_cust
2026-09-19T02:30,R4,4,234af73a,D,y5_ar_od30_sust,d_tx_cp_share_vs_size,train,spearman,-0.0498381,1.0000,vs c_n_days_with_tx
2026-09-19T02:30,R4,4,234af73a,D,y5_ar_od30_sust,y5_ar_hole_vs_E,train,spearman,0.105242,1.0000,leak_fail=False; max|ρ| vs E
2026-09-19T02:30,R4,4,234af73a,D,y5_ar_od30_sust,d_tx_cp_share_hi_cust_head,train,head_only,1,1.0000,n=1614 up=False down=False tail=False head=True
2026-09-19T02:30,R4,4,234af73a,D,y5_ar_od30_sust,y5_ar_hole_fold_range,train,rate_range,0.292793,1.0000,min=0.04054054054054054 max=0.3333333333333333
2026-09-19T02:30,R4,4,234af73a,D,y5_ar_od30_sust,y5_ar_hole_drop_heavy_fold,train,y_rate,0.0782609,1.0000,heavy=3 share_pos=0.859375; named=0.06962025316455696; cv_wo=0.5458733183428132; survives=False
2026-09-19T02:30,R4,4,234af73a,H+D,y5_ar_od30_sust,y5_ar_heavy_fold_who,train,n_companies,111,1.0000,med_group=13.0; med_share=0.06578947368421052; med_ncust=19.0; hole_month_share=0.23890462700661
2026-09-19T02:30,R4,4,234af73a,D,y5_ar_od30_sust,d_tx_cp_share_med_by_fold,train,median,0.274448,1.0000,fold=0 n=589 cos=81 share0=0.0730050933786078 rate=0.06621392190152801
2026-09-19T02:30,R4,4,234af73a,D,y5_ar_od30_sust,d_tx_cp_share_med_by_fold,train,median,0.469671,1.0000,fold=1 n=326 cos=47 share0=0.10429447852760736 rate=0.06441717791411043
2026-09-19T02:30,R4,4,234af73a,D,y5_ar_od30_sust,d_tx_cp_share_med_by_fold,train,median,0.198364,1.0000,fold=2 n=680 cos=73 share0=0.19558823529411765 rate=0.07058823529411765
2026-09-19T02:30,R4,4,234af73a,D,y5_ar_od30_sust,d_tx_cp_share_med_by_fold,train,median,0.0657895,1.0000,fold=3 n=1059 cos=111 share0=0.3323890462700661 rate=0.0906515580736544
2026-09-19T02:30,R4,4,234af73a,D,y5_ar_od30_sust,d_tx_cp_share_med_by_fold,train,median,0.360575,1.0000,fold=4 n=654 cos=81 share0=0.035168195718654434 rate=0.04892966360856269
2026-09-19T02:30,R4,4,234af73a,D,y5_ar_od30_sust,y5_ar_zero_hi_cust_by_fold,train,y_rate,0,1.0000,fold=0 n=17 pos=0
2026-09-19T02:30,R4,4,234af73a,D,y5_ar_od30_sust,y5_ar_zero_hi_cust_by_fold,train,y_rate,0.333333,1.0000,fold=1 n=6 pos=2
2026-09-19T02:30,R4,4,234af73a,D,y5_ar_od30_sust,y5_ar_zero_hi_cust_by_fold,train,y_rate,0.0333333,1.0000,fold=2 n=60 pos=2
2026-09-19T02:30,R4,4,234af73a,D,y5_ar_od30_sust,y5_ar_zero_hi_cust_by_fold,train,y_rate,0.251309,1.0000,fold=3 n=191 pos=48
2026-09-19T02:30,R4,4,234af73a,D,y5_ar_od30_sust,y5_ar_zero_hi_cust_by_fold,train,y_rate,0.166667,1.0000,fold=4 n=6 pos=1
2026-09-19T02:30,R4,4,234af73a,-,y5_ap_od30_ownp80,y5_ap_rate_fold_range,train,rate_range,0.0784288,1.0000,min=0.04424778761061947 max=0.12267657992565056
2026-09-19T02:30,R4,4,234af73a,-,y5_ap_od30_ownp80,y5_ap_neither_share_by_fold,train,share_of_pos,0.580645,1.0000,fold=0 neither=54/93
2026-09-19T02:30,R4,4,234af73a,-,y5_ap_od30_ownp80,y5_ap_neither_share_by_fold,train,share_of_pos,0.615385,1.0000,fold=1 neither=40/65
2026-09-19T02:30,R4,4,234af73a,-,y5_ap_od30_ownp80,y5_ap_neither_share_by_fold,train,share_of_pos,0.666667,1.0000,fold=2 neither=22/33
2026-09-19T02:30,R4,4,234af73a,-,y5_ap_od30_ownp80,y5_ap_neither_share_by_fold,train,share_of_pos,0.706422,1.0000,fold=3 neither=77/109
2026-09-19T02:30,R4,4,234af73a,-,y5_ap_od30_ownp80,y5_ap_neither_share_by_fold,train,share_of_pos,0.707317,1.0000,fold=4 neither=29/41
2026-09-19T02:30,R4,4,234af73a,-,y5_ar_od30_sust,y5_ar_neither_share_by_fold,train,share_of_pos,0.676471,1.0000,fold=0 neither=23/34
2026-09-19T02:30,R4,4,234af73a,-,y5_ar_od30_sust,y5_ar_neither_share_by_fold,train,share_of_pos,0.470588,1.0000,fold=1 neither=8/17
2026-09-19T02:30,R4,4,234af73a,-,y5_ar_od30_sust,y5_ar_neither_share_by_fold,train,share_of_pos,0.763158,1.0000,fold=2 neither=29/38
2026-09-19T02:30,R4,4,234af73a,-,y5_ar_od30_sust,y5_ar_neither_share_by_fold,train,share_of_pos,0.671233,1.0000,fold=3 neither=49/73
2026-09-19T02:30,R4,4,234af73a,-,y5_ar_od30_sust,y5_ar_neither_share_by_fold,train,share_of_pos,0.548387,1.0000,fold=4 neither=17/31
2026-09-19T02:30,R4,4,234af73a,D,y5_ar_od30_sust,y5_ar_hole_in_neither,train,share_of_pos,0.4375,1.0000,hole_pos=64 neither=28
2026-09-19T02:30,R4,4,234af73a,D,y5_ar_od30_sust,y5_ar_hole_pos_neither,train,n,28,1.0000,n=52 cash_only=11 hhi_only=8 both=5
2026-09-19T02:31,R4,4,234af73a,A-vs-D,y5_ap_od30_ownp80,y5_why_story,train,story,0.5,1.0000,unexplained_leftover; cash=0.239 hhi=0.145 neither=0.651; never E; no GBM
2026-09-19T02:31,R4,4,234af73a,A-vs-D,y5_ar_od30_sust,y5_why_story,train,story,0.5,1.0000,unexplained_leftover; cash=0.219 hhi=0.188 neither=0.653; never E; no GBM
2026-09-19T02:31,R4,4,234af73a,-,y5_ap_od30_ownp80,y5_why_y2_neg_2of3,train,share_of_positives,0.076555,1.0000,own-cut flag; n_hi=32 n_def=418 n_pos=418; train labeled only; never E
2026-09-19T02:31,R4,4,234af73a,-,y5_ap_od30_ownp80,y5_why_y4_ds_r_double,train,share_of_positives,0.15,0.1914,own-cut flag; n_hi=12 n_def=80 n_pos=418; train labeled only; never E
2026-09-19T02:31,R4,4,234af73a,-,y5_ap_od30_ownp80,y5_why_y9_fee_r_ownp80,train,share_of_positives,0.153247,0.9211,own-cut flag; n_hi=59 n_def=385 n_pos=418; train labeled only; never E
2026-09-19T02:31,R4,4,234af73a,A,y5_ap_od30_ownp80,y5_why_a_io_ratio_lo,train,share_of_positives,0.238961,0.9211,own-cut flag; n_hi=92 n_def=385 n_pos=418; train labeled only; never E
2026-09-19T02:31,R4,4,234af73a,D,y5_ap_od30_ownp80,y5_why_d_supp_hhi_hi,train,share_of_positives,0.144809,0.8756,own-cut flag; n_hi=53 n_def=366 n_pos=418; train labeled only; never E
2026-09-19T02:31,R4,4,234af73a,C,y5_ap_od30_ownp80,y5_why_c_gap_sd_hi,train,share_of_positives,0.17233,0.9856,own-cut flag; n_hi=71 n_def=412 n_pos=418; train labeled only; never E
2026-09-19T02:31,R4,4,234af73a,-,y5_ar_od30_sust,y5_why_y2_neg_2of3,train,share_of_positives,0.113924,1.0000,own-cut flag; n_hi=27 n_def=237 n_pos=237; train labeled only; never E
2026-09-19T02:31,R4,4,234af73a,-,y5_ar_od30_sust,y5_why_y4_ds_r_double,train,share_of_positives,0.0285714,0.1477,own-cut flag; n_hi=1 n_def=35 n_pos=237; train labeled only; never E
2026-09-19T02:31,R4,4,234af73a,-,y5_ar_od30_sust,y5_why_y9_fee_r_ownp80,train,share_of_positives,0.0982143,0.9451,own-cut flag; n_hi=22 n_def=224 n_pos=237; train labeled only; never E
2026-09-19T02:31,R4,4,234af73a,A,y5_ar_od30_sust,y5_why_a_io_ratio_lo,train,share_of_positives,0.21875,0.9451,own-cut flag; n_hi=49 n_def=224 n_pos=237; train labeled only; never E
2026-09-19T02:31,R4,4,234af73a,D,y5_ar_od30_sust,y5_why_d_cust_hhi_hi,train,share_of_positives,0.188119,0.8523,own-cut flag; n_hi=38 n_def=202 n_pos=237; train labeled only; never E
2026-09-19T02:31,R4,4,234af73a,C,y5_ar_od30_sust,y5_why_c_gap_sd_hi,train,share_of_positives,0.214592,0.9831,own-cut flag; n_hi=50 n_def=233 n_pos=237; train labeled only; never E
2026-09-19T02:31,R4,4,234af73a,D,y5_ap_od30_ownp80,single_d_supp_hhi,cv5_group,auroc,0.538629,0.9994,group-fold; sign from train fold; CV=0.5386±0.044; sign=-1; sizeAUC=0.663; size_park=True; never E; quote CV not holdout
2026-09-19T02:31,R4,4,234af73a,D,y5_ap_od30_ownp80,single_d_cust_hhi,cv5_group,auroc,0.438672,0.9093,group-fold; sign from train fold; CV=0.4387±0.095; sign=+1; sizeAUC=0.547; size_park=False; never E; quote CV not holdout
2026-09-19T02:31,R4,4,234af73a,A,y5_ap_od30_ownp80,single_a_out6,cv5_group,auroc,0.579587,1.0000,group-fold; sign from train fold; CV=0.5796±0.064; sign=+1; sizeAUC=0.903; size_park=True; never E; quote CV not holdout
2026-09-19T02:31,R4,4,234af73a,A,y5_ap_od30_ownp80,single_log1p_a_in3,cv5_group,auroc,0.556456,1.0000,group-fold; sign from train fold; CV=0.5565±0.086; sign=+1; sizeAUC=1.000; size_park=True; never E; quote CV not holdout
2026-09-19T02:31,R4,4,234af73a,C,y5_ap_od30_ownp80,single_c_n_days_with_tx,cv5_group,auroc,0.540118,1.0000,group-fold; sign from train fold; CV=0.5401±0.083; sign=+1; sizeAUC=0.763; size_park=True; never E; quote CV not holdout
2026-09-19T02:31,R4,4,234af73a,A,y5_ap_od30_ownp80,single_a_io_ratio,cv5_group,auroc,0.52526,1.0000,group-fold; sign from train fold; CV=0.5253±0.039; sign=-1; sizeAUC=0.569; size_park=False; never E; quote CV not holdout
2026-09-19T02:31,R4,4,234af73a,C,y5_ap_od30_ownp80,single_c_gap_sd,cv5_group,auroc,0.543824,0.9910,group-fold; sign from train fold; CV=0.5438±0.081; sign=-1; sizeAUC=0.765; size_park=True; never E; quote CV not holdout
2026-09-19T02:31,R4,4,234af73a,D,y5_ap_od30_ownp80,single_d_tx_cp_share,cv5_group,auroc,0.531531,0.9978,group-fold; sign from train fold; CV=0.5315±0.095; sign=-1; sizeAUC=0.540; size_park=False; never E; quote CV not holdout
2026-09-19T02:31,R4,4,234af73a,H,y5_ap_od30_ownp80,single_h_group_size,cv5_group,auroc,0.581498,1.0000,group-fold; sign from train fold; CV=0.5815±0.086; sign=-1; sizeAUC=0.517; size_park=False; never E; quote CV not holdout
2026-09-19T02:31,R4,4,234af73a,D,y5_ar_od30_sust,single_d_supp_hhi,cv5_group,auroc,0.544727,0.9982,group-fold; sign from train fold; CV=0.5447±0.063; sign=+1; sizeAUC=0.655; size_park=True; never E; quote CV not holdout
2026-09-19T02:31,R4,4,234af73a,D,y5_ar_od30_sust,single_d_cust_hhi,cv5_group,auroc,0.464421,0.9988,group-fold; sign from train fold; CV=0.4644±0.065; sign=-1; sizeAUC=0.548; size_park=False; never E; quote CV not holdout
2026-09-19T02:31,R4,4,234af73a,A,y5_ar_od30_sust,single_a_out6,cv5_group,auroc,0.465204,1.0000,group-fold; sign from train fold; CV=0.4652±0.036; sign=+1; sizeAUC=0.905; size_park=True; never E; quote CV not holdout
2026-09-19T02:31,R4,4,234af73a,A,y5_ar_od30_sust,single_log1p_a_in3,cv5_group,auroc,0.468577,1.0000,group-fold; sign from train fold; CV=0.4686±0.024; sign=+1; sizeAUC=1.000; size_park=True; never E; quote CV not holdout
2026-09-19T02:31,R4,4,234af73a,C,y5_ar_od30_sust,single_c_n_days_with_tx,cv5_group,auroc,0.532872,1.0000,group-fold; sign from train fold; CV=0.5329±0.080; sign=+1; sizeAUC=0.740; size_park=True; never E; quote CV not holdout
2026-09-19T02:31,R4,4,234af73a,A,y5_ar_od30_sust,single_a_io_ratio,cv5_group,auroc,0.485731,1.0000,group-fold; sign from train fold; CV=0.4857±0.091; sign=-1; sizeAUC=0.556; size_park=False; never E; quote CV not holdout
2026-09-19T02:31,R4,4,234af73a,C,y5_ar_od30_sust,single_c_gap_sd,cv5_group,auroc,0.53327,0.9913,group-fold; sign from train fold; CV=0.5333±0.109; sign=-1; sizeAUC=0.747; size_park=True; never E; quote CV not holdout
2026-09-19T02:31,R4,4,234af73a,D,y5_ar_od30_sust,single_d_tx_cp_share,cv5_group,auroc,0.576499,0.9979,group-fold; sign from train fold; CV=0.5765±0.079; sign=-1; sizeAUC=0.535; size_park=False; never E; quote CV not holdout
2026-09-19T02:31,R4,4,234af73a,H,y5_ar_od30_sust,single_h_group_size,cv5_group,auroc,0.457545,1.0000,group-fold; sign from train fold; CV=0.4575±0.070; sign=+1; sizeAUC=0.506; size_park=False; never E; quote CV not holdout
2026-09-19T02:31,R4,4,234af73a,D-vs-E,y5_ap_od30_ownp80,leak_d_supp_hhi,train,spearman_e_ap_overdue_30,0.121238,1.0000,"train any-Y5; pearson=0.1325276532746291; fail=False; E comparator only, not X"
2026-09-19T02:31,R4,4,234af73a,D-vs-E,y5_ap_od30_ownp80,leak_d_supp_hhi,train,spearman_e_ar_overdue_30,0.0615171,1.0000,"train any-Y5; pearson=0.04652101082422252; fail=False; E comparator only, not X"
2026-09-19T02:31,R4,4,234af73a,D-vs-E,y5_ap_od30_ownp80,leak_d_supp_hhi,train,spearman_e_delay_paid,-0.0378199,1.0000,"train any-Y5; pearson=0.05636887527045636; fail=False; E comparator only, not X"
2026-09-19T02:31,R4,4,234af73a,D-vs-E,y5_ap_od30_ownp80,leak_d_supp_hhi,train,spearman_e_delay_coll,0.0274505,1.0000,"train any-Y5; pearson=0.03947277424720859; fail=False; E comparator only, not X"
2026-09-19T02:31,R4,4,234af73a,D-vs-E,y5_ap_od30_ownp80,leak_d_cust_hhi,train,spearman_e_ap_overdue_30,0.0420147,1.0000,"train any-Y5; pearson=0.03228453101700624; fail=False; E comparator only, not X"
2026-09-19T02:31,R4,4,234af73a,D-vs-E,y5_ap_od30_ownp80,leak_d_cust_hhi,train,spearman_e_ar_overdue_30,0.117313,1.0000,"train any-Y5; pearson=0.09553603344096032; fail=False; E comparator only, not X"
2026-09-19T02:31,R4,4,234af73a,D-vs-E,y5_ap_od30_ownp80,leak_d_cust_hhi,train,spearman_e_delay_paid,0.0580314,1.0000,"train any-Y5; pearson=0.07819627387423152; fail=False; E comparator only, not X"
2026-09-19T02:31,R4,4,234af73a,D-vs-E,y5_ap_od30_ownp80,leak_d_cust_hhi,train,spearman_e_delay_coll,-0.140704,1.0000,"train any-Y5; pearson=-0.007960644829407764; fail=False; E comparator only, not X"
2026-09-19T02:31,R4,4,234af73a,A-vs-E,y5_ap_od30_ownp80,leak_a_out6,train,spearman_e_ap_overdue_30,-0.11935,1.0000,"train any-Y5; pearson=-0.007944322842623116; fail=False; E comparator only, not X"
2026-09-19T02:31,R4,4,234af73a,A-vs-E,y5_ap_od30_ownp80,leak_a_out6,train,spearman_e_ar_overdue_30,-0.0759857,1.0000,"train any-Y5; pearson=0.012230769468555506; fail=False; E comparator only, not X"
2026-09-19T02:31,R4,4,234af73a,A-vs-E,y5_ap_od30_ownp80,leak_a_out6,train,spearman_e_delay_paid,-0.119162,1.0000,"train any-Y5; pearson=0.029855977169877965; fail=False; E comparator only, not X"
2026-09-19T02:31,R4,4,234af73a,A-vs-E,y5_ap_od30_ownp80,leak_a_out6,train,spearman_e_delay_coll,-0.175364,1.0000,"train any-Y5; pearson=0.036080054637883656; fail=False; E comparator only, not X"
2026-09-19T02:31,R4,4,234af73a,L-vs-E,y5_ap_od30_ownp80,leak_log1p_a_in3,train,spearman_e_ap_overdue_30,-0.110309,1.0000,"train any-Y5; pearson=-0.13604836002901494; fail=False; E comparator only, not X"
2026-09-19T02:31,R4,4,234af73a,L-vs-E,y5_ap_od30_ownp80,leak_log1p_a_in3,train,spearman_e_ar_overdue_30,-0.096787,1.0000,"train any-Y5; pearson=-0.10063653272907722; fail=False; E comparator only, not X"
2026-09-19T02:31,R4,4,234af73a,L-vs-E,y5_ap_od30_ownp80,leak_log1p_a_in3,train,spearman_e_delay_paid,-0.0612183,1.0000,"train any-Y5; pearson=-0.03838774278148546; fail=False; E comparator only, not X"
2026-09-19T02:31,R4,4,234af73a,L-vs-E,y5_ap_od30_ownp80,leak_log1p_a_in3,train,spearman_e_delay_coll,-0.112696,1.0000,"train any-Y5; pearson=-0.06388109442096432; fail=False; E comparator only, not X"
2026-09-19T02:31,R4,4,234af73a,C-vs-E,y5_ap_od30_ownp80,leak_c_n_days_with_tx,train,spearman_e_ap_overdue_30,-0.0912656,1.0000,"train any-Y5; pearson=-0.11252327910945042; fail=False; E comparator only, not X"
2026-09-19T02:31,R4,4,234af73a,C-vs-E,y5_ap_od30_ownp80,leak_c_n_days_with_tx,train,spearman_e_ar_overdue_30,-0.0756312,1.0000,"train any-Y5; pearson=-0.0704679060583495; fail=False; E comparator only, not X"
2026-09-19T02:31,R4,4,234af73a,C-vs-E,y5_ap_od30_ownp80,leak_c_n_days_with_tx,train,spearman_e_delay_paid,-0.054343,1.0000,"train any-Y5; pearson=-0.13700333804285278; fail=False; E comparator only, not X"
2026-09-19T02:31,R4,4,234af73a,C-vs-E,y5_ap_od30_ownp80,leak_c_n_days_with_tx,train,spearman_e_delay_coll,-0.0718168,1.0000,"train any-Y5; pearson=-0.11857802917215707; fail=False; E comparator only, not X"
2026-09-19T02:31,R4,4,234af73a,A-vs-E,y5_ap_od30_ownp80,leak_a_io_ratio,train,spearman_e_ap_overdue_30,0.0194107,1.0000,"train any-Y5; pearson=-0.018499526507554112; fail=False; E comparator only, not X"
2026-09-19T02:31,R4,4,234af73a,A-vs-E,y5_ap_od30_ownp80,leak_a_io_ratio,train,spearman_e_ar_overdue_30,0.00538199,1.0000,"train any-Y5; pearson=-0.01671519470121732; fail=False; E comparator only, not X"
2026-09-19T02:31,R4,4,234af73a,A-vs-E,y5_ap_od30_ownp80,leak_a_io_ratio,train,spearman_e_delay_paid,0.103559,1.0000,"train any-Y5; pearson=0.008751293258410172; fail=False; E comparator only, not X"
2026-09-19T02:31,R4,4,234af73a,A-vs-E,y5_ap_od30_ownp80,leak_a_io_ratio,train,spearman_e_delay_coll,0.110561,1.0000,"train any-Y5; pearson=-0.05207647484063407; fail=False; E comparator only, not X"
2026-09-19T02:31,R4,4,234af73a,C-vs-E,y5_ap_od30_ownp80,leak_c_gap_sd,train,spearman_e_ap_overdue_30,0.0548958,1.0000,"train any-Y5; pearson=0.1453197869941648; fail=False; E comparator only, not X"
2026-09-19T02:31,R4,4,234af73a,C-vs-E,y5_ap_od30_ownp80,leak_c_gap_sd,train,spearman_e_ar_overdue_30,0.0548058,1.0000,"train any-Y5; pearson=0.10492096989718318; fail=False; E comparator only, not X"
2026-09-19T02:31,R4,4,234af73a,C-vs-E,y5_ap_od30_ownp80,leak_c_gap_sd,train,spearman_e_delay_paid,0.0430533,1.0000,"train any-Y5; pearson=0.11306630355405417; fail=False; E comparator only, not X"
2026-09-19T02:31,R4,4,234af73a,C-vs-E,y5_ap_od30_ownp80,leak_c_gap_sd,train,spearman_e_delay_coll,0.0597233,1.0000,"train any-Y5; pearson=0.09653013437624978; fail=False; E comparator only, not X"
2026-09-19T02:31,R4,4,234af73a,D-vs-E,y5_ap_od30_ownp80,leak_d_tx_cp_share,train,spearman_e_ap_overdue_30,-0.112642,1.0000,"train any-Y5; pearson=-0.06658708305331662; fail=False; E comparator only, not X"
2026-09-19T02:31,R4,4,234af73a,D-vs-E,y5_ap_od30_ownp80,leak_d_tx_cp_share,train,spearman_e_ar_overdue_30,-0.0743727,1.0000,"train any-Y5; pearson=-0.05578169216352441; fail=False; E comparator only, not X"
2026-09-19T02:31,R4,4,234af73a,D-vs-E,y5_ap_od30_ownp80,leak_d_tx_cp_share,train,spearman_e_delay_paid,-0.048256,1.0000,"train any-Y5; pearson=-0.005648608440880028; fail=False; E comparator only, not X"
2026-09-19T02:31,R4,4,234af73a,D-vs-E,y5_ap_od30_ownp80,leak_d_tx_cp_share,train,spearman_e_delay_coll,0.107058,1.0000,"train any-Y5; pearson=0.011585155648676172; fail=False; E comparator only, not X"
2026-09-19T02:31,R4,4,234af73a,H-vs-E,y5_ap_od30_ownp80,leak_h_group_size,train,spearman_e_ap_overdue_30,-0.0809422,1.0000,"train any-Y5; pearson=-0.05922313495757473; fail=False; E comparator only, not X"
2026-09-19T02:31,R4,4,234af73a,H-vs-E,y5_ap_od30_ownp80,leak_h_group_size,train,spearman_e_ar_overdue_30,-0.0367651,1.0000,"train any-Y5; pearson=-0.0412116746063871; fail=False; E comparator only, not X"
2026-09-19T02:31,R4,4,234af73a,H-vs-E,y5_ap_od30_ownp80,leak_h_group_size,train,spearman_e_delay_paid,-0.0112416,1.0000,"train any-Y5; pearson=0.007928806030105257; fail=False; E comparator only, not X"
2026-09-19T02:31,R4,4,234af73a,H-vs-E,y5_ap_od30_ownp80,leak_h_group_size,train,spearman_e_delay_coll,0.0235645,1.0000,"train any-Y5; pearson=-0.023517363967225164; fail=False; E comparator only, not X"
2026-09-19T02:31,R4,4,234af73a,-,y5_ap_od30_ownp80,y5_holdout_coverage,train,n_pos,14,1.0000,LOW_POWER; n=195 pos=14 cos=28 pos_cos=8; not an AUROC claim
2026-09-19T02:31,R4,4,234af73a,-,y5_ar_od30_sust,y5_holdout_coverage,train,n_pos,8,1.0000,LOW_POWER; n=165 pos=8 cos=23 pos_cos=5; not an AUROC claim
2026-09-19T02:31,R4,4,234af73a,-,y5_ap_delay_up15,y5_holdout_coverage,train,n_pos,8,1.0000,LOW_POWER; n=171 pos=8 cos=27 pos_cos=4; not an AUROC claim
2026-09-19T02:31,R4,4,234af73a,D,y5_ap_od30_ownp80,single_d_supp_hhi,cv5_group,auroc,0.538629,0.9994,Q6 honest 1m; lag=0; CV=0.5386±0.044; never t3; never E
2026-09-19T02:31,R4,4,234af73a,D,y5_ap_od30_ownp80,single_d_supp_hhi_lag1,cv5_group,auroc,0.549224,0.9994,Q6 honest 1m; lag=1; CV=0.5492±0.055; never t3; never E
2026-09-19T02:31,R4,4,234af73a,A,y5_ap_od30_ownp80,single_a_io_ratio,cv5_group,auroc,0.52526,1.0000,Q6 honest 1m; lag=0; CV=0.5253±0.039; never t3; never E
2026-09-19T02:31,R4,4,234af73a,A,y5_ap_od30_ownp80,single_a_io_ratio_lag1,cv5_group,auroc,0.527875,1.0000,Q6 honest 1m; lag=1; CV=0.5279±0.044; never t3; never E
2026-09-19T02:31,R4,4,234af73a,H,y5_ap_od30_ownp80,single_h_group_size,cv5_group,auroc,0.581498,1.0000,Q6 honest 1m; lag=0; CV=0.5815±0.086; never t3; never E
2026-09-19T02:31,R4,4,234af73a,H,y5_ap_od30_ownp80,single_h_group_size_lag1,cv5_group,auroc,0.581498,1.0000,Q6 honest 1m; lag=1; CV=0.5815±0.086; never t3; never E
2026-09-19T02:31,R4,4,234af73a,D,y5_ar_od30_sust,single_d_cust_hhi,cv5_group,auroc,0.464421,0.9988,Q6 honest 1m; lag=0; CV=0.4644±0.065; never t3; never E
2026-09-19T02:31,R4,4,234af73a,D,y5_ar_od30_sust,single_d_cust_hhi_lag1,cv5_group,auroc,0.46048,0.9985,Q6 honest 1m; lag=1; CV=0.4605±0.070; never t3; never E
2026-09-19T02:31,R4,4,234af73a,A,y5_ar_od30_sust,single_a_io_ratio,cv5_group,auroc,0.485731,1.0000,Q6 honest 1m; lag=0; CV=0.4857±0.091; never t3; never E
2026-09-19T02:31,R4,4,234af73a,A,y5_ar_od30_sust,single_a_io_ratio_lag1,cv5_group,auroc,0.482641,1.0000,Q6 honest 1m; lag=1; CV=0.4826±0.099; never t3; never E
2026-09-19T02:31,R4,4,234af73a,D,y5_ar_od30_sust,single_d_tx_cp_share,cv5_group,auroc,0.576499,0.9979,Q6 honest 1m; lag=0; CV=0.5765±0.079; never t3; never E
2026-09-19T02:31,R4,4,234af73a,D,y5_ar_od30_sust,single_d_tx_cp_share_lag1,cv5_group,auroc,0.562924,0.9979,Q6 honest 1m; lag=1; CV=0.5629±0.075; never t3; never E
2026-09-19T02:31,R4,4,234af73a,D,y5_ap_od30_ownp80,d_supp_hhi_quintile,train,y_rate_q1,0.09684,0.2001,"train labeled cuts; n=981 pos=95 interval=(0.00563, 0.117]; up=False down=False tail=False"
2026-09-19T02:31,R4,4,234af73a,D,y5_ap_od30_ownp80,d_supp_hhi_quintile,train,y_rate_q2,0.0928571,0.1999,"train labeled cuts; n=980 pos=91 interval=(0.117, 0.218]; up=False down=False tail=False"
2026-09-19T02:31,R4,4,234af73a,D,y5_ap_od30_ownp80,d_supp_hhi_quintile,train,y_rate_q3,0.0743381,0.2003,"train labeled cuts; n=982 pos=73 interval=(0.218, 0.342]; up=False down=False tail=False"
2026-09-19T02:31,R4,4,234af73a,D,y5_ap_od30_ownp80,d_supp_hhi_quintile,train,y_rate_q4,0.0838446,0.1995,"train labeled cuts; n=978 pos=82 interval=(0.342, 0.532]; up=False down=False tail=False"
2026-09-19T02:31,R4,4,234af73a,D,y5_ap_od30_ownp80,d_supp_hhi_quintile,train,y_rate_q5,0.0784913,0.2001,"train labeled cuts; n=981 pos=77 interval=(0.532, 1.0]; up=False down=False tail=False"
2026-09-19T02:31,R4,4,234af73a,D,y5_ar_od30_sust,d_supp_hhi_quintile,train,y_rate_q1,0.0558912,0.2001,"train labeled cuts; n=662 pos=37 interval=(0.011, 0.106]; up=False down=False tail=False"
2026-09-19T02:31,R4,4,234af73a,D,y5_ar_od30_sust,d_supp_hhi_quintile,train,y_rate_q2,0.0694864,0.2001,"train labeled cuts; n=662 pos=46 interval=(0.106, 0.191]; up=False down=False tail=False"
2026-09-19T02:31,R4,4,234af73a,D,y5_ar_od30_sust,d_supp_hhi_quintile,train,y_rate_q3,0.0786687,0.1998,"train labeled cuts; n=661 pos=52 interval=(0.191, 0.308]; up=False down=False tail=False"
2026-09-19T02:31,R4,4,234af73a,D,y5_ar_od30_sust,d_supp_hhi_quintile,train,y_rate_q4,0.0755287,0.2001,"train labeled cuts; n=662 pos=50 interval=(0.308, 0.504]; up=False down=False tail=False"
2026-09-19T02:31,R4,4,234af73a,D,y5_ar_od30_sust,d_supp_hhi_quintile,train,y_rate_q5,0.0770393,0.2001,"train labeled cuts; n=662 pos=51 interval=(0.504, 1.0]; up=False down=False tail=False"
2026-09-19T02:31,R4,4,234af73a,D,y5_ap_od30_ownp80,d_cust_hhi_quintile,train,y_rate_q1,0.0639013,0.2000,"train labeled cuts; n=892 pos=57 interval=(0.0017599999999999998, 0.129]; up=False down=False tail=False"
2026-09-19T02:31,R4,4,234af73a,D,y5_ap_od30_ownp80,d_cust_hhi_quintile,train,y_rate_q2,0.100897,0.2000,"train labeled cuts; n=892 pos=90 interval=(0.129, 0.318]; up=False down=False tail=False"
2026-09-19T02:31,R4,4,234af73a,D,y5_ap_od30_ownp80,d_cust_hhi_quintile,train,y_rate_q3,0.0975336,0.2000,"train labeled cuts; n=892 pos=87 interval=(0.318, 0.564]; up=False down=False tail=False"
2026-09-19T02:31,R4,4,234af73a,D,y5_ap_od30_ownp80,d_cust_hhi_quintile,train,y_rate_q4,0.0874439,0.2000,"train labeled cuts; n=892 pos=78 interval=(0.564, 0.945]; up=False down=False tail=False"
2026-09-19T02:31,R4,4,234af73a,D,y5_ap_od30_ownp80,d_cust_hhi_quintile,train,y_rate_q5,0.0773543,0.2000,"train labeled cuts; n=892 pos=69 interval=(0.945, 1.0]; up=False down=False tail=False"
2026-09-19T02:31,R4,4,234af73a,D,y5_ar_od30_sust,d_cust_hhi_quintile,train,y_rate_q1,0.0603318,0.2002,"train labeled cuts; n=663 pos=40 interval=(0.0017599999999999998, 0.108]; up=False down=False tail=False"
2026-09-19T02:31,R4,4,234af73a,D,y5_ar_od30_sust,d_cust_hhi_quintile,train,y_rate_q2,0.0861027,0.1999,"train labeled cuts; n=662 pos=57 interval=(0.108, 0.241]; up=False down=False tail=False"
2026-09-19T02:31,R4,4,234af73a,D,y5_ar_od30_sust,d_cust_hhi_quintile,train,y_rate_q3,0.0785498,0.1999,"train labeled cuts; n=662 pos=52 interval=(0.241, 0.442]; up=False down=False tail=False"
2026-09-19T02:31,R4,4,234af73a,D,y5_ar_od30_sust,d_cust_hhi_quintile,train,y_rate_q4,0.081571,0.1999,"train labeled cuts; n=662 pos=54 interval=(0.442, 0.784]; up=False down=False tail=False"
2026-09-19T02:31,R4,4,234af73a,D,y5_ar_od30_sust,d_cust_hhi_quintile,train,y_rate_q5,0.0513595,0.1999,"train labeled cuts; n=662 pos=34 interval=(0.784, 1.0]; up=False down=False tail=False"
2026-09-19T02:31,R4,4,234af73a,A,y5_ap_od30_ownp80,a_out6_quintile,train,y_rate_q1,0.0550459,0.2000,"train labeled cuts; n=981 pos=54 interval=(-28157774.900999997, 97077.858]; up=False down=False tail=False"
2026-09-19T02:31,R4,4,234af73a,A,y5_ap_od30_ownp80,a_out6_quintile,train,y_rate_q2,0.0825688,0.2000,"train labeled cuts; n=981 pos=81 interval=(97077.858, 452601.654]; up=False down=False tail=False"
2026-09-19T02:31,R4,4,234af73a,A,y5_ap_od30_ownp80,a_out6_quintile,train,y_rate_q3,0.0825688,0.2000,"train labeled cuts; n=981 pos=81 interval=(452601.654, 1274415.418]; up=False down=False tail=False"
2026-09-19T02:31,R4,4,234af73a,A,y5_ap_od30_ownp80,a_out6_quintile,train,y_rate_q4,0.109072,0.2000,"train labeled cuts; n=981 pos=107 interval=(1274415.418, 4254456.872]; up=False down=False tail=False"
2026-09-19T02:31,R4,4,234af73a,A,y5_ap_od30_ownp80,a_out6_quintile,train,y_rate_q5,0.09684,0.2000,"train labeled cuts; n=981 pos=95 interval=(4254456.872, 17114407320.57]; up=False down=False tail=False"
2026-09-19T02:31,R4,4,234af73a,A,y5_ar_od30_sust,a_out6_quintile,train,y_rate_q1,0.0542986,0.2000,"train labeled cuts; n=663 pos=36 interval=(-28157774.900999997, 151264.498]; up=False down=False tail=False"
2026-09-19T02:31,R4,4,234af73a,A,y5_ar_od30_sust,a_out6_quintile,train,y_rate_q2,0.0784314,0.2000,"train labeled cuts; n=663 pos=52 interval=(151264.498, 514384.806]; up=False down=False tail=False"
2026-09-19T02:31,R4,4,234af73a,A,y5_ar_od30_sust,a_out6_quintile,train,y_rate_q3,0.0829563,0.2000,"train labeled cuts; n=663 pos=55 interval=(514384.806, 1369367.58]; up=False down=False tail=False"
2026-09-19T02:31,R4,4,234af73a,A,y5_ar_od30_sust,a_out6_quintile,train,y_rate_q4,0.0799397,0.2000,"train labeled cuts; n=663 pos=53 interval=(1369367.58, 4572547.922]; up=False down=False tail=False"
2026-09-19T02:31,R4,4,234af73a,A,y5_ar_od30_sust,a_out6_quintile,train,y_rate_q5,0.0618401,0.2000,"train labeled cuts; n=663 pos=41 interval=(4572547.922, 17114407320.57]; up=False down=False tail=False"
2026-09-19T02:31,R4,4,234af73a,A,y5_ap_od30_ownp80,log1p_a_in3_quintile,train,y_rate_q1,0.0662589,0.2000,"train labeled cuts; n=981 pos=65 interval=(-0.001, 10.696]; up=False down=False tail=False"
2026-09-19T02:31,R4,4,234af73a,A,y5_ap_od30_ownp80,log1p_a_in3_quintile,train,y_rate_q2,0.0846075,0.2000,"train labeled cuts; n=981 pos=83 interval=(10.696, 12.198]; up=False down=False tail=False"
2026-09-19T02:31,R4,4,234af73a,A,y5_ap_od30_ownp80,log1p_a_in3_quintile,train,y_rate_q3,0.069317,0.2000,"train labeled cuts; n=981 pos=68 interval=(12.198, 13.3]; up=False down=False tail=False"
2026-09-19T02:31,R4,4,234af73a,A,y5_ap_od30_ownp80,log1p_a_in3_quintile,train,y_rate_q4,0.108053,0.2000,"train labeled cuts; n=981 pos=106 interval=(13.3, 14.46]; up=False down=False tail=False"
2026-09-19T02:31,R4,4,234af73a,A,y5_ap_od30_ownp80,log1p_a_in3_quintile,train,y_rate_q5,0.0978593,0.2000,"train labeled cuts; n=981 pos=96 interval=(14.46, 22.713]; up=False down=False tail=False"
2026-09-19T02:31,R4,4,234af73a,A,y5_ar_od30_sust,log1p_a_in3_quintile,train,y_rate_q1,0.0723982,0.2000,"train labeled cuts; n=663 pos=48 interval=(-0.001, 11.262]; up=False down=False tail=False"
2026-09-19T02:31,R4,4,234af73a,A,y5_ar_od30_sust,log1p_a_in3_quintile,train,y_rate_q2,0.0618401,0.2000,"train labeled cuts; n=663 pos=41 interval=(11.262, 12.451]; up=False down=False tail=False"
2026-09-19T02:31,R4,4,234af73a,A,y5_ar_od30_sust,log1p_a_in3_quintile,train,y_rate_q3,0.0844646,0.2000,"train labeled cuts; n=663 pos=56 interval=(12.451, 13.474]; up=False down=False tail=False"
2026-09-19T02:31,R4,4,234af73a,A,y5_ar_od30_sust,log1p_a_in3_quintile,train,y_rate_q4,0.066365,0.2000,"train labeled cuts; n=663 pos=44 interval=(13.474, 14.609]; up=False down=False tail=False"
2026-09-19T02:31,R4,4,234af73a,A,y5_ar_od30_sust,log1p_a_in3_quintile,train,y_rate_q5,0.0723982,0.2000,"train labeled cuts; n=663 pos=48 interval=(14.609, 22.713]; up=False down=False tail=False"
2026-09-19T02:31,R4,4,234af73a,C,y5_ap_od30_ownp80,c_n_days_with_tx_quintile,train,y_rate_q1,0.0634921,0.2055,"train labeled cuts; n=1008 pos=64 interval=(-0.001, 8.0]; up=True down=False tail=False"
2026-09-19T02:31,R4,4,234af73a,C,y5_ap_od30_ownp80,c_n_days_with_tx_quintile,train,y_rate_q2,0.0836502,0.2145,"train labeled cuts; n=1052 pos=88 interval=(8.0, 14.0]; up=True down=False tail=False"
2026-09-19T02:31,R4,4,234af73a,C,y5_ap_od30_ownp80,c_n_days_with_tx_quintile,train,y_rate_q3,0.0895857,0.1821,"train labeled cuts; n=893 pos=80 interval=(14.0, 18.0]; up=True down=False tail=False"
2026-09-19T02:31,R4,4,234af73a,C,y5_ap_od30_ownp80,c_n_days_with_tx_quintile,train,y_rate_q4,0.0934489,0.2116,"train labeled cuts; n=1038 pos=97 interval=(18.0, 22.0]; up=True down=False tail=False"
2026-09-19T02:31,R4,4,234af73a,C,y5_ap_od30_ownp80,c_n_days_with_tx_quintile,train,y_rate_q5,0.0973742,0.1863,"train labeled cuts; n=914 pos=89 interval=(22.0, 31.0]; up=True down=False tail=False"
2026-09-19T02:31,R4,4,234af73a,C,y5_ar_od30_sust,c_n_days_with_tx_quintile,train,y_rate_q1,0.0509745,0.2012,"train labeled cuts; n=667 pos=34 interval=(-0.001, 10.0]; up=False down=False tail=False"
2026-09-19T02:31,R4,4,234af73a,C,y5_ar_od30_sust,c_n_days_with_tx_quintile,train,y_rate_q2,0.0752823,0.2404,"train labeled cuts; n=797 pos=60 interval=(10.0, 16.0]; up=False down=False tail=False"
2026-09-19T02:31,R4,4,234af73a,C,y5_ar_od30_sust,c_n_days_with_tx_quintile,train,y_rate_q3,0.0791269,0.2211,"train labeled cuts; n=733 pos=58 interval=(16.0, 20.0]; up=False down=False tail=False"
2026-09-19T02:31,R4,4,234af73a,C,y5_ar_od30_sust,c_n_days_with_tx_quintile,train,y_rate_q4,0.0634391,0.1807,"train labeled cuts; n=599 pos=38 interval=(20.0, 23.0]; up=False down=False tail=False"
2026-09-19T02:31,R4,4,234af73a,C,y5_ar_od30_sust,c_n_days_with_tx_quintile,train,y_rate_q5,0.0905588,0.1566,"train labeled cuts; n=519 pos=47 interval=(23.0, 31.0]; up=False down=False tail=False"
2026-09-19T02:31,R4,4,234af73a,A,y5_ap_od30_ownp80,a_io_ratio_quintile,train,y_rate_q1,0.0815494,0.2000,"train labeled cuts; n=981 pos=80 interval=(-1696.131, 0.489]; up=False down=False tail=False"
2026-09-19T02:31,R4,4,234af73a,A,y5_ap_od30_ownp80,a_io_ratio_quintile,train,y_rate_q2,0.0907238,0.2000,"train labeled cuts; n=981 pos=89 interval=(0.489, 0.901]; up=False down=False tail=False"
2026-09-19T02:31,R4,4,234af73a,A,y5_ap_od30_ownp80,a_io_ratio_quintile,train,y_rate_q3,0.0927625,0.2000,"train labeled cuts; n=981 pos=91 interval=(0.901, 1.124]; up=False down=False tail=False"
2026-09-19T02:31,R4,4,234af73a,A,y5_ap_od30_ownp80,a_io_ratio_quintile,train,y_rate_q4,0.0978593,0.2000,"train labeled cuts; n=981 pos=96 interval=(1.124, 1.871]; up=False down=False tail=False"
2026-09-19T02:31,R4,4,234af73a,A,y5_ap_od30_ownp80,a_io_ratio_quintile,train,y_rate_q5,0.0632008,0.2000,"train labeled cuts; n=981 pos=62 interval=(1.871, 3.0]; up=False down=False tail=False"
2026-09-19T02:31,R4,4,234af73a,A,y5_ar_od30_sust,a_io_ratio_quintile,train,y_rate_q1,0.0874811,0.2000,"train labeled cuts; n=663 pos=58 interval=(-1696.131, 0.564]; up=False down=False tail=False"
2026-09-19T02:31,R4,4,234af73a,A,y5_ar_od30_sust,a_io_ratio_quintile,train,y_rate_q2,0.0708899,0.2000,"train labeled cuts; n=663 pos=47 interval=(0.564, 0.92]; up=False down=False tail=False"
2026-09-19T02:31,R4,4,234af73a,A,y5_ar_od30_sust,a_io_ratio_quintile,train,y_rate_q3,0.0693816,0.2000,"train labeled cuts; n=663 pos=46 interval=(0.92, 1.126]; up=False down=False tail=False"
2026-09-19T02:31,R4,4,234af73a,A,y5_ar_od30_sust,a_io_ratio_quintile,train,y_rate_q4,0.0618401,0.2000,"train labeled cuts; n=663 pos=41 interval=(1.126, 1.818]; up=False down=False tail=False"
2026-09-19T02:31,R4,4,234af73a,A,y5_ar_od30_sust,a_io_ratio_quintile,train,y_rate_q5,0.0678733,0.2000,"train labeled cuts; n=663 pos=45 interval=(1.818, 3.0]; up=False down=False tail=False"
2026-09-19T02:31,R4,4,234af73a,H,y5_ap_od30_ownp80,h_group_size_quintile,train,y_rate_q1,0.100746,0.2186,"train labeled cuts; n=1072 pos=108 interval=(0.999, 4.0]; up=False down=False tail=False"
2026-09-19T02:31,R4,4,234af73a,H,y5_ap_od30_ownp80,h_group_size_quintile,train,y_rate_q2,0.116408,0.1839,"train labeled cuts; n=902 pos=105 interval=(4.0, 9.0]; up=False down=False tail=False"
2026-09-19T02:31,R4,4,234af73a,H,y5_ap_od30_ownp80,h_group_size_quintile,train,y_rate_q3,0.0950951,0.2037,"train labeled cuts; n=999 pos=95 interval=(9.0, 13.0]; up=False down=False tail=False"
2026-09-19T02:31,R4,4,234af73a,H,y5_ap_od30_ownp80,h_group_size_quintile,train,y_rate_q4,0.0757315,0.2369,"train labeled cuts; n=1162 pos=88 interval=(13.0, 18.0]; up=False down=False tail=False"
2026-09-19T02:31,R4,4,234af73a,H,y5_ap_od30_ownp80,h_group_size_quintile,train,y_rate_q5,0.0285714,0.1570,"train labeled cuts; n=770 pos=22 interval=(18.0, 22.0]; up=False down=False tail=False"
2026-09-19T02:31,R4,4,234af73a,H,y5_ar_od30_sust,h_group_size_quintile,train,y_rate_q1,0.056101,0.2151,"train labeled cuts; n=713 pos=40 interval=(0.999, 4.0]; up=False down=False tail=False"
2026-09-19T02:31,R4,4,234af73a,H,y5_ar_od30_sust,h_group_size_quintile,train,y_rate_q2,0.0598706,0.1864,"train labeled cuts; n=618 pos=37 interval=(4.0, 8.0]; up=False down=False tail=False"
2026-09-19T02:31,R4,4,234af73a,H,y5_ar_od30_sust,h_group_size_quintile,train,y_rate_q3,0.0847029,0.2386,"train labeled cuts; n=791 pos=67 interval=(8.0, 13.0]; up=False down=False tail=False"
2026-09-19T02:31,R4,4,234af73a,H,y5_ar_od30_sust,h_group_size_quintile,train,y_rate_q4,0.0693241,0.1741,"train labeled cuts; n=577 pos=40 interval=(13.0, 17.0]; up=False down=False tail=False"
2026-09-19T02:31,R4,4,234af73a,H,y5_ar_od30_sust,h_group_size_quintile,train,y_rate_q5,0.086039,0.1858,"train labeled cuts; n=616 pos=53 interval=(17.0, 22.0]; up=False down=False tail=False"
2026-09-19T02:31,R4,4,234af73a,D,y5_ap_od30_ownp80,d_tx_cp_share_quintile,train,y_rate_q1,0.0868233,0.2000,"train labeled cuts; n=979 pos=85 interval=(-0.001, 0.00587]; up=False down=False tail=False"
2026-09-19T02:31,R4,4,234af73a,D,y5_ap_od30_ownp80,d_tx_cp_share_quintile,train,y_rate_q2,0.122574,0.2000,"train labeled cuts; n=979 pos=120 interval=(0.00587, 0.147]; up=False down=False tail=False"
2026-09-19T02:31,R4,4,234af73a,D,y5_ap_od30_ownp80,d_tx_cp_share_quintile,train,y_rate_q3,0.095092,0.1998,"train labeled cuts; n=978 pos=93 interval=(0.147, 0.306]; up=False down=False tail=False"
2026-09-19T02:31,R4,4,234af73a,D,y5_ap_od30_ownp80,d_tx_cp_share_quintile,train,y_rate_q4,0.052094,0.2000,"train labeled cuts; n=979 pos=51 interval=(0.306, 0.466]; up=False down=False tail=False"
2026-09-19T02:31,R4,4,234af73a,D,y5_ap_od30_ownp80,d_tx_cp_share_quintile,train,y_rate_q5,0.0704801,0.2000,"train labeled cuts; n=979 pos=69 interval=(0.466, 0.963]; up=False down=False tail=False"
2026-09-19T02:31,R4,4,234af73a,D,y5_ar_od30_sust,d_tx_cp_share_quintile,train,y_rate_q1,0.128399,0.2001,"train labeled cuts; n=662 pos=85 interval=(-0.001, 0.00652]; up=False down=False tail=False"
2026-09-19T02:31,R4,4,234af73a,D,y5_ar_od30_sust,d_tx_cp_share_quintile,train,y_rate_q2,0.0605144,0.1998,"train labeled cuts; n=661 pos=40 interval=(0.00652, 0.164]; up=False down=False tail=False"
2026-09-19T02:31,R4,4,234af73a,D,y5_ar_od30_sust,d_tx_cp_share_quintile,train,y_rate_q3,0.0799397,0.2004,"train labeled cuts; n=663 pos=53 interval=(0.164, 0.338]; up=False down=False tail=False"
2026-09-19T02:31,R4,4,234af73a,D,y5_ar_od30_sust,d_tx_cp_share_quintile,train,y_rate_q4,0.0454545,0.1995,"train labeled cuts; n=660 pos=30 interval=(0.338, 0.482]; up=False down=False tail=False"
2026-09-19T02:31,R4,4,234af73a,D,y5_ar_od30_sust,d_tx_cp_share_quintile,train,y_rate_q5,0.0422961,0.2001,"train labeled cuts; n=662 pos=28 interval=(0.482, 0.955]; up=False down=False tail=False"
2026-09-19T02:31,R4,4,234af73a,A+D+C,y5_ap_od30_ownp80,y5_why_verdict,train,decision,1,1.0000,KEEP; trees=PARK; AP=CLOSE/unexplained_leftover; AR=KEEP/unexplained_leftover
2026-09-19T02:31,R4,4,234af73a,D,y5_ap_od30_ownp80,d_supp_hhi_tail_gt0975,train,y_rate,0.0273973,1.0000,Y4-shape tail; rest=0.08614620004141645; tail_auroc=0.49447530613899926; n=73 pos=2; never E
2026-09-19T02:31,R4,4,234af73a,D,y5_ar_od30_sust,d_cust_hhi_tail_gt0975,train,y_rate,0.0275482,1.0000,Y4-shape tail; rest=0.07700135685210312; tail_auroc=0.4636800002196179; n=363 pos=10; never E
2026-09-19T02:31,R4,4,234af73a,D,y5_ap_od30_ownp80,d_cust_hhi_tail_gt0975,train,y_rate,0.0782051,1.0000,Y4-shape tail; rest=0.08695652173913043; tail_auroc=0.4919181467847286; n=780 pos=61; never E
2026-09-19T02:31,R4,4,234af73a,-,y5_ap_od30_ownp80,y5_neither_cell,train,share_of_positives,0.651026,1.0000,neither low-io nor high HHI; n=222/341
2026-09-19T02:31,R4,4,234af73a,-,y5_ar_od30_sust,y5_neither_cell,train,share_of_positives,0.65285,1.0000,neither low-io nor high HHI; n=126/193
2026-09-19T02:31,R4,4,234af73a,H,y5_ap_od30_ownp80,single_h_group_size_size_T1,cv5_group,auroc,0.584635,1.0000,size residual; n=1635 pos=118 rate=0.07217125382262997
2026-09-19T02:31,R4,4,234af73a,C,y5_ap_od30_ownp80,single_c_n_days_with_tx_size_T1,cv5_group,auroc,0.443178,1.0000,size residual; n=1635 pos=118 rate=0.07217125382262997
2026-09-19T02:31,R4,4,234af73a,D,y5_ap_od30_ownp80,single_d_tx_cp_share_size_T1,cv5_group,auroc,0.536162,1.0000,size residual; n=1635 pos=118 rate=0.07217125382262997
2026-09-19T02:31,R4,4,234af73a,H,y5_ap_od30_ownp80,single_h_group_size_size_T2,cv5_group,auroc,0.568274,1.0000,size residual; n=1635 pos=132 rate=0.08073394495412844
2026-09-19T02:31,R4,4,234af73a,C,y5_ap_od30_ownp80,single_c_n_days_with_tx_size_T2,cv5_group,auroc,0.520989,1.0000,size residual; n=1635 pos=132 rate=0.08073394495412844
2026-09-19T02:31,R4,4,234af73a,D,y5_ap_od30_ownp80,single_d_tx_cp_share_size_T2,cv5_group,auroc,0.395229,1.0000,size residual; n=1635 pos=132 rate=0.08073394495412844
2026-09-19T02:31,R4,4,234af73a,H,y5_ap_od30_ownp80,single_h_group_size_size_T3,cv5_group,auroc,0.584071,1.0000,size residual; n=1635 pos=168 rate=0.10275229357798166
2026-09-19T02:31,R4,4,234af73a,C,y5_ap_od30_ownp80,single_c_n_days_with_tx_size_T3,cv5_group,auroc,0.530258,1.0000,size residual; n=1635 pos=168 rate=0.10275229357798166
2026-09-19T02:31,R4,4,234af73a,D,y5_ap_od30_ownp80,single_d_tx_cp_share_size_T3,cv5_group,auroc,0.550585,1.0000,size residual; n=1635 pos=168 rate=0.10275229357798166
2026-09-19T02:31,R4,4,234af73a,D,y5_ar_od30_sust,single_d_tx_cp_share_size_T1,cv5_group,auroc,0.583419,1.0000,size residual; n=1105 pos=80 rate=0.07239819004524888
2026-09-19T02:31,R4,4,234af73a,C,y5_ar_od30_sust,single_c_n_days_with_tx_size_T1,cv5_group,auroc,0.575194,1.0000,size residual; n=1105 pos=80 rate=0.07239819004524888
2026-09-19T02:31,R4,4,234af73a,H,y5_ar_od30_sust,single_h_group_size_size_T1,cv5_group,auroc,0.508798,1.0000,size residual; n=1105 pos=80 rate=0.07239819004524888
2026-09-19T02:31,R4,4,234af73a,D,y5_ar_od30_sust,single_d_tx_cp_share_size_T2,cv5_group,auroc,0.608622,1.0000,size residual; n=1105 pos=74 rate=0.0669683257918552
2026-09-19T02:31,R4,4,234af73a,C,y5_ar_od30_sust,single_c_n_days_with_tx_size_T2,cv5_group,auroc,0.461377,1.0000,size residual; n=1105 pos=74 rate=0.0669683257918552
2026-09-19T02:31,R4,4,234af73a,H,y5_ar_od30_sust,single_h_group_size_size_T2,cv5_group,auroc,0.590958,1.0000,size residual; n=1105 pos=74 rate=0.0669683257918552
2026-09-19T02:31,R4,4,234af73a,D,y5_ar_od30_sust,single_d_tx_cp_share_size_T3,cv5_group,auroc,0.620514,1.0000,size residual; n=1105 pos=83 rate=0.0751131221719457
2026-09-19T02:31,R4,4,234af73a,C,y5_ar_od30_sust,single_c_n_days_with_tx_size_T3,cv5_group,auroc,0.535501,1.0000,size residual; n=1105 pos=83 rate=0.0751131221719457
2026-09-19T02:31,R4,4,234af73a,H,y5_ar_od30_sust,single_h_group_size_size_T3,cv5_group,auroc,0.491589,1.0000,size residual; n=1105 pos=83 rate=0.0751131221719457
2026-09-19T02:31,R4,4,234af73a,D,y5_ap_od30_ownp80,single_d_supp_hhi_short,cv5_group,auroc,0.518803,1.0000,Q6 short so-far<12; lag=0; CV=0.5188±0.054; n_pos=142; never t3
2026-09-19T02:31,R4,4,234af73a,D,y5_ap_od30_ownp80,single_d_supp_hhi_lag1_short,cv5_group,auroc,0.525772,1.0000,Q6 short so-far<12; lag=1; CV=0.5258±0.059; n_pos=142; never t3
2026-09-19T02:31,R4,4,234af73a,A,y5_ap_od30_ownp80,single_a_io_ratio_short,cv5_group,auroc,0.492202,1.0000,Q6 short so-far<12; lag=0; CV=0.4922±0.030; n_pos=142; never t3
2026-09-19T02:31,R4,4,234af73a,A,y5_ap_od30_ownp80,single_a_io_ratio_lag1_short,cv5_group,auroc,0.463626,1.0000,Q6 short so-far<12; lag=1; CV=0.4636±0.036; n_pos=142; never t3
2026-09-19T02:31,R4,4,234af73a,H,y5_ap_od30_ownp80,single_h_group_size_short,cv5_group,auroc,0.619859,1.0000,Q6 short so-far<12; lag=0; CV=0.6199±0.091; n_pos=142; never t3
2026-09-19T02:31,R4,4,234af73a,H,y5_ap_od30_ownp80,single_h_group_size_lag1_short,cv5_group,auroc,0.619859,1.0000,Q6 short so-far<12; lag=1; CV=0.6199±0.091; n_pos=142; never t3
2026-09-19T02:31,R4,4,234af73a,D,y5_ar_od30_sust,single_d_cust_hhi_short,cv5_group,auroc,0.4268,1.0000,Q6 short so-far<12; lag=0; CV=0.4268±0.041; n_pos=75; never t3
2026-09-19T02:31,R4,4,234af73a,D,y5_ar_od30_sust,single_d_cust_hhi_lag1_short,cv5_group,auroc,0.465986,1.0000,Q6 short so-far<12; lag=1; CV=0.4660±0.093; n_pos=75; never t3
2026-09-19T02:31,R4,4,234af73a,A,y5_ar_od30_sust,single_a_io_ratio_short,cv5_group,auroc,0.552671,1.0000,Q6 short so-far<12; lag=0; CV=0.5527±0.172; n_pos=75; never t3
2026-09-19T02:31,R4,4,234af73a,A,y5_ar_od30_sust,single_a_io_ratio_lag1_short,cv5_group,auroc,0.439763,1.0000,Q6 short so-far<12; lag=1; CV=0.4398±0.170; n_pos=75; never t3
2026-09-19T02:31,R4,4,234af73a,D,y5_ar_od30_sust,single_d_tx_cp_share_short,cv5_group,auroc,0.445425,0.9957,Q6 short so-far<12; lag=0; CV=0.4454±0.110; n_pos=75; never t3
2026-09-19T02:31,R4,4,234af73a,D,y5_ar_od30_sust,single_d_tx_cp_share_lag1_short,cv5_group,auroc,0.430929,0.9965,Q6 short so-far<12; lag=1; CV=0.4309±0.094; n_pos=75; never t3
2026-09-19T02:31,R4,4,234af73a,-,y5_ap_od30_ownp80,y5_company_trait,train,spearman,-0.175282,1.0000,x=h_group_size; n_cos=446 ever_pos=171; med_x pos/neg=11.0/12.0
2026-09-19T02:31,R4,4,234af73a,-,y5_ar_od30_sust,y5_company_trait,train,spearman,-0.19357,1.0000,x=d_tx_cp_share; n_cos=331 ever_pos=115; med_x pos/neg=0.1733427034486452/0.2667322274455656
2026-09-19T02:31,R4,4,234af73a,-,y5_ap_od30_ownp80,y5_ap_ar_overlap,train,spearman,0.0631726,1.0000,both_pos=34 ap_only=243 ar_only=189
2026-09-19T02:31,R4,4,234af73a,D,y5_ar_od30_sust,d_tx_cp_share_vs_anycp,train,auroc_gap,0.113845,1.0000,presence_rewrite=False; intensity_dead=False; any_cp=0.4627; all=0.5765; cp>0=0.5799
2026-09-19T02:31,R4,4,234af73a,H,y5_ap_od30_ownp80,h_group_size_ge18,train,y_rate,0.0291262,1.0000,n=1236 pos=36; rest=0.10411556282365768; flag_auc=0.5906574335427279
2026-09-19T02:31,R4,4,234af73a,H,y5_ar_od30_sust,h_group_size_ge18,train,y_rate,0.086039,1.0000,n=616 pos=53; rest=0.06817339755464986; flag_auc=0.4796411445867364
2026-09-19T02:31,R4,4,234af73a,H,y5_ap_od30_ownp80,single_h_group_size_neither,cv5_group,auroc,0.544196,1.0000,neither leftover; n=2379 pos=222; CV=0.5442±0.107
2026-09-19T02:31,R4,4,234af73a,D,y5_ap_od30_ownp80,single_d_tx_cp_share_neither,cv5_group,auroc,0.542912,1.0000,neither leftover; n=2379 pos=222; CV=0.5429±0.053
2026-09-19T02:31,R4,4,234af73a,C,y5_ap_od30_ownp80,single_c_n_days_with_tx_neither,cv5_group,auroc,0.536738,1.0000,neither leftover; n=2379 pos=222; CV=0.5367±0.086
2026-09-19T02:31,R4,4,234af73a,H,y5_ar_od30_sust,single_h_group_size_neither,cv5_group,auroc,0.564464,1.0000,neither leftover; n=1636 pos=126; CV=0.5645±0.065
2026-09-19T02:31,R4,4,234af73a,D,y5_ar_od30_sust,single_d_tx_cp_share_neither,cv5_group,auroc,0.580854,1.0000,neither leftover; n=1636 pos=126; CV=0.5809±0.088
2026-09-19T02:31,R4,4,234af73a,C,y5_ar_od30_sust,single_c_n_days_with_tx_neither,cv5_group,auroc,0.55373,1.0000,neither leftover; n=1636 pos=126; CV=0.5537±0.142
2026-09-19T02:31,R4,4,234af73a,-,y5_ap_od30_ownp80,y5_cash_present_all_pos,train,share_days_gt0,0.990431,1.0000,n=418; in3_def=1.0; med_days=17.0; CLOSE missing-cash
2026-09-19T02:31,R4,4,234af73a,-,y5_ap_od30_ownp80,y5_cash_present_neither_pos,train,share_days_gt0,0.995495,1.0000,n=222; in3_def=1.0; med_days=18.0; CLOSE missing-cash
2026-09-19T02:31,R4,4,234af73a,-,y5_ar_od30_sust,y5_cash_present_all_pos,train,share_days_gt0,0.995781,1.0000,n=237; in3_def=1.0; med_days=18.0; CLOSE missing-cash
2026-09-19T02:31,R4,4,234af73a,-,y5_ar_od30_sust,y5_cash_present_neither_pos,train,share_days_gt0,1,1.0000,n=126; in3_def=1.0; med_days=19.0; CLOSE missing-cash
2026-09-19T02:31,R4,4,234af73a,D,y5_ar_od30_sust,y5_ar_tagging_hole,train,y_rate,0.173913,1.0000,tagging_hole=True; named=0.06340288924558588; thin=0.06606606606606606; med_n_cust=18.0
2026-09-19T02:31,R4,4,234af73a,D,y5_ap_od30_ownp80,y5_ap_tagging_hole,train,y_rate,0.109375,1.0000,tagging_hole_ap=False; named=0.10084033613445378; thin=0.0755287009063444; med_n_supp=30.0
2026-09-19T02:31,R4,4,234af73a,D,y5_ar_od30_sust,y5_ar_hole_vs_cash,train,y_rate,0.161538,1.0000,cash_independent=True; hole_cash=0.25; named_ok=0.07272727272727272; named_cash=0.038338658146964855
2026-09-19T02:31,R4,4,234af73a,D,y5_ar_od30_sust,y5_ar_hole_flag_hi_cust,cv5_group,auroc,0.568957,1.0000,hi_cust only; CV=0.5689567486292084±0.09630728843688455; n=1614 pos=143; ever_hole_cos=59/191 rate_ever=0.1444154715341156 rate_never=0.08980724662542844; holdout_hole n=54 pos=7 LOW_POWER
2026-09-19T02:31,R4,4,234af73a,D,y5_ar_od30_sust,y5_ar_hole_lag1_short,cv5_group,auroc,0.480432,1.0000,Q6 hole_lag1 so-far<12 CV=0.48043230378894125; long=0.5599284691045368; all=0.5416366453385048; never t3
2026-09-19T02:31,R4,4,234af73a,D,y5_ar_od30_sust,y5_ar_hole_pos_share,train,share_of_pos,0.270042,1.0000,hole_pos=64/237; n_cos=28 top1=0.078125 top3=0.234375 hhi=0.04638671875 fragile=False
2026-09-19T02:31,R4,4,234af73a,D,y5_ar_od30_sust,single_d_tx_cp_share_hi_cust,cv5_group,auroc,0.600344,1.0000,hi_cust CV; lo_cust=0.4656021659944861
2026-09-19T02:31,R4,4,234af73a,D,y5_ar_od30_sust,single_d_tx_cp_share_diff1,cv5_group,auroc,0.557996,1.0000,turning-month first difference; 1m only
2026-09-19T02:31,R4,4,234af73a,D,y5_ar_od30_sust,y5_ar_short_hole_rate,train,y_rate,0.115152,1.0000,short_named=0.05526315789473684; long_hole=0.3088235294117647; long_named=0.07326007326007326
2026-09-19T02:31,R4,4,234af73a,D,y5_ap_od30_ownp80,single_d_n_supp_ap_leftover,cv5_group,auroc,0.58399,1.0000,sizeAUC=0.799; park=True; gap=+0.028
2026-09-19T02:31,R4,4,234af73a,D,y5_ap_od30_ownp80,single_d_supp_top1_ap_leftover,cv5_group,auroc,0.529897,1.0000,sizeAUC=0.642; park=True; gap=-0.027
2026-09-19T02:31,R4,4,234af73a,D,y5_ap_od30_ownp80,single_d_supp_hhi_ap_leftover,cv5_group,auroc,0.538629,1.0000,sizeAUC=0.663; park=True; gap=-0.018
2026-09-19T02:31,R4,4,234af73a,D,y5_ar_od30_sust,d_tx_cp_share_vs_size,train,spearman,-0.0627567,1.0000,vs log1p_a_in3
2026-09-19T02:31,R4,4,234af73a,D,y5_ar_od30_sust,d_tx_cp_share_vs_size,train,spearman,-0.0814137,1.0000,vs h_group_size
2026-09-19T02:31,R4,4,234af73a,D,y5_ar_od30_sust,d_tx_cp_share_vs_size,train,spearman,0.0136532,1.0000,vs d_n_cust
2026-09-19T02:31,R4,4,234af73a,D,y5_ar_od30_sust,d_tx_cp_share_vs_size,train,spearman,-0.0498381,1.0000,vs c_n_days_with_tx
2026-09-19T02:31,R4,4,234af73a,D,y5_ar_od30_sust,y5_ar_hole_vs_E,train,spearman,0.105242,1.0000,leak_fail=False; max|ρ| vs E
2026-09-19T02:31,R4,4,234af73a,D,y5_ar_od30_sust,d_tx_cp_share_hi_cust_head,train,head_only,1,1.0000,n=1614 up=False down=False tail=False head=True
2026-09-19T02:31,R4,4,234af73a,D,y5_ar_od30_sust,y5_ar_hole_fold_range,train,rate_range,0.292793,1.0000,min=0.04054054054054054 max=0.3333333333333333
2026-09-19T02:31,R4,4,234af73a,D,y5_ar_od30_sust,y5_ar_hole_drop_heavy_fold,train,y_rate,0.0782609,1.0000,heavy=3 share_pos=0.859375; named=0.06962025316455696; cv_wo=0.5458733183428132; survives=False
2026-09-19T02:31,R4,4,234af73a,H+D,y5_ar_od30_sust,y5_ar_heavy_fold_who,train,n_companies,111,1.0000,med_group=13.0; med_share=0.06578947368421052; med_ncust=19.0; hole_month_share=0.23890462700661
2026-09-19T02:31,R4,4,234af73a,D,y5_ar_od30_sust,d_tx_cp_share_med_by_fold,train,median,0.274448,1.0000,fold=0 n=589 cos=81 share0=0.0730050933786078 rate=0.06621392190152801
2026-09-19T02:31,R4,4,234af73a,D,y5_ar_od30_sust,d_tx_cp_share_med_by_fold,train,median,0.469671,1.0000,fold=1 n=326 cos=47 share0=0.10429447852760736 rate=0.06441717791411043
2026-09-19T02:31,R4,4,234af73a,D,y5_ar_od30_sust,d_tx_cp_share_med_by_fold,train,median,0.198364,1.0000,fold=2 n=680 cos=73 share0=0.19558823529411765 rate=0.07058823529411765
2026-09-19T02:31,R4,4,234af73a,D,y5_ar_od30_sust,d_tx_cp_share_med_by_fold,train,median,0.0657895,1.0000,fold=3 n=1059 cos=111 share0=0.3323890462700661 rate=0.0906515580736544
2026-09-19T02:31,R4,4,234af73a,D,y5_ar_od30_sust,d_tx_cp_share_med_by_fold,train,median,0.360575,1.0000,fold=4 n=654 cos=81 share0=0.035168195718654434 rate=0.04892966360856269
2026-09-19T02:31,R4,4,234af73a,D,y5_ar_od30_sust,y5_ar_zero_hi_cust_by_fold,train,y_rate,0,1.0000,fold=0 n=17 pos=0
2026-09-19T02:31,R4,4,234af73a,D,y5_ar_od30_sust,y5_ar_zero_hi_cust_by_fold,train,y_rate,0.333333,1.0000,fold=1 n=6 pos=2
2026-09-19T02:31,R4,4,234af73a,D,y5_ar_od30_sust,y5_ar_zero_hi_cust_by_fold,train,y_rate,0.0333333,1.0000,fold=2 n=60 pos=2
2026-09-19T02:31,R4,4,234af73a,D,y5_ar_od30_sust,y5_ar_zero_hi_cust_by_fold,train,y_rate,0.251309,1.0000,fold=3 n=191 pos=48
2026-09-19T02:31,R4,4,234af73a,D,y5_ar_od30_sust,y5_ar_zero_hi_cust_by_fold,train,y_rate,0.166667,1.0000,fold=4 n=6 pos=1
2026-09-19T02:31,R4,4,234af73a,-,y5_ap_od30_ownp80,y5_ap_rate_fold_range,train,rate_range,0.0784288,1.0000,min=0.04424778761061947 max=0.12267657992565056
2026-09-19T02:31,R4,4,234af73a,-,y5_ap_od30_ownp80,y5_ap_neither_share_by_fold,train,share_of_pos,0.580645,1.0000,fold=0 neither=54/93
2026-09-19T02:31,R4,4,234af73a,-,y5_ap_od30_ownp80,y5_ap_neither_share_by_fold,train,share_of_pos,0.615385,1.0000,fold=1 neither=40/65
2026-09-19T02:31,R4,4,234af73a,-,y5_ap_od30_ownp80,y5_ap_neither_share_by_fold,train,share_of_pos,0.666667,1.0000,fold=2 neither=22/33
2026-09-19T02:31,R4,4,234af73a,-,y5_ap_od30_ownp80,y5_ap_neither_share_by_fold,train,share_of_pos,0.706422,1.0000,fold=3 neither=77/109
2026-09-19T02:31,R4,4,234af73a,-,y5_ap_od30_ownp80,y5_ap_neither_share_by_fold,train,share_of_pos,0.707317,1.0000,fold=4 neither=29/41
2026-09-19T02:31,R4,4,234af73a,-,y5_ar_od30_sust,y5_ar_neither_share_by_fold,train,share_of_pos,0.676471,1.0000,fold=0 neither=23/34
2026-09-19T02:31,R4,4,234af73a,-,y5_ar_od30_sust,y5_ar_neither_share_by_fold,train,share_of_pos,0.470588,1.0000,fold=1 neither=8/17
2026-09-19T02:31,R4,4,234af73a,-,y5_ar_od30_sust,y5_ar_neither_share_by_fold,train,share_of_pos,0.763158,1.0000,fold=2 neither=29/38
2026-09-19T02:31,R4,4,234af73a,-,y5_ar_od30_sust,y5_ar_neither_share_by_fold,train,share_of_pos,0.671233,1.0000,fold=3 neither=49/73
2026-09-19T02:31,R4,4,234af73a,-,y5_ar_od30_sust,y5_ar_neither_share_by_fold,train,share_of_pos,0.548387,1.0000,fold=4 neither=17/31
2026-09-19T02:31,R4,4,234af73a,D,y5_ar_od30_sust,y5_ar_hole_in_neither,train,share_of_pos,0.4375,1.0000,hole_pos=64 neither=28
2026-09-19T02:31,R4,4,234af73a,D,y5_ar_od30_sust,y5_ar_hole_pos_neither,train,n,28,1.0000,n=52 cash_only=11 hhi_only=8 both=5
2026-09-19T02:31,R4,4,234af73a,-,y5_ar_od30_sust,y5_ar_so_far_by_fold,train,median,14,1.0000,fold=0 short=0.313758389261745 long=0.2684563758389262
2026-09-19T02:31,R4,4,234af73a,-,y5_ar_od30_sust,y5_ar_so_far_by_fold,train,median,13,1.0000,fold=1 short=0.39263803680981596 long=0.23006134969325154
2026-09-19T02:31,R4,4,234af73a,-,y5_ar_od30_sust,y5_ar_so_far_by_fold,train,median,14,1.0000,fold=2 short=0.34705882352941175 long=0.19558823529411765
2026-09-19T02:31,R4,4,234af73a,-,y5_ar_od30_sust,y5_ar_so_far_by_fold,train,median,14,1.0000,fold=3 short=0.34560906515580736 long=0.22946175637393768
2026-09-19T02:31,R4,4,234af73a,-,y5_ar_od30_sust,y5_ar_so_far_by_fold,train,median,13,1.0000,fold=4 short=0.3669724770642202 long=0.1636085626911315
2026-09-19T02:32,R4,4,234af73a,A-vs-D,y5_ap_od30_ownp80,y5_why_story,train,story,0.5,1.0000,unexplained_leftover; cash=0.239 hhi=0.145 neither=0.651; never E; no GBM
2026-09-19T02:32,R4,4,234af73a,A-vs-D,y5_ar_od30_sust,y5_why_story,train,story,0.5,1.0000,unexplained_leftover; cash=0.219 hhi=0.188 neither=0.653; never E; no GBM
2026-09-19T02:32,R4,4,234af73a,-,y5_ap_od30_ownp80,y5_why_y2_neg_2of3,train,share_of_positives,0.076555,1.0000,own-cut flag; n_hi=32 n_def=418 n_pos=418; train labeled only; never E
2026-09-19T02:32,R4,4,234af73a,-,y5_ap_od30_ownp80,y5_why_y4_ds_r_double,train,share_of_positives,0.15,0.1914,own-cut flag; n_hi=12 n_def=80 n_pos=418; train labeled only; never E
2026-09-19T02:32,R4,4,234af73a,-,y5_ap_od30_ownp80,y5_why_y9_fee_r_ownp80,train,share_of_positives,0.153247,0.9211,own-cut flag; n_hi=59 n_def=385 n_pos=418; train labeled only; never E
2026-09-19T02:32,R4,4,234af73a,A,y5_ap_od30_ownp80,y5_why_a_io_ratio_lo,train,share_of_positives,0.238961,0.9211,own-cut flag; n_hi=92 n_def=385 n_pos=418; train labeled only; never E
2026-09-19T02:32,R4,4,234af73a,D,y5_ap_od30_ownp80,y5_why_d_supp_hhi_hi,train,share_of_positives,0.144809,0.8756,own-cut flag; n_hi=53 n_def=366 n_pos=418; train labeled only; never E
2026-09-19T02:32,R4,4,234af73a,C,y5_ap_od30_ownp80,y5_why_c_gap_sd_hi,train,share_of_positives,0.17233,0.9856,own-cut flag; n_hi=71 n_def=412 n_pos=418; train labeled only; never E
2026-09-19T02:32,R4,4,234af73a,-,y5_ar_od30_sust,y5_why_y2_neg_2of3,train,share_of_positives,0.113924,1.0000,own-cut flag; n_hi=27 n_def=237 n_pos=237; train labeled only; never E
2026-09-19T02:32,R4,4,234af73a,-,y5_ar_od30_sust,y5_why_y4_ds_r_double,train,share_of_positives,0.0285714,0.1477,own-cut flag; n_hi=1 n_def=35 n_pos=237; train labeled only; never E
2026-09-19T02:32,R4,4,234af73a,-,y5_ar_od30_sust,y5_why_y9_fee_r_ownp80,train,share_of_positives,0.0982143,0.9451,own-cut flag; n_hi=22 n_def=224 n_pos=237; train labeled only; never E
2026-09-19T02:32,R4,4,234af73a,A,y5_ar_od30_sust,y5_why_a_io_ratio_lo,train,share_of_positives,0.21875,0.9451,own-cut flag; n_hi=49 n_def=224 n_pos=237; train labeled only; never E
2026-09-19T02:32,R4,4,234af73a,D,y5_ar_od30_sust,y5_why_d_cust_hhi_hi,train,share_of_positives,0.188119,0.8523,own-cut flag; n_hi=38 n_def=202 n_pos=237; train labeled only; never E
2026-09-19T02:32,R4,4,234af73a,C,y5_ar_od30_sust,y5_why_c_gap_sd_hi,train,share_of_positives,0.214592,0.9831,own-cut flag; n_hi=50 n_def=233 n_pos=237; train labeled only; never E
2026-09-19T02:32,R4,4,234af73a,D,y5_ap_od30_ownp80,single_d_supp_hhi,cv5_group,auroc,0.538629,0.9994,group-fold; sign from train fold; CV=0.5386±0.044; sign=-1; sizeAUC=0.663; size_park=True; never E; quote CV not holdout
2026-09-19T02:32,R4,4,234af73a,D,y5_ap_od30_ownp80,single_d_cust_hhi,cv5_group,auroc,0.438672,0.9093,group-fold; sign from train fold; CV=0.4387±0.095; sign=+1; sizeAUC=0.547; size_park=False; never E; quote CV not holdout
2026-09-19T02:32,R4,4,234af73a,A,y5_ap_od30_ownp80,single_a_out6,cv5_group,auroc,0.579587,1.0000,group-fold; sign from train fold; CV=0.5796±0.064; sign=+1; sizeAUC=0.903; size_park=True; never E; quote CV not holdout
2026-09-19T02:32,R4,4,234af73a,A,y5_ap_od30_ownp80,single_log1p_a_in3,cv5_group,auroc,0.556456,1.0000,group-fold; sign from train fold; CV=0.5565±0.086; sign=+1; sizeAUC=1.000; size_park=True; never E; quote CV not holdout
2026-09-19T02:32,R4,4,234af73a,C,y5_ap_od30_ownp80,single_c_n_days_with_tx,cv5_group,auroc,0.540118,1.0000,group-fold; sign from train fold; CV=0.5401±0.083; sign=+1; sizeAUC=0.763; size_park=True; never E; quote CV not holdout
2026-09-19T02:32,R4,4,234af73a,A,y5_ap_od30_ownp80,single_a_io_ratio,cv5_group,auroc,0.52526,1.0000,group-fold; sign from train fold; CV=0.5253±0.039; sign=-1; sizeAUC=0.569; size_park=False; never E; quote CV not holdout
2026-09-19T02:32,R4,4,234af73a,C,y5_ap_od30_ownp80,single_c_gap_sd,cv5_group,auroc,0.543824,0.9910,group-fold; sign from train fold; CV=0.5438±0.081; sign=-1; sizeAUC=0.765; size_park=True; never E; quote CV not holdout
2026-09-19T02:32,R4,4,234af73a,D,y5_ap_od30_ownp80,single_d_tx_cp_share,cv5_group,auroc,0.531531,0.9978,group-fold; sign from train fold; CV=0.5315±0.095; sign=-1; sizeAUC=0.540; size_park=False; never E; quote CV not holdout
2026-09-19T02:32,R4,4,234af73a,H,y5_ap_od30_ownp80,single_h_group_size,cv5_group,auroc,0.581498,1.0000,group-fold; sign from train fold; CV=0.5815±0.086; sign=-1; sizeAUC=0.517; size_park=False; never E; quote CV not holdout
2026-09-19T02:32,R4,4,234af73a,D,y5_ar_od30_sust,single_d_supp_hhi,cv5_group,auroc,0.544727,0.9982,group-fold; sign from train fold; CV=0.5447±0.063; sign=+1; sizeAUC=0.655; size_park=True; never E; quote CV not holdout
2026-09-19T02:32,R4,4,234af73a,D,y5_ar_od30_sust,single_d_cust_hhi,cv5_group,auroc,0.464421,0.9988,group-fold; sign from train fold; CV=0.4644±0.065; sign=-1; sizeAUC=0.548; size_park=False; never E; quote CV not holdout
2026-09-19T02:32,R4,4,234af73a,A,y5_ar_od30_sust,single_a_out6,cv5_group,auroc,0.465204,1.0000,group-fold; sign from train fold; CV=0.4652±0.036; sign=+1; sizeAUC=0.905; size_park=True; never E; quote CV not holdout
2026-09-19T02:32,R4,4,234af73a,A,y5_ar_od30_sust,single_log1p_a_in3,cv5_group,auroc,0.468577,1.0000,group-fold; sign from train fold; CV=0.4686±0.024; sign=+1; sizeAUC=1.000; size_park=True; never E; quote CV not holdout
2026-09-19T02:32,R4,4,234af73a,C,y5_ar_od30_sust,single_c_n_days_with_tx,cv5_group,auroc,0.532872,1.0000,group-fold; sign from train fold; CV=0.5329±0.080; sign=+1; sizeAUC=0.740; size_park=True; never E; quote CV not holdout
2026-09-19T02:32,R4,4,234af73a,A,y5_ar_od30_sust,single_a_io_ratio,cv5_group,auroc,0.485731,1.0000,group-fold; sign from train fold; CV=0.4857±0.091; sign=-1; sizeAUC=0.556; size_park=False; never E; quote CV not holdout
2026-09-19T02:32,R4,4,234af73a,C,y5_ar_od30_sust,single_c_gap_sd,cv5_group,auroc,0.53327,0.9913,group-fold; sign from train fold; CV=0.5333±0.109; sign=-1; sizeAUC=0.747; size_park=True; never E; quote CV not holdout
2026-09-19T02:32,R4,4,234af73a,D,y5_ar_od30_sust,single_d_tx_cp_share,cv5_group,auroc,0.576499,0.9979,group-fold; sign from train fold; CV=0.5765±0.079; sign=-1; sizeAUC=0.535; size_park=False; never E; quote CV not holdout
2026-09-19T02:32,R4,4,234af73a,H,y5_ar_od30_sust,single_h_group_size,cv5_group,auroc,0.457545,1.0000,group-fold; sign from train fold; CV=0.4575±0.070; sign=+1; sizeAUC=0.506; size_park=False; never E; quote CV not holdout
2026-09-19T02:32,R4,4,234af73a,D-vs-E,y5_ap_od30_ownp80,leak_d_supp_hhi,train,spearman_e_ap_overdue_30,0.121238,1.0000,"train any-Y5; pearson=0.1325276532746291; fail=False; E comparator only, not X"
2026-09-19T02:32,R4,4,234af73a,D-vs-E,y5_ap_od30_ownp80,leak_d_supp_hhi,train,spearman_e_ar_overdue_30,0.0615171,1.0000,"train any-Y5; pearson=0.04652101082422252; fail=False; E comparator only, not X"
2026-09-19T02:32,R4,4,234af73a,D-vs-E,y5_ap_od30_ownp80,leak_d_supp_hhi,train,spearman_e_delay_paid,-0.0378199,1.0000,"train any-Y5; pearson=0.05636887527045636; fail=False; E comparator only, not X"
2026-09-19T02:32,R4,4,234af73a,D-vs-E,y5_ap_od30_ownp80,leak_d_supp_hhi,train,spearman_e_delay_coll,0.0274505,1.0000,"train any-Y5; pearson=0.03947277424720859; fail=False; E comparator only, not X"
2026-09-19T02:32,R4,4,234af73a,D-vs-E,y5_ap_od30_ownp80,leak_d_cust_hhi,train,spearman_e_ap_overdue_30,0.0420147,1.0000,"train any-Y5; pearson=0.03228453101700624; fail=False; E comparator only, not X"
2026-09-19T02:32,R4,4,234af73a,D-vs-E,y5_ap_od30_ownp80,leak_d_cust_hhi,train,spearman_e_ar_overdue_30,0.117313,1.0000,"train any-Y5; pearson=0.09553603344096032; fail=False; E comparator only, not X"
2026-09-19T02:32,R4,4,234af73a,D-vs-E,y5_ap_od30_ownp80,leak_d_cust_hhi,train,spearman_e_delay_paid,0.0580314,1.0000,"train any-Y5; pearson=0.07819627387423152; fail=False; E comparator only, not X"
2026-09-19T02:32,R4,4,234af73a,D-vs-E,y5_ap_od30_ownp80,leak_d_cust_hhi,train,spearman_e_delay_coll,-0.140704,1.0000,"train any-Y5; pearson=-0.007960644829407764; fail=False; E comparator only, not X"
2026-09-19T02:32,R4,4,234af73a,A-vs-E,y5_ap_od30_ownp80,leak_a_out6,train,spearman_e_ap_overdue_30,-0.11935,1.0000,"train any-Y5; pearson=-0.007944322842623116; fail=False; E comparator only, not X"
2026-09-19T02:32,R4,4,234af73a,A-vs-E,y5_ap_od30_ownp80,leak_a_out6,train,spearman_e_ar_overdue_30,-0.0759857,1.0000,"train any-Y5; pearson=0.012230769468555506; fail=False; E comparator only, not X"
2026-09-19T02:32,R4,4,234af73a,A-vs-E,y5_ap_od30_ownp80,leak_a_out6,train,spearman_e_delay_paid,-0.119162,1.0000,"train any-Y5; pearson=0.029855977169877965; fail=False; E comparator only, not X"
2026-09-19T02:32,R4,4,234af73a,A-vs-E,y5_ap_od30_ownp80,leak_a_out6,train,spearman_e_delay_coll,-0.175364,1.0000,"train any-Y5; pearson=0.036080054637883656; fail=False; E comparator only, not X"
2026-09-19T02:32,R4,4,234af73a,L-vs-E,y5_ap_od30_ownp80,leak_log1p_a_in3,train,spearman_e_ap_overdue_30,-0.110309,1.0000,"train any-Y5; pearson=-0.13604836002901494; fail=False; E comparator only, not X"
2026-09-19T02:32,R4,4,234af73a,L-vs-E,y5_ap_od30_ownp80,leak_log1p_a_in3,train,spearman_e_ar_overdue_30,-0.096787,1.0000,"train any-Y5; pearson=-0.10063653272907722; fail=False; E comparator only, not X"
2026-09-19T02:32,R4,4,234af73a,L-vs-E,y5_ap_od30_ownp80,leak_log1p_a_in3,train,spearman_e_delay_paid,-0.0612183,1.0000,"train any-Y5; pearson=-0.03838774278148546; fail=False; E comparator only, not X"
2026-09-19T02:32,R4,4,234af73a,L-vs-E,y5_ap_od30_ownp80,leak_log1p_a_in3,train,spearman_e_delay_coll,-0.112696,1.0000,"train any-Y5; pearson=-0.06388109442096432; fail=False; E comparator only, not X"
2026-09-19T02:32,R4,4,234af73a,C-vs-E,y5_ap_od30_ownp80,leak_c_n_days_with_tx,train,spearman_e_ap_overdue_30,-0.0912656,1.0000,"train any-Y5; pearson=-0.11252327910945042; fail=False; E comparator only, not X"
2026-09-19T02:32,R4,4,234af73a,C-vs-E,y5_ap_od30_ownp80,leak_c_n_days_with_tx,train,spearman_e_ar_overdue_30,-0.0756312,1.0000,"train any-Y5; pearson=-0.0704679060583495; fail=False; E comparator only, not X"
2026-09-19T02:32,R4,4,234af73a,C-vs-E,y5_ap_od30_ownp80,leak_c_n_days_with_tx,train,spearman_e_delay_paid,-0.054343,1.0000,"train any-Y5; pearson=-0.13700333804285278; fail=False; E comparator only, not X"
2026-09-19T02:32,R4,4,234af73a,C-vs-E,y5_ap_od30_ownp80,leak_c_n_days_with_tx,train,spearman_e_delay_coll,-0.0718168,1.0000,"train any-Y5; pearson=-0.11857802917215707; fail=False; E comparator only, not X"
2026-09-19T02:32,R4,4,234af73a,A-vs-E,y5_ap_od30_ownp80,leak_a_io_ratio,train,spearman_e_ap_overdue_30,0.0194107,1.0000,"train any-Y5; pearson=-0.018499526507554112; fail=False; E comparator only, not X"
2026-09-19T02:32,R4,4,234af73a,A-vs-E,y5_ap_od30_ownp80,leak_a_io_ratio,train,spearman_e_ar_overdue_30,0.00538199,1.0000,"train any-Y5; pearson=-0.01671519470121732; fail=False; E comparator only, not X"
2026-09-19T02:32,R4,4,234af73a,A-vs-E,y5_ap_od30_ownp80,leak_a_io_ratio,train,spearman_e_delay_paid,0.103559,1.0000,"train any-Y5; pearson=0.008751293258410172; fail=False; E comparator only, not X"
2026-09-19T02:32,R4,4,234af73a,A-vs-E,y5_ap_od30_ownp80,leak_a_io_ratio,train,spearman_e_delay_coll,0.110561,1.0000,"train any-Y5; pearson=-0.05207647484063407; fail=False; E comparator only, not X"
2026-09-19T02:32,R4,4,234af73a,C-vs-E,y5_ap_od30_ownp80,leak_c_gap_sd,train,spearman_e_ap_overdue_30,0.0548958,1.0000,"train any-Y5; pearson=0.1453197869941648; fail=False; E comparator only, not X"
2026-09-19T02:32,R4,4,234af73a,C-vs-E,y5_ap_od30_ownp80,leak_c_gap_sd,train,spearman_e_ar_overdue_30,0.0548058,1.0000,"train any-Y5; pearson=0.10492096989718318; fail=False; E comparator only, not X"
2026-09-19T02:32,R4,4,234af73a,C-vs-E,y5_ap_od30_ownp80,leak_c_gap_sd,train,spearman_e_delay_paid,0.0430533,1.0000,"train any-Y5; pearson=0.11306630355405417; fail=False; E comparator only, not X"
2026-09-19T02:32,R4,4,234af73a,C-vs-E,y5_ap_od30_ownp80,leak_c_gap_sd,train,spearman_e_delay_coll,0.0597233,1.0000,"train any-Y5; pearson=0.09653013437624978; fail=False; E comparator only, not X"
2026-09-19T02:32,R4,4,234af73a,D-vs-E,y5_ap_od30_ownp80,leak_d_tx_cp_share,train,spearman_e_ap_overdue_30,-0.112642,1.0000,"train any-Y5; pearson=-0.06658708305331662; fail=False; E comparator only, not X"
2026-09-19T02:32,R4,4,234af73a,D-vs-E,y5_ap_od30_ownp80,leak_d_tx_cp_share,train,spearman_e_ar_overdue_30,-0.0743727,1.0000,"train any-Y5; pearson=-0.05578169216352441; fail=False; E comparator only, not X"
2026-09-19T02:32,R4,4,234af73a,D-vs-E,y5_ap_od30_ownp80,leak_d_tx_cp_share,train,spearman_e_delay_paid,-0.048256,1.0000,"train any-Y5; pearson=-0.005648608440880028; fail=False; E comparator only, not X"
2026-09-19T02:32,R4,4,234af73a,D-vs-E,y5_ap_od30_ownp80,leak_d_tx_cp_share,train,spearman_e_delay_coll,0.107058,1.0000,"train any-Y5; pearson=0.011585155648676172; fail=False; E comparator only, not X"
2026-09-19T02:32,R4,4,234af73a,H-vs-E,y5_ap_od30_ownp80,leak_h_group_size,train,spearman_e_ap_overdue_30,-0.0809422,1.0000,"train any-Y5; pearson=-0.05922313495757473; fail=False; E comparator only, not X"
2026-09-19T02:32,R4,4,234af73a,H-vs-E,y5_ap_od30_ownp80,leak_h_group_size,train,spearman_e_ar_overdue_30,-0.0367651,1.0000,"train any-Y5; pearson=-0.0412116746063871; fail=False; E comparator only, not X"
2026-09-19T02:32,R4,4,234af73a,H-vs-E,y5_ap_od30_ownp80,leak_h_group_size,train,spearman_e_delay_paid,-0.0112416,1.0000,"train any-Y5; pearson=0.007928806030105257; fail=False; E comparator only, not X"
2026-09-19T02:32,R4,4,234af73a,H-vs-E,y5_ap_od30_ownp80,leak_h_group_size,train,spearman_e_delay_coll,0.0235645,1.0000,"train any-Y5; pearson=-0.023517363967225164; fail=False; E comparator only, not X"
2026-09-19T02:32,R4,4,234af73a,-,y5_ap_od30_ownp80,y5_holdout_coverage,train,n_pos,14,1.0000,LOW_POWER; n=195 pos=14 cos=28 pos_cos=8; not an AUROC claim
2026-09-19T02:32,R4,4,234af73a,-,y5_ar_od30_sust,y5_holdout_coverage,train,n_pos,8,1.0000,LOW_POWER; n=165 pos=8 cos=23 pos_cos=5; not an AUROC claim
2026-09-19T02:32,R4,4,234af73a,-,y5_ap_delay_up15,y5_holdout_coverage,train,n_pos,8,1.0000,LOW_POWER; n=171 pos=8 cos=27 pos_cos=4; not an AUROC claim
2026-09-19T02:32,R4,4,234af73a,D,y5_ap_od30_ownp80,single_d_supp_hhi,cv5_group,auroc,0.538629,0.9994,Q6 honest 1m; lag=0; CV=0.5386±0.044; never t3; never E
2026-09-19T02:32,R4,4,234af73a,D,y5_ap_od30_ownp80,single_d_supp_hhi_lag1,cv5_group,auroc,0.549224,0.9994,Q6 honest 1m; lag=1; CV=0.5492±0.055; never t3; never E
2026-09-19T02:32,R4,4,234af73a,A,y5_ap_od30_ownp80,single_a_io_ratio,cv5_group,auroc,0.52526,1.0000,Q6 honest 1m; lag=0; CV=0.5253±0.039; never t3; never E
2026-09-19T02:32,R4,4,234af73a,A,y5_ap_od30_ownp80,single_a_io_ratio_lag1,cv5_group,auroc,0.527875,1.0000,Q6 honest 1m; lag=1; CV=0.5279±0.044; never t3; never E
2026-09-19T02:32,R4,4,234af73a,H,y5_ap_od30_ownp80,single_h_group_size,cv5_group,auroc,0.581498,1.0000,Q6 honest 1m; lag=0; CV=0.5815±0.086; never t3; never E
2026-09-19T02:32,R4,4,234af73a,H,y5_ap_od30_ownp80,single_h_group_size_lag1,cv5_group,auroc,0.581498,1.0000,Q6 honest 1m; lag=1; CV=0.5815±0.086; never t3; never E
2026-09-19T02:32,R4,4,234af73a,D,y5_ar_od30_sust,single_d_cust_hhi,cv5_group,auroc,0.464421,0.9988,Q6 honest 1m; lag=0; CV=0.4644±0.065; never t3; never E
2026-09-19T02:32,R4,4,234af73a,D,y5_ar_od30_sust,single_d_cust_hhi_lag1,cv5_group,auroc,0.46048,0.9985,Q6 honest 1m; lag=1; CV=0.4605±0.070; never t3; never E
2026-09-19T02:32,R4,4,234af73a,A,y5_ar_od30_sust,single_a_io_ratio,cv5_group,auroc,0.485731,1.0000,Q6 honest 1m; lag=0; CV=0.4857±0.091; never t3; never E
2026-09-19T02:32,R4,4,234af73a,A,y5_ar_od30_sust,single_a_io_ratio_lag1,cv5_group,auroc,0.482641,1.0000,Q6 honest 1m; lag=1; CV=0.4826±0.099; never t3; never E
2026-09-19T02:32,R4,4,234af73a,D,y5_ar_od30_sust,single_d_tx_cp_share,cv5_group,auroc,0.576499,0.9979,Q6 honest 1m; lag=0; CV=0.5765±0.079; never t3; never E
2026-09-19T02:32,R4,4,234af73a,D,y5_ar_od30_sust,single_d_tx_cp_share_lag1,cv5_group,auroc,0.562924,0.9979,Q6 honest 1m; lag=1; CV=0.5629±0.075; never t3; never E
2026-09-19T02:32,R4,4,234af73a,D,y5_ap_od30_ownp80,d_supp_hhi_quintile,train,y_rate_q1,0.09684,0.2001,"train labeled cuts; n=981 pos=95 interval=(0.00563, 0.117]; up=False down=False tail=False"
2026-09-19T02:32,R4,4,234af73a,D,y5_ap_od30_ownp80,d_supp_hhi_quintile,train,y_rate_q2,0.0928571,0.1999,"train labeled cuts; n=980 pos=91 interval=(0.117, 0.218]; up=False down=False tail=False"
2026-09-19T02:32,R4,4,234af73a,D,y5_ap_od30_ownp80,d_supp_hhi_quintile,train,y_rate_q3,0.0743381,0.2003,"train labeled cuts; n=982 pos=73 interval=(0.218, 0.342]; up=False down=False tail=False"
2026-09-19T02:32,R4,4,234af73a,D,y5_ap_od30_ownp80,d_supp_hhi_quintile,train,y_rate_q4,0.0838446,0.1995,"train labeled cuts; n=978 pos=82 interval=(0.342, 0.532]; up=False down=False tail=False"
2026-09-19T02:32,R4,4,234af73a,D,y5_ap_od30_ownp80,d_supp_hhi_quintile,train,y_rate_q5,0.0784913,0.2001,"train labeled cuts; n=981 pos=77 interval=(0.532, 1.0]; up=False down=False tail=False"
2026-09-19T02:32,R4,4,234af73a,D,y5_ar_od30_sust,d_supp_hhi_quintile,train,y_rate_q1,0.0558912,0.2001,"train labeled cuts; n=662 pos=37 interval=(0.011, 0.106]; up=False down=False tail=False"
2026-09-19T02:32,R4,4,234af73a,D,y5_ar_od30_sust,d_supp_hhi_quintile,train,y_rate_q2,0.0694864,0.2001,"train labeled cuts; n=662 pos=46 interval=(0.106, 0.191]; up=False down=False tail=False"
2026-09-19T02:32,R4,4,234af73a,D,y5_ar_od30_sust,d_supp_hhi_quintile,train,y_rate_q3,0.0786687,0.1998,"train labeled cuts; n=661 pos=52 interval=(0.191, 0.308]; up=False down=False tail=False"
2026-09-19T02:32,R4,4,234af73a,D,y5_ar_od30_sust,d_supp_hhi_quintile,train,y_rate_q4,0.0755287,0.2001,"train labeled cuts; n=662 pos=50 interval=(0.308, 0.504]; up=False down=False tail=False"
2026-09-19T02:32,R4,4,234af73a,D,y5_ar_od30_sust,d_supp_hhi_quintile,train,y_rate_q5,0.0770393,0.2001,"train labeled cuts; n=662 pos=51 interval=(0.504, 1.0]; up=False down=False tail=False"
2026-09-19T02:32,R4,4,234af73a,D,y5_ap_od30_ownp80,d_cust_hhi_quintile,train,y_rate_q1,0.0639013,0.2000,"train labeled cuts; n=892 pos=57 interval=(0.0017599999999999998, 0.129]; up=False down=False tail=False"
2026-09-19T02:32,R4,4,234af73a,D,y5_ap_od30_ownp80,d_cust_hhi_quintile,train,y_rate_q2,0.100897,0.2000,"train labeled cuts; n=892 pos=90 interval=(0.129, 0.318]; up=False down=False tail=False"
2026-09-19T02:32,R4,4,234af73a,D,y5_ap_od30_ownp80,d_cust_hhi_quintile,train,y_rate_q3,0.0975336,0.2000,"train labeled cuts; n=892 pos=87 interval=(0.318, 0.564]; up=False down=False tail=False"
2026-09-19T02:32,R4,4,234af73a,D,y5_ap_od30_ownp80,d_cust_hhi_quintile,train,y_rate_q4,0.0874439,0.2000,"train labeled cuts; n=892 pos=78 interval=(0.564, 0.945]; up=False down=False tail=False"
2026-09-19T02:32,R4,4,234af73a,D,y5_ap_od30_ownp80,d_cust_hhi_quintile,train,y_rate_q5,0.0773543,0.2000,"train labeled cuts; n=892 pos=69 interval=(0.945, 1.0]; up=False down=False tail=False"
2026-09-19T02:32,R4,4,234af73a,D,y5_ar_od30_sust,d_cust_hhi_quintile,train,y_rate_q1,0.0603318,0.2002,"train labeled cuts; n=663 pos=40 interval=(0.0017599999999999998, 0.108]; up=False down=False tail=False"
2026-09-19T02:32,R4,4,234af73a,D,y5_ar_od30_sust,d_cust_hhi_quintile,train,y_rate_q2,0.0861027,0.1999,"train labeled cuts; n=662 pos=57 interval=(0.108, 0.241]; up=False down=False tail=False"
2026-09-19T02:32,R4,4,234af73a,D,y5_ar_od30_sust,d_cust_hhi_quintile,train,y_rate_q3,0.0785498,0.1999,"train labeled cuts; n=662 pos=52 interval=(0.241, 0.442]; up=False down=False tail=False"
2026-09-19T02:32,R4,4,234af73a,D,y5_ar_od30_sust,d_cust_hhi_quintile,train,y_rate_q4,0.081571,0.1999,"train labeled cuts; n=662 pos=54 interval=(0.442, 0.784]; up=False down=False tail=False"
2026-09-19T02:32,R4,4,234af73a,D,y5_ar_od30_sust,d_cust_hhi_quintile,train,y_rate_q5,0.0513595,0.1999,"train labeled cuts; n=662 pos=34 interval=(0.784, 1.0]; up=False down=False tail=False"
2026-09-19T02:32,R4,4,234af73a,A,y5_ap_od30_ownp80,a_out6_quintile,train,y_rate_q1,0.0550459,0.2000,"train labeled cuts; n=981 pos=54 interval=(-28157774.900999997, 97077.858]; up=False down=False tail=False"
2026-09-19T02:32,R4,4,234af73a,A,y5_ap_od30_ownp80,a_out6_quintile,train,y_rate_q2,0.0825688,0.2000,"train labeled cuts; n=981 pos=81 interval=(97077.858, 452601.654]; up=False down=False tail=False"
2026-09-19T02:32,R4,4,234af73a,A,y5_ap_od30_ownp80,a_out6_quintile,train,y_rate_q3,0.0825688,0.2000,"train labeled cuts; n=981 pos=81 interval=(452601.654, 1274415.418]; up=False down=False tail=False"
2026-09-19T02:32,R4,4,234af73a,A,y5_ap_od30_ownp80,a_out6_quintile,train,y_rate_q4,0.109072,0.2000,"train labeled cuts; n=981 pos=107 interval=(1274415.418, 4254456.872]; up=False down=False tail=False"
2026-09-19T02:32,R4,4,234af73a,A,y5_ap_od30_ownp80,a_out6_quintile,train,y_rate_q5,0.09684,0.2000,"train labeled cuts; n=981 pos=95 interval=(4254456.872, 17114407320.57]; up=False down=False tail=False"
2026-09-19T02:32,R4,4,234af73a,A,y5_ar_od30_sust,a_out6_quintile,train,y_rate_q1,0.0542986,0.2000,"train labeled cuts; n=663 pos=36 interval=(-28157774.900999997, 151264.498]; up=False down=False tail=False"
2026-09-19T02:32,R4,4,234af73a,A,y5_ar_od30_sust,a_out6_quintile,train,y_rate_q2,0.0784314,0.2000,"train labeled cuts; n=663 pos=52 interval=(151264.498, 514384.806]; up=False down=False tail=False"
2026-09-19T02:32,R4,4,234af73a,A,y5_ar_od30_sust,a_out6_quintile,train,y_rate_q3,0.0829563,0.2000,"train labeled cuts; n=663 pos=55 interval=(514384.806, 1369367.58]; up=False down=False tail=False"
2026-09-19T02:32,R4,4,234af73a,A,y5_ar_od30_sust,a_out6_quintile,train,y_rate_q4,0.0799397,0.2000,"train labeled cuts; n=663 pos=53 interval=(1369367.58, 4572547.922]; up=False down=False tail=False"
2026-09-19T02:32,R4,4,234af73a,A,y5_ar_od30_sust,a_out6_quintile,train,y_rate_q5,0.0618401,0.2000,"train labeled cuts; n=663 pos=41 interval=(4572547.922, 17114407320.57]; up=False down=False tail=False"
2026-09-19T02:32,R4,4,234af73a,A,y5_ap_od30_ownp80,log1p_a_in3_quintile,train,y_rate_q1,0.0662589,0.2000,"train labeled cuts; n=981 pos=65 interval=(-0.001, 10.696]; up=False down=False tail=False"
2026-09-19T02:32,R4,4,234af73a,A,y5_ap_od30_ownp80,log1p_a_in3_quintile,train,y_rate_q2,0.0846075,0.2000,"train labeled cuts; n=981 pos=83 interval=(10.696, 12.198]; up=False down=False tail=False"
2026-09-19T02:32,R4,4,234af73a,A,y5_ap_od30_ownp80,log1p_a_in3_quintile,train,y_rate_q3,0.069317,0.2000,"train labeled cuts; n=981 pos=68 interval=(12.198, 13.3]; up=False down=False tail=False"
2026-09-19T02:32,R4,4,234af73a,A,y5_ap_od30_ownp80,log1p_a_in3_quintile,train,y_rate_q4,0.108053,0.2000,"train labeled cuts; n=981 pos=106 interval=(13.3, 14.46]; up=False down=False tail=False"
2026-09-19T02:32,R4,4,234af73a,A,y5_ap_od30_ownp80,log1p_a_in3_quintile,train,y_rate_q5,0.0978593,0.2000,"train labeled cuts; n=981 pos=96 interval=(14.46, 22.713]; up=False down=False tail=False"
2026-09-19T02:32,R4,4,234af73a,A,y5_ar_od30_sust,log1p_a_in3_quintile,train,y_rate_q1,0.0723982,0.2000,"train labeled cuts; n=663 pos=48 interval=(-0.001, 11.262]; up=False down=False tail=False"
2026-09-19T02:32,R4,4,234af73a,A,y5_ar_od30_sust,log1p_a_in3_quintile,train,y_rate_q2,0.0618401,0.2000,"train labeled cuts; n=663 pos=41 interval=(11.262, 12.451]; up=False down=False tail=False"
2026-09-19T02:32,R4,4,234af73a,A,y5_ar_od30_sust,log1p_a_in3_quintile,train,y_rate_q3,0.0844646,0.2000,"train labeled cuts; n=663 pos=56 interval=(12.451, 13.474]; up=False down=False tail=False"
2026-09-19T02:32,R4,4,234af73a,A,y5_ar_od30_sust,log1p_a_in3_quintile,train,y_rate_q4,0.066365,0.2000,"train labeled cuts; n=663 pos=44 interval=(13.474, 14.609]; up=False down=False tail=False"
2026-09-19T02:32,R4,4,234af73a,A,y5_ar_od30_sust,log1p_a_in3_quintile,train,y_rate_q5,0.0723982,0.2000,"train labeled cuts; n=663 pos=48 interval=(14.609, 22.713]; up=False down=False tail=False"
2026-09-19T02:32,R4,4,234af73a,C,y5_ap_od30_ownp80,c_n_days_with_tx_quintile,train,y_rate_q1,0.0634921,0.2055,"train labeled cuts; n=1008 pos=64 interval=(-0.001, 8.0]; up=True down=False tail=False"
2026-09-19T02:32,R4,4,234af73a,C,y5_ap_od30_ownp80,c_n_days_with_tx_quintile,train,y_rate_q2,0.0836502,0.2145,"train labeled cuts; n=1052 pos=88 interval=(8.0, 14.0]; up=True down=False tail=False"
2026-09-19T02:32,R4,4,234af73a,C,y5_ap_od30_ownp80,c_n_days_with_tx_quintile,train,y_rate_q3,0.0895857,0.1821,"train labeled cuts; n=893 pos=80 interval=(14.0, 18.0]; up=True down=False tail=False"
2026-09-19T02:32,R4,4,234af73a,C,y5_ap_od30_ownp80,c_n_days_with_tx_quintile,train,y_rate_q4,0.0934489,0.2116,"train labeled cuts; n=1038 pos=97 interval=(18.0, 22.0]; up=True down=False tail=False"
2026-09-19T02:32,R4,4,234af73a,C,y5_ap_od30_ownp80,c_n_days_with_tx_quintile,train,y_rate_q5,0.0973742,0.1863,"train labeled cuts; n=914 pos=89 interval=(22.0, 31.0]; up=True down=False tail=False"
2026-09-19T02:32,R4,4,234af73a,C,y5_ar_od30_sust,c_n_days_with_tx_quintile,train,y_rate_q1,0.0509745,0.2012,"train labeled cuts; n=667 pos=34 interval=(-0.001, 10.0]; up=False down=False tail=False"
2026-09-19T02:32,R4,4,234af73a,C,y5_ar_od30_sust,c_n_days_with_tx_quintile,train,y_rate_q2,0.0752823,0.2404,"train labeled cuts; n=797 pos=60 interval=(10.0, 16.0]; up=False down=False tail=False"
2026-09-19T02:32,R4,4,234af73a,C,y5_ar_od30_sust,c_n_days_with_tx_quintile,train,y_rate_q3,0.0791269,0.2211,"train labeled cuts; n=733 pos=58 interval=(16.0, 20.0]; up=False down=False tail=False"
2026-09-19T02:32,R4,4,234af73a,C,y5_ar_od30_sust,c_n_days_with_tx_quintile,train,y_rate_q4,0.0634391,0.1807,"train labeled cuts; n=599 pos=38 interval=(20.0, 23.0]; up=False down=False tail=False"
2026-09-19T02:32,R4,4,234af73a,C,y5_ar_od30_sust,c_n_days_with_tx_quintile,train,y_rate_q5,0.0905588,0.1566,"train labeled cuts; n=519 pos=47 interval=(23.0, 31.0]; up=False down=False tail=False"
2026-09-19T02:32,R4,4,234af73a,A,y5_ap_od30_ownp80,a_io_ratio_quintile,train,y_rate_q1,0.0815494,0.2000,"train labeled cuts; n=981 pos=80 interval=(-1696.131, 0.489]; up=False down=False tail=False"
2026-09-19T02:32,R4,4,234af73a,A,y5_ap_od30_ownp80,a_io_ratio_quintile,train,y_rate_q2,0.0907238,0.2000,"train labeled cuts; n=981 pos=89 interval=(0.489, 0.901]; up=False down=False tail=False"
2026-09-19T02:32,R4,4,234af73a,A,y5_ap_od30_ownp80,a_io_ratio_quintile,train,y_rate_q3,0.0927625,0.2000,"train labeled cuts; n=981 pos=91 interval=(0.901, 1.124]; up=False down=False tail=False"
2026-09-19T02:32,R4,4,234af73a,A,y5_ap_od30_ownp80,a_io_ratio_quintile,train,y_rate_q4,0.0978593,0.2000,"train labeled cuts; n=981 pos=96 interval=(1.124, 1.871]; up=False down=False tail=False"
2026-09-19T02:32,R4,4,234af73a,A,y5_ap_od30_ownp80,a_io_ratio_quintile,train,y_rate_q5,0.0632008,0.2000,"train labeled cuts; n=981 pos=62 interval=(1.871, 3.0]; up=False down=False tail=False"
2026-09-19T02:32,R4,4,234af73a,A,y5_ar_od30_sust,a_io_ratio_quintile,train,y_rate_q1,0.0874811,0.2000,"train labeled cuts; n=663 pos=58 interval=(-1696.131, 0.564]; up=False down=False tail=False"
2026-09-19T02:32,R4,4,234af73a,A,y5_ar_od30_sust,a_io_ratio_quintile,train,y_rate_q2,0.0708899,0.2000,"train labeled cuts; n=663 pos=47 interval=(0.564, 0.92]; up=False down=False tail=False"
2026-09-19T02:32,R4,4,234af73a,A,y5_ar_od30_sust,a_io_ratio_quintile,train,y_rate_q3,0.0693816,0.2000,"train labeled cuts; n=663 pos=46 interval=(0.92, 1.126]; up=False down=False tail=False"
2026-09-19T02:32,R4,4,234af73a,A,y5_ar_od30_sust,a_io_ratio_quintile,train,y_rate_q4,0.0618401,0.2000,"train labeled cuts; n=663 pos=41 interval=(1.126, 1.818]; up=False down=False tail=False"
2026-09-19T02:32,R4,4,234af73a,A,y5_ar_od30_sust,a_io_ratio_quintile,train,y_rate_q5,0.0678733,0.2000,"train labeled cuts; n=663 pos=45 interval=(1.818, 3.0]; up=False down=False tail=False"
2026-09-19T02:32,R4,4,234af73a,H,y5_ap_od30_ownp80,h_group_size_quintile,train,y_rate_q1,0.100746,0.2186,"train labeled cuts; n=1072 pos=108 interval=(0.999, 4.0]; up=False down=False tail=False"
2026-09-19T02:32,R4,4,234af73a,H,y5_ap_od30_ownp80,h_group_size_quintile,train,y_rate_q2,0.116408,0.1839,"train labeled cuts; n=902 pos=105 interval=(4.0, 9.0]; up=False down=False tail=False"
2026-09-19T02:32,R4,4,234af73a,H,y5_ap_od30_ownp80,h_group_size_quintile,train,y_rate_q3,0.0950951,0.2037,"train labeled cuts; n=999 pos=95 interval=(9.0, 13.0]; up=False down=False tail=False"
2026-09-19T02:32,R4,4,234af73a,H,y5_ap_od30_ownp80,h_group_size_quintile,train,y_rate_q4,0.0757315,0.2369,"train labeled cuts; n=1162 pos=88 interval=(13.0, 18.0]; up=False down=False tail=False"
2026-09-19T02:32,R4,4,234af73a,H,y5_ap_od30_ownp80,h_group_size_quintile,train,y_rate_q5,0.0285714,0.1570,"train labeled cuts; n=770 pos=22 interval=(18.0, 22.0]; up=False down=False tail=False"
2026-09-19T02:32,R4,4,234af73a,H,y5_ar_od30_sust,h_group_size_quintile,train,y_rate_q1,0.056101,0.2151,"train labeled cuts; n=713 pos=40 interval=(0.999, 4.0]; up=False down=False tail=False"
2026-09-19T02:32,R4,4,234af73a,H,y5_ar_od30_sust,h_group_size_quintile,train,y_rate_q2,0.0598706,0.1864,"train labeled cuts; n=618 pos=37 interval=(4.0, 8.0]; up=False down=False tail=False"
2026-09-19T02:32,R4,4,234af73a,H,y5_ar_od30_sust,h_group_size_quintile,train,y_rate_q3,0.0847029,0.2386,"train labeled cuts; n=791 pos=67 interval=(8.0, 13.0]; up=False down=False tail=False"
2026-09-19T02:32,R4,4,234af73a,H,y5_ar_od30_sust,h_group_size_quintile,train,y_rate_q4,0.0693241,0.1741,"train labeled cuts; n=577 pos=40 interval=(13.0, 17.0]; up=False down=False tail=False"
2026-09-19T02:32,R4,4,234af73a,H,y5_ar_od30_sust,h_group_size_quintile,train,y_rate_q5,0.086039,0.1858,"train labeled cuts; n=616 pos=53 interval=(17.0, 22.0]; up=False down=False tail=False"
2026-09-19T02:32,R4,4,234af73a,D,y5_ap_od30_ownp80,d_tx_cp_share_quintile,train,y_rate_q1,0.0868233,0.2000,"train labeled cuts; n=979 pos=85 interval=(-0.001, 0.00587]; up=False down=False tail=False"
2026-09-19T02:32,R4,4,234af73a,D,y5_ap_od30_ownp80,d_tx_cp_share_quintile,train,y_rate_q2,0.122574,0.2000,"train labeled cuts; n=979 pos=120 interval=(0.00587, 0.147]; up=False down=False tail=False"
2026-09-19T02:32,R4,4,234af73a,D,y5_ap_od30_ownp80,d_tx_cp_share_quintile,train,y_rate_q3,0.095092,0.1998,"train labeled cuts; n=978 pos=93 interval=(0.147, 0.306]; up=False down=False tail=False"
2026-09-19T02:32,R4,4,234af73a,D,y5_ap_od30_ownp80,d_tx_cp_share_quintile,train,y_rate_q4,0.052094,0.2000,"train labeled cuts; n=979 pos=51 interval=(0.306, 0.466]; up=False down=False tail=False"
2026-09-19T02:32,R4,4,234af73a,D,y5_ap_od30_ownp80,d_tx_cp_share_quintile,train,y_rate_q5,0.0704801,0.2000,"train labeled cuts; n=979 pos=69 interval=(0.466, 0.963]; up=False down=False tail=False"
2026-09-19T02:32,R4,4,234af73a,D,y5_ar_od30_sust,d_tx_cp_share_quintile,train,y_rate_q1,0.128399,0.2001,"train labeled cuts; n=662 pos=85 interval=(-0.001, 0.00652]; up=False down=False tail=False"
2026-09-19T02:32,R4,4,234af73a,D,y5_ar_od30_sust,d_tx_cp_share_quintile,train,y_rate_q2,0.0605144,0.1998,"train labeled cuts; n=661 pos=40 interval=(0.00652, 0.164]; up=False down=False tail=False"
2026-09-19T02:32,R4,4,234af73a,D,y5_ar_od30_sust,d_tx_cp_share_quintile,train,y_rate_q3,0.0799397,0.2004,"train labeled cuts; n=663 pos=53 interval=(0.164, 0.338]; up=False down=False tail=False"
2026-09-19T02:32,R4,4,234af73a,D,y5_ar_od30_sust,d_tx_cp_share_quintile,train,y_rate_q4,0.0454545,0.1995,"train labeled cuts; n=660 pos=30 interval=(0.338, 0.482]; up=False down=False tail=False"
2026-09-19T02:32,R4,4,234af73a,D,y5_ar_od30_sust,d_tx_cp_share_quintile,train,y_rate_q5,0.0422961,0.2001,"train labeled cuts; n=662 pos=28 interval=(0.482, 0.955]; up=False down=False tail=False"
2026-09-19T02:32,R4,4,234af73a,A+D+C,y5_ap_od30_ownp80,y5_why_verdict,train,decision,1,1.0000,KEEP; trees=PARK; AP=CLOSE/unexplained_leftover; AR=KEEP/unexplained_leftover
2026-09-19T02:32,R4,4,234af73a,D,y5_ap_od30_ownp80,d_supp_hhi_tail_gt0975,train,y_rate,0.0273973,1.0000,Y4-shape tail; rest=0.08614620004141645; tail_auroc=0.49447530613899926; n=73 pos=2; never E
2026-09-19T02:32,R4,4,234af73a,D,y5_ar_od30_sust,d_cust_hhi_tail_gt0975,train,y_rate,0.0275482,1.0000,Y4-shape tail; rest=0.07700135685210312; tail_auroc=0.4636800002196179; n=363 pos=10; never E
2026-09-19T02:32,R4,4,234af73a,D,y5_ap_od30_ownp80,d_cust_hhi_tail_gt0975,train,y_rate,0.0782051,1.0000,Y4-shape tail; rest=0.08695652173913043; tail_auroc=0.4919181467847286; n=780 pos=61; never E
2026-09-19T02:32,R4,4,234af73a,-,y5_ap_od30_ownp80,y5_neither_cell,train,share_of_positives,0.651026,1.0000,neither low-io nor high HHI; n=222/341
2026-09-19T02:32,R4,4,234af73a,-,y5_ar_od30_sust,y5_neither_cell,train,share_of_positives,0.65285,1.0000,neither low-io nor high HHI; n=126/193
2026-09-19T02:32,R4,4,234af73a,H,y5_ap_od30_ownp80,single_h_group_size_size_T1,cv5_group,auroc,0.584635,1.0000,size residual; n=1635 pos=118 rate=0.07217125382262997
2026-09-19T02:32,R4,4,234af73a,C,y5_ap_od30_ownp80,single_c_n_days_with_tx_size_T1,cv5_group,auroc,0.443178,1.0000,size residual; n=1635 pos=118 rate=0.07217125382262997
2026-09-19T02:32,R4,4,234af73a,D,y5_ap_od30_ownp80,single_d_tx_cp_share_size_T1,cv5_group,auroc,0.536162,1.0000,size residual; n=1635 pos=118 rate=0.07217125382262997
2026-09-19T02:32,R4,4,234af73a,H,y5_ap_od30_ownp80,single_h_group_size_size_T2,cv5_group,auroc,0.568274,1.0000,size residual; n=1635 pos=132 rate=0.08073394495412844
2026-09-19T02:32,R4,4,234af73a,C,y5_ap_od30_ownp80,single_c_n_days_with_tx_size_T2,cv5_group,auroc,0.520989,1.0000,size residual; n=1635 pos=132 rate=0.08073394495412844
2026-09-19T02:32,R4,4,234af73a,D,y5_ap_od30_ownp80,single_d_tx_cp_share_size_T2,cv5_group,auroc,0.395229,1.0000,size residual; n=1635 pos=132 rate=0.08073394495412844
2026-09-19T02:32,R4,4,234af73a,H,y5_ap_od30_ownp80,single_h_group_size_size_T3,cv5_group,auroc,0.584071,1.0000,size residual; n=1635 pos=168 rate=0.10275229357798166
2026-09-19T02:32,R4,4,234af73a,C,y5_ap_od30_ownp80,single_c_n_days_with_tx_size_T3,cv5_group,auroc,0.530258,1.0000,size residual; n=1635 pos=168 rate=0.10275229357798166
2026-09-19T02:32,R4,4,234af73a,D,y5_ap_od30_ownp80,single_d_tx_cp_share_size_T3,cv5_group,auroc,0.550585,1.0000,size residual; n=1635 pos=168 rate=0.10275229357798166
2026-09-19T02:32,R4,4,234af73a,D,y5_ar_od30_sust,single_d_tx_cp_share_size_T1,cv5_group,auroc,0.583419,1.0000,size residual; n=1105 pos=80 rate=0.07239819004524888
2026-09-19T02:32,R4,4,234af73a,C,y5_ar_od30_sust,single_c_n_days_with_tx_size_T1,cv5_group,auroc,0.575194,1.0000,size residual; n=1105 pos=80 rate=0.07239819004524888
2026-09-19T02:32,R4,4,234af73a,H,y5_ar_od30_sust,single_h_group_size_size_T1,cv5_group,auroc,0.508798,1.0000,size residual; n=1105 pos=80 rate=0.07239819004524888
2026-09-19T02:32,R4,4,234af73a,D,y5_ar_od30_sust,single_d_tx_cp_share_size_T2,cv5_group,auroc,0.608622,1.0000,size residual; n=1105 pos=74 rate=0.0669683257918552
2026-09-19T02:32,R4,4,234af73a,C,y5_ar_od30_sust,single_c_n_days_with_tx_size_T2,cv5_group,auroc,0.461377,1.0000,size residual; n=1105 pos=74 rate=0.0669683257918552
2026-09-19T02:32,R4,4,234af73a,H,y5_ar_od30_sust,single_h_group_size_size_T2,cv5_group,auroc,0.590958,1.0000,size residual; n=1105 pos=74 rate=0.0669683257918552
2026-09-19T02:32,R4,4,234af73a,D,y5_ar_od30_sust,single_d_tx_cp_share_size_T3,cv5_group,auroc,0.620514,1.0000,size residual; n=1105 pos=83 rate=0.0751131221719457
2026-09-19T02:32,R4,4,234af73a,C,y5_ar_od30_sust,single_c_n_days_with_tx_size_T3,cv5_group,auroc,0.535501,1.0000,size residual; n=1105 pos=83 rate=0.0751131221719457
2026-09-19T02:32,R4,4,234af73a,H,y5_ar_od30_sust,single_h_group_size_size_T3,cv5_group,auroc,0.491589,1.0000,size residual; n=1105 pos=83 rate=0.0751131221719457
2026-09-19T02:32,R4,4,234af73a,D,y5_ap_od30_ownp80,single_d_supp_hhi_short,cv5_group,auroc,0.518803,1.0000,Q6 short so-far<12; lag=0; CV=0.5188±0.054; n_pos=142; never t3
2026-09-19T02:32,R4,4,234af73a,D,y5_ap_od30_ownp80,single_d_supp_hhi_lag1_short,cv5_group,auroc,0.525772,1.0000,Q6 short so-far<12; lag=1; CV=0.5258±0.059; n_pos=142; never t3
2026-09-19T02:32,R4,4,234af73a,A,y5_ap_od30_ownp80,single_a_io_ratio_short,cv5_group,auroc,0.492202,1.0000,Q6 short so-far<12; lag=0; CV=0.4922±0.030; n_pos=142; never t3
2026-09-19T02:32,R4,4,234af73a,A,y5_ap_od30_ownp80,single_a_io_ratio_lag1_short,cv5_group,auroc,0.463626,1.0000,Q6 short so-far<12; lag=1; CV=0.4636±0.036; n_pos=142; never t3
2026-09-19T02:32,R4,4,234af73a,H,y5_ap_od30_ownp80,single_h_group_size_short,cv5_group,auroc,0.619859,1.0000,Q6 short so-far<12; lag=0; CV=0.6199±0.091; n_pos=142; never t3
2026-09-19T02:32,R4,4,234af73a,H,y5_ap_od30_ownp80,single_h_group_size_lag1_short,cv5_group,auroc,0.619859,1.0000,Q6 short so-far<12; lag=1; CV=0.6199±0.091; n_pos=142; never t3
2026-09-19T02:32,R4,4,234af73a,D,y5_ar_od30_sust,single_d_cust_hhi_short,cv5_group,auroc,0.4268,1.0000,Q6 short so-far<12; lag=0; CV=0.4268±0.041; n_pos=75; never t3
2026-09-19T02:32,R4,4,234af73a,D,y5_ar_od30_sust,single_d_cust_hhi_lag1_short,cv5_group,auroc,0.465986,1.0000,Q6 short so-far<12; lag=1; CV=0.4660±0.093; n_pos=75; never t3
2026-09-19T02:32,R4,4,234af73a,A,y5_ar_od30_sust,single_a_io_ratio_short,cv5_group,auroc,0.552671,1.0000,Q6 short so-far<12; lag=0; CV=0.5527±0.172; n_pos=75; never t3
2026-09-19T02:32,R4,4,234af73a,A,y5_ar_od30_sust,single_a_io_ratio_lag1_short,cv5_group,auroc,0.439763,1.0000,Q6 short so-far<12; lag=1; CV=0.4398±0.170; n_pos=75; never t3
2026-09-19T02:32,R4,4,234af73a,D,y5_ar_od30_sust,single_d_tx_cp_share_short,cv5_group,auroc,0.445425,0.9957,Q6 short so-far<12; lag=0; CV=0.4454±0.110; n_pos=75; never t3
2026-09-19T02:32,R4,4,234af73a,D,y5_ar_od30_sust,single_d_tx_cp_share_lag1_short,cv5_group,auroc,0.430929,0.9965,Q6 short so-far<12; lag=1; CV=0.4309±0.094; n_pos=75; never t3
2026-09-19T02:32,R4,4,234af73a,-,y5_ap_od30_ownp80,y5_company_trait,train,spearman,-0.175282,1.0000,x=h_group_size; n_cos=446 ever_pos=171; med_x pos/neg=11.0/12.0
2026-09-19T02:32,R4,4,234af73a,-,y5_ar_od30_sust,y5_company_trait,train,spearman,-0.19357,1.0000,x=d_tx_cp_share; n_cos=331 ever_pos=115; med_x pos/neg=0.1733427034486452/0.2667322274455656
2026-09-19T02:32,R4,4,234af73a,-,y5_ap_od30_ownp80,y5_ap_ar_overlap,train,spearman,0.0631726,1.0000,both_pos=34 ap_only=243 ar_only=189
2026-09-19T02:32,R4,4,234af73a,D,y5_ar_od30_sust,d_tx_cp_share_vs_anycp,train,auroc_gap,0.113845,1.0000,presence_rewrite=False; intensity_dead=False; any_cp=0.4627; all=0.5765; cp>0=0.5799
2026-09-19T02:32,R4,4,234af73a,H,y5_ap_od30_ownp80,h_group_size_ge18,train,y_rate,0.0291262,1.0000,n=1236 pos=36; rest=0.10411556282365768; flag_auc=0.5906574335427279
2026-09-19T02:32,R4,4,234af73a,H,y5_ar_od30_sust,h_group_size_ge18,train,y_rate,0.086039,1.0000,n=616 pos=53; rest=0.06817339755464986; flag_auc=0.4796411445867364
2026-09-19T02:32,R4,4,234af73a,H,y5_ap_od30_ownp80,single_h_group_size_neither,cv5_group,auroc,0.544196,1.0000,neither leftover; n=2379 pos=222; CV=0.5442±0.107
2026-09-19T02:32,R4,4,234af73a,D,y5_ap_od30_ownp80,single_d_tx_cp_share_neither,cv5_group,auroc,0.542912,1.0000,neither leftover; n=2379 pos=222; CV=0.5429±0.053
2026-09-19T02:32,R4,4,234af73a,C,y5_ap_od30_ownp80,single_c_n_days_with_tx_neither,cv5_group,auroc,0.536738,1.0000,neither leftover; n=2379 pos=222; CV=0.5367±0.086
2026-09-19T02:32,R4,4,234af73a,H,y5_ar_od30_sust,single_h_group_size_neither,cv5_group,auroc,0.564464,1.0000,neither leftover; n=1636 pos=126; CV=0.5645±0.065
2026-09-19T02:32,R4,4,234af73a,D,y5_ar_od30_sust,single_d_tx_cp_share_neither,cv5_group,auroc,0.580854,1.0000,neither leftover; n=1636 pos=126; CV=0.5809±0.088
2026-09-19T02:32,R4,4,234af73a,C,y5_ar_od30_sust,single_c_n_days_with_tx_neither,cv5_group,auroc,0.55373,1.0000,neither leftover; n=1636 pos=126; CV=0.5537±0.142
2026-09-19T02:32,R4,4,234af73a,-,y5_ap_od30_ownp80,y5_cash_present_all_pos,train,share_days_gt0,0.990431,1.0000,n=418; in3_def=1.0; med_days=17.0; CLOSE missing-cash
2026-09-19T02:32,R4,4,234af73a,-,y5_ap_od30_ownp80,y5_cash_present_neither_pos,train,share_days_gt0,0.995495,1.0000,n=222; in3_def=1.0; med_days=18.0; CLOSE missing-cash
2026-09-19T02:32,R4,4,234af73a,-,y5_ar_od30_sust,y5_cash_present_all_pos,train,share_days_gt0,0.995781,1.0000,n=237; in3_def=1.0; med_days=18.0; CLOSE missing-cash
2026-09-19T02:32,R4,4,234af73a,-,y5_ar_od30_sust,y5_cash_present_neither_pos,train,share_days_gt0,1,1.0000,n=126; in3_def=1.0; med_days=19.0; CLOSE missing-cash
2026-09-19T02:32,R4,4,234af73a,D,y5_ar_od30_sust,y5_ar_tagging_hole,train,y_rate,0.173913,1.0000,tagging_hole=True; named=0.06340288924558588; thin=0.06606606606606606; med_n_cust=18.0
2026-09-19T02:32,R4,4,234af73a,D,y5_ap_od30_ownp80,y5_ap_tagging_hole,train,y_rate,0.109375,1.0000,tagging_hole_ap=False; named=0.10084033613445378; thin=0.0755287009063444; med_n_supp=30.0
2026-09-19T02:32,R4,4,234af73a,D,y5_ar_od30_sust,y5_ar_hole_vs_cash,train,y_rate,0.161538,1.0000,cash_independent=True; hole_cash=0.25; named_ok=0.07272727272727272; named_cash=0.038338658146964855
2026-09-19T02:32,R4,4,234af73a,D,y5_ar_od30_sust,y5_ar_hole_flag_hi_cust,cv5_group,auroc,0.568957,1.0000,hi_cust only; CV=0.5689567486292084±0.09630728843688455; n=1614 pos=143; ever_hole_cos=59/191 rate_ever=0.1444154715341156 rate_never=0.08980724662542844; holdout_hole n=54 pos=7 LOW_POWER
2026-09-19T02:32,R4,4,234af73a,D,y5_ar_od30_sust,y5_ar_hole_lag1_short,cv5_group,auroc,0.480432,1.0000,Q6 hole_lag1 so-far<12 CV=0.48043230378894125; long=0.5599284691045368; all=0.5416366453385048; never t3
2026-09-19T02:32,R4,4,234af73a,D,y5_ar_od30_sust,y5_ar_hole_pos_share,train,share_of_pos,0.270042,1.0000,hole_pos=64/237; n_cos=28 top1=0.078125 top3=0.234375 hhi=0.04638671875 fragile=False
2026-09-19T02:32,R4,4,234af73a,D,y5_ar_od30_sust,single_d_tx_cp_share_hi_cust,cv5_group,auroc,0.600344,1.0000,hi_cust CV; lo_cust=0.4656021659944861
2026-09-19T02:32,R4,4,234af73a,D,y5_ar_od30_sust,single_d_tx_cp_share_diff1,cv5_group,auroc,0.557996,1.0000,turning-month first difference; 1m only
2026-09-19T02:32,R4,4,234af73a,D,y5_ar_od30_sust,y5_ar_short_hole_rate,train,y_rate,0.115152,1.0000,short_named=0.05526315789473684; long_hole=0.3088235294117647; long_named=0.07326007326007326
2026-09-19T02:32,R4,4,234af73a,D,y5_ap_od30_ownp80,single_d_n_supp_ap_leftover,cv5_group,auroc,0.58399,1.0000,sizeAUC=0.799; park=True; gap=+0.028
2026-09-19T02:32,R4,4,234af73a,D,y5_ap_od30_ownp80,single_d_supp_top1_ap_leftover,cv5_group,auroc,0.529897,1.0000,sizeAUC=0.642; park=True; gap=-0.027
2026-09-19T02:32,R4,4,234af73a,D,y5_ap_od30_ownp80,single_d_supp_hhi_ap_leftover,cv5_group,auroc,0.538629,1.0000,sizeAUC=0.663; park=True; gap=-0.018
2026-09-19T02:32,R4,4,234af73a,D,y5_ar_od30_sust,d_tx_cp_share_vs_size,train,spearman,-0.0627567,1.0000,vs log1p_a_in3
2026-09-19T02:32,R4,4,234af73a,D,y5_ar_od30_sust,d_tx_cp_share_vs_size,train,spearman,-0.0814137,1.0000,vs h_group_size
2026-09-19T02:32,R4,4,234af73a,D,y5_ar_od30_sust,d_tx_cp_share_vs_size,train,spearman,0.0136532,1.0000,vs d_n_cust
2026-09-19T02:32,R4,4,234af73a,D,y5_ar_od30_sust,d_tx_cp_share_vs_size,train,spearman,-0.0498381,1.0000,vs c_n_days_with_tx
2026-09-19T02:32,R4,4,234af73a,D,y5_ar_od30_sust,y5_ar_hole_vs_E,train,spearman,0.105242,1.0000,leak_fail=False; max|ρ| vs E
2026-09-19T02:32,R4,4,234af73a,D,y5_ar_od30_sust,d_tx_cp_share_hi_cust_head,train,head_only,1,1.0000,n=1614 up=False down=False tail=False head=True
2026-09-19T02:32,R4,4,234af73a,D,y5_ar_od30_sust,y5_ar_hole_fold_range,train,rate_range,0.292793,1.0000,min=0.04054054054054054 max=0.3333333333333333
2026-09-19T02:32,R4,4,234af73a,D,y5_ar_od30_sust,y5_ar_hole_drop_heavy_fold,train,y_rate,0.0782609,1.0000,heavy=3 share_pos=0.859375; named=0.06962025316455696; cv_wo=0.5458733183428132; survives=False
2026-09-19T02:32,R4,4,234af73a,H+D,y5_ar_od30_sust,y5_ar_heavy_fold_who,train,n_companies,111,1.0000,med_group=13.0; med_share=0.06578947368421052; med_ncust=19.0; hole_month_share=0.23890462700661
2026-09-19T02:32,R4,4,234af73a,D,y5_ar_od30_sust,d_tx_cp_share_med_by_fold,train,median,0.274448,1.0000,fold=0 n=589 cos=81 share0=0.0730050933786078 rate=0.06621392190152801
2026-09-19T02:32,R4,4,234af73a,D,y5_ar_od30_sust,d_tx_cp_share_med_by_fold,train,median,0.469671,1.0000,fold=1 n=326 cos=47 share0=0.10429447852760736 rate=0.06441717791411043
2026-09-19T02:32,R4,4,234af73a,D,y5_ar_od30_sust,d_tx_cp_share_med_by_fold,train,median,0.198364,1.0000,fold=2 n=680 cos=73 share0=0.19558823529411765 rate=0.07058823529411765
2026-09-19T02:32,R4,4,234af73a,D,y5_ar_od30_sust,d_tx_cp_share_med_by_fold,train,median,0.0657895,1.0000,fold=3 n=1059 cos=111 share0=0.3323890462700661 rate=0.0906515580736544
2026-09-19T02:32,R4,4,234af73a,D,y5_ar_od30_sust,d_tx_cp_share_med_by_fold,train,median,0.360575,1.0000,fold=4 n=654 cos=81 share0=0.035168195718654434 rate=0.04892966360856269
2026-09-19T02:32,R4,4,234af73a,D,y5_ar_od30_sust,y5_ar_zero_hi_cust_by_fold,train,y_rate,0,1.0000,fold=0 n=17 pos=0
2026-09-19T02:32,R4,4,234af73a,D,y5_ar_od30_sust,y5_ar_zero_hi_cust_by_fold,train,y_rate,0.333333,1.0000,fold=1 n=6 pos=2
2026-09-19T02:32,R4,4,234af73a,D,y5_ar_od30_sust,y5_ar_zero_hi_cust_by_fold,train,y_rate,0.0333333,1.0000,fold=2 n=60 pos=2
2026-09-19T02:32,R4,4,234af73a,D,y5_ar_od30_sust,y5_ar_zero_hi_cust_by_fold,train,y_rate,0.251309,1.0000,fold=3 n=191 pos=48
2026-09-19T02:32,R4,4,234af73a,D,y5_ar_od30_sust,y5_ar_zero_hi_cust_by_fold,train,y_rate,0.166667,1.0000,fold=4 n=6 pos=1
2026-09-19T02:32,R4,4,234af73a,-,y5_ap_od30_ownp80,y5_ap_rate_fold_range,train,rate_range,0.0784288,1.0000,min=0.04424778761061947 max=0.12267657992565056
2026-09-19T02:32,R4,4,234af73a,-,y5_ap_od30_ownp80,y5_ap_neither_share_by_fold,train,share_of_pos,0.580645,1.0000,fold=0 neither=54/93
2026-09-19T02:32,R4,4,234af73a,-,y5_ap_od30_ownp80,y5_ap_neither_share_by_fold,train,share_of_pos,0.615385,1.0000,fold=1 neither=40/65
2026-09-19T02:32,R4,4,234af73a,-,y5_ap_od30_ownp80,y5_ap_neither_share_by_fold,train,share_of_pos,0.666667,1.0000,fold=2 neither=22/33
2026-09-19T02:32,R4,4,234af73a,-,y5_ap_od30_ownp80,y5_ap_neither_share_by_fold,train,share_of_pos,0.706422,1.0000,fold=3 neither=77/109
2026-09-19T02:32,R4,4,234af73a,-,y5_ap_od30_ownp80,y5_ap_neither_share_by_fold,train,share_of_pos,0.707317,1.0000,fold=4 neither=29/41
2026-09-19T02:32,R4,4,234af73a,-,y5_ar_od30_sust,y5_ar_neither_share_by_fold,train,share_of_pos,0.676471,1.0000,fold=0 neither=23/34
2026-09-19T02:32,R4,4,234af73a,-,y5_ar_od30_sust,y5_ar_neither_share_by_fold,train,share_of_pos,0.470588,1.0000,fold=1 neither=8/17
2026-09-19T02:32,R4,4,234af73a,-,y5_ar_od30_sust,y5_ar_neither_share_by_fold,train,share_of_pos,0.763158,1.0000,fold=2 neither=29/38
2026-09-19T02:32,R4,4,234af73a,-,y5_ar_od30_sust,y5_ar_neither_share_by_fold,train,share_of_pos,0.671233,1.0000,fold=3 neither=49/73
2026-09-19T02:32,R4,4,234af73a,-,y5_ar_od30_sust,y5_ar_neither_share_by_fold,train,share_of_pos,0.548387,1.0000,fold=4 neither=17/31
2026-09-19T02:32,R4,4,234af73a,D,y5_ar_od30_sust,y5_ar_hole_in_neither,train,share_of_pos,0.4375,1.0000,hole_pos=64 neither=28
2026-09-19T02:32,R4,4,234af73a,D,y5_ar_od30_sust,y5_ar_hole_pos_neither,train,n,28,1.0000,n=52 cash_only=11 hhi_only=8 both=5
2026-09-19T02:32,R4,4,234af73a,-,y5_ar_od30_sust,y5_ar_so_far_by_fold,train,median,14,1.0000,fold=0 short=0.313758389261745 long=0.2684563758389262
2026-09-19T02:32,R4,4,234af73a,-,y5_ar_od30_sust,y5_ar_so_far_by_fold,train,median,13,1.0000,fold=1 short=0.39263803680981596 long=0.23006134969325154
2026-09-19T02:32,R4,4,234af73a,-,y5_ar_od30_sust,y5_ar_so_far_by_fold,train,median,14,1.0000,fold=2 short=0.34705882352941175 long=0.19558823529411765
2026-09-19T02:32,R4,4,234af73a,-,y5_ar_od30_sust,y5_ar_so_far_by_fold,train,median,14,1.0000,fold=3 short=0.34560906515580736 long=0.22946175637393768
2026-09-19T02:32,R4,4,234af73a,-,y5_ar_od30_sust,y5_ar_so_far_by_fold,train,median,13,1.0000,fold=4 short=0.3669724770642202 long=0.1636085626911315
2026-09-19T02:32,R4,4,234af73a,-,y5_ap_od30_ownp80,y5_ap_so_far_by_fold,train,median,14,1.0000,fold=0 rate=0.12267657992565056 short=0.29739776951672864
2026-09-19T02:32,R4,4,234af73a,-,y5_ap_od30_ownp80,y5_ap_so_far_by_fold,train,median,14,1.0000,fold=1 rate=0.11729323308270677 short=0.34285714285714286
2026-09-19T02:32,R4,4,234af73a,-,y5_ap_od30_ownp80,y5_ap_so_far_by_fold,train,median,13,1.0000,fold=2 rate=0.047619047619047616 short=0.37188208616780044
2026-09-19T02:32,R4,4,234af73a,-,y5_ap_od30_ownp80,y5_ap_so_far_by_fold,train,median,13,1.0000,fold=3 rate=0.11009174311926606 short=0.3463302752293578
2026-09-19T02:32,R4,4,234af73a,-,y5_ap_od30_ownp80,y5_ap_so_far_by_fold,train,median,12,1.0000,fold=4 rate=0.04424778761061947 short=0.4239742558326629
2026-09-19T02:32,R4,4,234af73a,-,y5_ap_od30_ownp80,single_so_far,cv5_group,auroc,0.545869,1.0000,tenure single; sign=1; sizeAUC=0.521090963623462
2026-09-19T02:32,R4,4,234af73a,-,y5_ar_od30_sust,single_so_far,cv5_group,auroc,0.559889,1.0000,tenure single; sign=1; sizeAUC=0.5199111420424227
2026-09-19T02:33,R4,4,234af73a,A-vs-D,y5_ap_od30_ownp80,y5_why_story,train,story,0.5,1.0000,unexplained_leftover; cash=0.239 hhi=0.145 neither=0.651; never E; no GBM
2026-09-19T02:33,R4,4,234af73a,A-vs-D,y5_ar_od30_sust,y5_why_story,train,story,0.5,1.0000,unexplained_leftover; cash=0.219 hhi=0.188 neither=0.653; never E; no GBM
2026-09-19T02:33,R4,4,234af73a,-,y5_ap_od30_ownp80,y5_why_y2_neg_2of3,train,share_of_positives,0.076555,1.0000,own-cut flag; n_hi=32 n_def=418 n_pos=418; train labeled only; never E
2026-09-19T02:33,R4,4,234af73a,-,y5_ap_od30_ownp80,y5_why_y4_ds_r_double,train,share_of_positives,0.15,0.1914,own-cut flag; n_hi=12 n_def=80 n_pos=418; train labeled only; never E
2026-09-19T02:33,R4,4,234af73a,-,y5_ap_od30_ownp80,y5_why_y9_fee_r_ownp80,train,share_of_positives,0.153247,0.9211,own-cut flag; n_hi=59 n_def=385 n_pos=418; train labeled only; never E
2026-09-19T02:33,R4,4,234af73a,A,y5_ap_od30_ownp80,y5_why_a_io_ratio_lo,train,share_of_positives,0.238961,0.9211,own-cut flag; n_hi=92 n_def=385 n_pos=418; train labeled only; never E
2026-09-19T02:33,R4,4,234af73a,D,y5_ap_od30_ownp80,y5_why_d_supp_hhi_hi,train,share_of_positives,0.144809,0.8756,own-cut flag; n_hi=53 n_def=366 n_pos=418; train labeled only; never E
2026-09-19T02:33,R4,4,234af73a,C,y5_ap_od30_ownp80,y5_why_c_gap_sd_hi,train,share_of_positives,0.17233,0.9856,own-cut flag; n_hi=71 n_def=412 n_pos=418; train labeled only; never E
2026-09-19T02:33,R4,4,234af73a,-,y5_ar_od30_sust,y5_why_y2_neg_2of3,train,share_of_positives,0.113924,1.0000,own-cut flag; n_hi=27 n_def=237 n_pos=237; train labeled only; never E
2026-09-19T02:33,R4,4,234af73a,-,y5_ar_od30_sust,y5_why_y4_ds_r_double,train,share_of_positives,0.0285714,0.1477,own-cut flag; n_hi=1 n_def=35 n_pos=237; train labeled only; never E
2026-09-19T02:33,R4,4,234af73a,-,y5_ar_od30_sust,y5_why_y9_fee_r_ownp80,train,share_of_positives,0.0982143,0.9451,own-cut flag; n_hi=22 n_def=224 n_pos=237; train labeled only; never E
2026-09-19T02:33,R4,4,234af73a,A,y5_ar_od30_sust,y5_why_a_io_ratio_lo,train,share_of_positives,0.21875,0.9451,own-cut flag; n_hi=49 n_def=224 n_pos=237; train labeled only; never E
2026-09-19T02:33,R4,4,234af73a,D,y5_ar_od30_sust,y5_why_d_cust_hhi_hi,train,share_of_positives,0.188119,0.8523,own-cut flag; n_hi=38 n_def=202 n_pos=237; train labeled only; never E
2026-09-19T02:33,R4,4,234af73a,C,y5_ar_od30_sust,y5_why_c_gap_sd_hi,train,share_of_positives,0.214592,0.9831,own-cut flag; n_hi=50 n_def=233 n_pos=237; train labeled only; never E
2026-09-19T02:33,R4,4,234af73a,D,y5_ap_od30_ownp80,single_d_supp_hhi,cv5_group,auroc,0.538629,0.9994,group-fold; sign from train fold; CV=0.5386±0.044; sign=-1; sizeAUC=0.663; size_park=True; never E; quote CV not holdout
2026-09-19T02:33,R4,4,234af73a,D,y5_ap_od30_ownp80,single_d_cust_hhi,cv5_group,auroc,0.438672,0.9093,group-fold; sign from train fold; CV=0.4387±0.095; sign=+1; sizeAUC=0.547; size_park=False; never E; quote CV not holdout
2026-09-19T02:33,R4,4,234af73a,A,y5_ap_od30_ownp80,single_a_out6,cv5_group,auroc,0.579587,1.0000,group-fold; sign from train fold; CV=0.5796±0.064; sign=+1; sizeAUC=0.903; size_park=True; never E; quote CV not holdout
2026-09-19T02:33,R4,4,234af73a,A,y5_ap_od30_ownp80,single_log1p_a_in3,cv5_group,auroc,0.556456,1.0000,group-fold; sign from train fold; CV=0.5565±0.086; sign=+1; sizeAUC=1.000; size_park=True; never E; quote CV not holdout
2026-09-19T02:33,R4,4,234af73a,C,y5_ap_od30_ownp80,single_c_n_days_with_tx,cv5_group,auroc,0.540118,1.0000,group-fold; sign from train fold; CV=0.5401±0.083; sign=+1; sizeAUC=0.763; size_park=True; never E; quote CV not holdout
2026-09-19T02:33,R4,4,234af73a,A,y5_ap_od30_ownp80,single_a_io_ratio,cv5_group,auroc,0.52526,1.0000,group-fold; sign from train fold; CV=0.5253±0.039; sign=-1; sizeAUC=0.569; size_park=False; never E; quote CV not holdout
2026-09-19T02:33,R4,4,234af73a,C,y5_ap_od30_ownp80,single_c_gap_sd,cv5_group,auroc,0.543824,0.9910,group-fold; sign from train fold; CV=0.5438±0.081; sign=-1; sizeAUC=0.765; size_park=True; never E; quote CV not holdout
2026-09-19T02:33,R4,4,234af73a,D,y5_ap_od30_ownp80,single_d_tx_cp_share,cv5_group,auroc,0.531531,0.9978,group-fold; sign from train fold; CV=0.5315±0.095; sign=-1; sizeAUC=0.540; size_park=False; never E; quote CV not holdout
2026-09-19T02:33,R4,4,234af73a,H,y5_ap_od30_ownp80,single_h_group_size,cv5_group,auroc,0.581498,1.0000,group-fold; sign from train fold; CV=0.5815±0.086; sign=-1; sizeAUC=0.517; size_park=False; never E; quote CV not holdout
2026-09-19T02:33,R4,4,234af73a,D,y5_ar_od30_sust,single_d_supp_hhi,cv5_group,auroc,0.544727,0.9982,group-fold; sign from train fold; CV=0.5447±0.063; sign=+1; sizeAUC=0.655; size_park=True; never E; quote CV not holdout
2026-09-19T02:33,R4,4,234af73a,D,y5_ar_od30_sust,single_d_cust_hhi,cv5_group,auroc,0.464421,0.9988,group-fold; sign from train fold; CV=0.4644±0.065; sign=-1; sizeAUC=0.548; size_park=False; never E; quote CV not holdout
2026-09-19T02:33,R4,4,234af73a,A,y5_ar_od30_sust,single_a_out6,cv5_group,auroc,0.465204,1.0000,group-fold; sign from train fold; CV=0.4652±0.036; sign=+1; sizeAUC=0.905; size_park=True; never E; quote CV not holdout
2026-09-19T02:33,R4,4,234af73a,A,y5_ar_od30_sust,single_log1p_a_in3,cv5_group,auroc,0.468577,1.0000,group-fold; sign from train fold; CV=0.4686±0.024; sign=+1; sizeAUC=1.000; size_park=True; never E; quote CV not holdout
2026-09-19T02:33,R4,4,234af73a,C,y5_ar_od30_sust,single_c_n_days_with_tx,cv5_group,auroc,0.532872,1.0000,group-fold; sign from train fold; CV=0.5329±0.080; sign=+1; sizeAUC=0.740; size_park=True; never E; quote CV not holdout
2026-09-19T02:33,R4,4,234af73a,A,y5_ar_od30_sust,single_a_io_ratio,cv5_group,auroc,0.485731,1.0000,group-fold; sign from train fold; CV=0.4857±0.091; sign=-1; sizeAUC=0.556; size_park=False; never E; quote CV not holdout
2026-09-19T02:33,R4,4,234af73a,C,y5_ar_od30_sust,single_c_gap_sd,cv5_group,auroc,0.53327,0.9913,group-fold; sign from train fold; CV=0.5333±0.109; sign=-1; sizeAUC=0.747; size_park=True; never E; quote CV not holdout
2026-09-19T02:33,R4,4,234af73a,D,y5_ar_od30_sust,single_d_tx_cp_share,cv5_group,auroc,0.576499,0.9979,group-fold; sign from train fold; CV=0.5765±0.079; sign=-1; sizeAUC=0.535; size_park=False; never E; quote CV not holdout
2026-09-19T02:33,R4,4,234af73a,H,y5_ar_od30_sust,single_h_group_size,cv5_group,auroc,0.457545,1.0000,group-fold; sign from train fold; CV=0.4575±0.070; sign=+1; sizeAUC=0.506; size_park=False; never E; quote CV not holdout
2026-09-19T02:33,R4,4,234af73a,D-vs-E,y5_ap_od30_ownp80,leak_d_supp_hhi,train,spearman_e_ap_overdue_30,0.121238,1.0000,"train any-Y5; pearson=0.1325276532746291; fail=False; E comparator only, not X"
2026-09-19T02:33,R4,4,234af73a,D-vs-E,y5_ap_od30_ownp80,leak_d_supp_hhi,train,spearman_e_ar_overdue_30,0.0615171,1.0000,"train any-Y5; pearson=0.04652101082422252; fail=False; E comparator only, not X"
2026-09-19T02:33,R4,4,234af73a,D-vs-E,y5_ap_od30_ownp80,leak_d_supp_hhi,train,spearman_e_delay_paid,-0.0378199,1.0000,"train any-Y5; pearson=0.05636887527045636; fail=False; E comparator only, not X"
2026-09-19T02:33,R4,4,234af73a,D-vs-E,y5_ap_od30_ownp80,leak_d_supp_hhi,train,spearman_e_delay_coll,0.0274505,1.0000,"train any-Y5; pearson=0.03947277424720859; fail=False; E comparator only, not X"
2026-09-19T02:33,R4,4,234af73a,D-vs-E,y5_ap_od30_ownp80,leak_d_cust_hhi,train,spearman_e_ap_overdue_30,0.0420147,1.0000,"train any-Y5; pearson=0.03228453101700624; fail=False; E comparator only, not X"
2026-09-19T02:33,R4,4,234af73a,D-vs-E,y5_ap_od30_ownp80,leak_d_cust_hhi,train,spearman_e_ar_overdue_30,0.117313,1.0000,"train any-Y5; pearson=0.09553603344096032; fail=False; E comparator only, not X"
2026-09-19T02:33,R4,4,234af73a,D-vs-E,y5_ap_od30_ownp80,leak_d_cust_hhi,train,spearman_e_delay_paid,0.0580314,1.0000,"train any-Y5; pearson=0.07819627387423152; fail=False; E comparator only, not X"
2026-09-19T02:33,R4,4,234af73a,D-vs-E,y5_ap_od30_ownp80,leak_d_cust_hhi,train,spearman_e_delay_coll,-0.140704,1.0000,"train any-Y5; pearson=-0.007960644829407764; fail=False; E comparator only, not X"
2026-09-19T02:33,R4,4,234af73a,A-vs-E,y5_ap_od30_ownp80,leak_a_out6,train,spearman_e_ap_overdue_30,-0.11935,1.0000,"train any-Y5; pearson=-0.007944322842623116; fail=False; E comparator only, not X"
2026-09-19T02:33,R4,4,234af73a,A-vs-E,y5_ap_od30_ownp80,leak_a_out6,train,spearman_e_ar_overdue_30,-0.0759857,1.0000,"train any-Y5; pearson=0.012230769468555506; fail=False; E comparator only, not X"
2026-09-19T02:33,R4,4,234af73a,A-vs-E,y5_ap_od30_ownp80,leak_a_out6,train,spearman_e_delay_paid,-0.119162,1.0000,"train any-Y5; pearson=0.029855977169877965; fail=False; E comparator only, not X"
2026-09-19T02:33,R4,4,234af73a,A-vs-E,y5_ap_od30_ownp80,leak_a_out6,train,spearman_e_delay_coll,-0.175364,1.0000,"train any-Y5; pearson=0.036080054637883656; fail=False; E comparator only, not X"
2026-09-19T02:33,R4,4,234af73a,L-vs-E,y5_ap_od30_ownp80,leak_log1p_a_in3,train,spearman_e_ap_overdue_30,-0.110309,1.0000,"train any-Y5; pearson=-0.13604836002901494; fail=False; E comparator only, not X"
2026-09-19T02:33,R4,4,234af73a,L-vs-E,y5_ap_od30_ownp80,leak_log1p_a_in3,train,spearman_e_ar_overdue_30,-0.096787,1.0000,"train any-Y5; pearson=-0.10063653272907722; fail=False; E comparator only, not X"
2026-09-19T02:33,R4,4,234af73a,L-vs-E,y5_ap_od30_ownp80,leak_log1p_a_in3,train,spearman_e_delay_paid,-0.0612183,1.0000,"train any-Y5; pearson=-0.03838774278148546; fail=False; E comparator only, not X"
2026-09-19T02:33,R4,4,234af73a,L-vs-E,y5_ap_od30_ownp80,leak_log1p_a_in3,train,spearman_e_delay_coll,-0.112696,1.0000,"train any-Y5; pearson=-0.06388109442096432; fail=False; E comparator only, not X"
2026-09-19T02:33,R4,4,234af73a,C-vs-E,y5_ap_od30_ownp80,leak_c_n_days_with_tx,train,spearman_e_ap_overdue_30,-0.0912656,1.0000,"train any-Y5; pearson=-0.11252327910945042; fail=False; E comparator only, not X"
2026-09-19T02:33,R4,4,234af73a,C-vs-E,y5_ap_od30_ownp80,leak_c_n_days_with_tx,train,spearman_e_ar_overdue_30,-0.0756312,1.0000,"train any-Y5; pearson=-0.0704679060583495; fail=False; E comparator only, not X"
2026-09-19T02:33,R4,4,234af73a,C-vs-E,y5_ap_od30_ownp80,leak_c_n_days_with_tx,train,spearman_e_delay_paid,-0.054343,1.0000,"train any-Y5; pearson=-0.13700333804285278; fail=False; E comparator only, not X"
2026-09-19T02:33,R4,4,234af73a,C-vs-E,y5_ap_od30_ownp80,leak_c_n_days_with_tx,train,spearman_e_delay_coll,-0.0718168,1.0000,"train any-Y5; pearson=-0.11857802917215707; fail=False; E comparator only, not X"
2026-09-19T02:33,R4,4,234af73a,A-vs-E,y5_ap_od30_ownp80,leak_a_io_ratio,train,spearman_e_ap_overdue_30,0.0194107,1.0000,"train any-Y5; pearson=-0.018499526507554112; fail=False; E comparator only, not X"
2026-09-19T02:33,R4,4,234af73a,A-vs-E,y5_ap_od30_ownp80,leak_a_io_ratio,train,spearman_e_ar_overdue_30,0.00538199,1.0000,"train any-Y5; pearson=-0.01671519470121732; fail=False; E comparator only, not X"
2026-09-19T02:33,R4,4,234af73a,A-vs-E,y5_ap_od30_ownp80,leak_a_io_ratio,train,spearman_e_delay_paid,0.103559,1.0000,"train any-Y5; pearson=0.008751293258410172; fail=False; E comparator only, not X"
2026-09-19T02:33,R4,4,234af73a,A-vs-E,y5_ap_od30_ownp80,leak_a_io_ratio,train,spearman_e_delay_coll,0.110561,1.0000,"train any-Y5; pearson=-0.05207647484063407; fail=False; E comparator only, not X"
2026-09-19T02:33,R4,4,234af73a,C-vs-E,y5_ap_od30_ownp80,leak_c_gap_sd,train,spearman_e_ap_overdue_30,0.0548958,1.0000,"train any-Y5; pearson=0.1453197869941648; fail=False; E comparator only, not X"
2026-09-19T02:33,R4,4,234af73a,C-vs-E,y5_ap_od30_ownp80,leak_c_gap_sd,train,spearman_e_ar_overdue_30,0.0548058,1.0000,"train any-Y5; pearson=0.10492096989718318; fail=False; E comparator only, not X"
2026-09-19T02:33,R4,4,234af73a,C-vs-E,y5_ap_od30_ownp80,leak_c_gap_sd,train,spearman_e_delay_paid,0.0430533,1.0000,"train any-Y5; pearson=0.11306630355405417; fail=False; E comparator only, not X"
2026-09-19T02:33,R4,4,234af73a,C-vs-E,y5_ap_od30_ownp80,leak_c_gap_sd,train,spearman_e_delay_coll,0.0597233,1.0000,"train any-Y5; pearson=0.09653013437624978; fail=False; E comparator only, not X"
2026-09-19T02:33,R4,4,234af73a,D-vs-E,y5_ap_od30_ownp80,leak_d_tx_cp_share,train,spearman_e_ap_overdue_30,-0.112642,1.0000,"train any-Y5; pearson=-0.06658708305331662; fail=False; E comparator only, not X"
2026-09-19T02:33,R4,4,234af73a,D-vs-E,y5_ap_od30_ownp80,leak_d_tx_cp_share,train,spearman_e_ar_overdue_30,-0.0743727,1.0000,"train any-Y5; pearson=-0.05578169216352441; fail=False; E comparator only, not X"
2026-09-19T02:33,R4,4,234af73a,D-vs-E,y5_ap_od30_ownp80,leak_d_tx_cp_share,train,spearman_e_delay_paid,-0.048256,1.0000,"train any-Y5; pearson=-0.005648608440880028; fail=False; E comparator only, not X"
2026-09-19T02:33,R4,4,234af73a,D-vs-E,y5_ap_od30_ownp80,leak_d_tx_cp_share,train,spearman_e_delay_coll,0.107058,1.0000,"train any-Y5; pearson=0.011585155648676172; fail=False; E comparator only, not X"
2026-09-19T02:33,R4,4,234af73a,H-vs-E,y5_ap_od30_ownp80,leak_h_group_size,train,spearman_e_ap_overdue_30,-0.0809422,1.0000,"train any-Y5; pearson=-0.05922313495757473; fail=False; E comparator only, not X"
2026-09-19T02:33,R4,4,234af73a,H-vs-E,y5_ap_od30_ownp80,leak_h_group_size,train,spearman_e_ar_overdue_30,-0.0367651,1.0000,"train any-Y5; pearson=-0.0412116746063871; fail=False; E comparator only, not X"
2026-09-19T02:33,R4,4,234af73a,H-vs-E,y5_ap_od30_ownp80,leak_h_group_size,train,spearman_e_delay_paid,-0.0112416,1.0000,"train any-Y5; pearson=0.007928806030105257; fail=False; E comparator only, not X"
2026-09-19T02:33,R4,4,234af73a,H-vs-E,y5_ap_od30_ownp80,leak_h_group_size,train,spearman_e_delay_coll,0.0235645,1.0000,"train any-Y5; pearson=-0.023517363967225164; fail=False; E comparator only, not X"
2026-09-19T02:33,R4,4,234af73a,-,y5_ap_od30_ownp80,y5_holdout_coverage,train,n_pos,14,1.0000,LOW_POWER; n=195 pos=14 cos=28 pos_cos=8; not an AUROC claim
2026-09-19T02:33,R4,4,234af73a,-,y5_ar_od30_sust,y5_holdout_coverage,train,n_pos,8,1.0000,LOW_POWER; n=165 pos=8 cos=23 pos_cos=5; not an AUROC claim
2026-09-19T02:33,R4,4,234af73a,-,y5_ap_delay_up15,y5_holdout_coverage,train,n_pos,8,1.0000,LOW_POWER; n=171 pos=8 cos=27 pos_cos=4; not an AUROC claim
2026-09-19T02:33,R4,4,234af73a,D,y5_ap_od30_ownp80,single_d_supp_hhi,cv5_group,auroc,0.538629,0.9994,Q6 honest 1m; lag=0; CV=0.5386±0.044; never t3; never E
2026-09-19T02:33,R4,4,234af73a,D,y5_ap_od30_ownp80,single_d_supp_hhi_lag1,cv5_group,auroc,0.549224,0.9994,Q6 honest 1m; lag=1; CV=0.5492±0.055; never t3; never E
2026-09-19T02:33,R4,4,234af73a,A,y5_ap_od30_ownp80,single_a_io_ratio,cv5_group,auroc,0.52526,1.0000,Q6 honest 1m; lag=0; CV=0.5253±0.039; never t3; never E
2026-09-19T02:33,R4,4,234af73a,A,y5_ap_od30_ownp80,single_a_io_ratio_lag1,cv5_group,auroc,0.527875,1.0000,Q6 honest 1m; lag=1; CV=0.5279±0.044; never t3; never E
2026-09-19T02:33,R4,4,234af73a,H,y5_ap_od30_ownp80,single_h_group_size,cv5_group,auroc,0.581498,1.0000,Q6 honest 1m; lag=0; CV=0.5815±0.086; never t3; never E
2026-09-19T02:33,R4,4,234af73a,H,y5_ap_od30_ownp80,single_h_group_size_lag1,cv5_group,auroc,0.581498,1.0000,Q6 honest 1m; lag=1; CV=0.5815±0.086; never t3; never E
2026-09-19T02:33,R4,4,234af73a,D,y5_ar_od30_sust,single_d_cust_hhi,cv5_group,auroc,0.464421,0.9988,Q6 honest 1m; lag=0; CV=0.4644±0.065; never t3; never E
2026-09-19T02:33,R4,4,234af73a,D,y5_ar_od30_sust,single_d_cust_hhi_lag1,cv5_group,auroc,0.46048,0.9985,Q6 honest 1m; lag=1; CV=0.4605±0.070; never t3; never E
2026-09-19T02:33,R4,4,234af73a,A,y5_ar_od30_sust,single_a_io_ratio,cv5_group,auroc,0.485731,1.0000,Q6 honest 1m; lag=0; CV=0.4857±0.091; never t3; never E
2026-09-19T02:33,R4,4,234af73a,A,y5_ar_od30_sust,single_a_io_ratio_lag1,cv5_group,auroc,0.482641,1.0000,Q6 honest 1m; lag=1; CV=0.4826±0.099; never t3; never E
2026-09-19T02:33,R4,4,234af73a,D,y5_ar_od30_sust,single_d_tx_cp_share,cv5_group,auroc,0.576499,0.9979,Q6 honest 1m; lag=0; CV=0.5765±0.079; never t3; never E
2026-09-19T02:33,R4,4,234af73a,D,y5_ar_od30_sust,single_d_tx_cp_share_lag1,cv5_group,auroc,0.562924,0.9979,Q6 honest 1m; lag=1; CV=0.5629±0.075; never t3; never E
2026-09-19T02:33,R4,4,234af73a,D,y5_ap_od30_ownp80,d_supp_hhi_quintile,train,y_rate_q1,0.09684,0.2001,"train labeled cuts; n=981 pos=95 interval=(0.00563, 0.117]; up=False down=False tail=False"
2026-09-19T02:33,R4,4,234af73a,D,y5_ap_od30_ownp80,d_supp_hhi_quintile,train,y_rate_q2,0.0928571,0.1999,"train labeled cuts; n=980 pos=91 interval=(0.117, 0.218]; up=False down=False tail=False"
2026-09-19T02:33,R4,4,234af73a,D,y5_ap_od30_ownp80,d_supp_hhi_quintile,train,y_rate_q3,0.0743381,0.2003,"train labeled cuts; n=982 pos=73 interval=(0.218, 0.342]; up=False down=False tail=False"
2026-09-19T02:33,R4,4,234af73a,D,y5_ap_od30_ownp80,d_supp_hhi_quintile,train,y_rate_q4,0.0838446,0.1995,"train labeled cuts; n=978 pos=82 interval=(0.342, 0.532]; up=False down=False tail=False"
2026-09-19T02:33,R4,4,234af73a,D,y5_ap_od30_ownp80,d_supp_hhi_quintile,train,y_rate_q5,0.0784913,0.2001,"train labeled cuts; n=981 pos=77 interval=(0.532, 1.0]; up=False down=False tail=False"
2026-09-19T02:33,R4,4,234af73a,D,y5_ar_od30_sust,d_supp_hhi_quintile,train,y_rate_q1,0.0558912,0.2001,"train labeled cuts; n=662 pos=37 interval=(0.011, 0.106]; up=False down=False tail=False"
2026-09-19T02:33,R4,4,234af73a,D,y5_ar_od30_sust,d_supp_hhi_quintile,train,y_rate_q2,0.0694864,0.2001,"train labeled cuts; n=662 pos=46 interval=(0.106, 0.191]; up=False down=False tail=False"
2026-09-19T02:33,R4,4,234af73a,D,y5_ar_od30_sust,d_supp_hhi_quintile,train,y_rate_q3,0.0786687,0.1998,"train labeled cuts; n=661 pos=52 interval=(0.191, 0.308]; up=False down=False tail=False"
2026-09-19T02:33,R4,4,234af73a,D,y5_ar_od30_sust,d_supp_hhi_quintile,train,y_rate_q4,0.0755287,0.2001,"train labeled cuts; n=662 pos=50 interval=(0.308, 0.504]; up=False down=False tail=False"
2026-09-19T02:33,R4,4,234af73a,D,y5_ar_od30_sust,d_supp_hhi_quintile,train,y_rate_q5,0.0770393,0.2001,"train labeled cuts; n=662 pos=51 interval=(0.504, 1.0]; up=False down=False tail=False"
2026-09-19T02:33,R4,4,234af73a,D,y5_ap_od30_ownp80,d_cust_hhi_quintile,train,y_rate_q1,0.0639013,0.2000,"train labeled cuts; n=892 pos=57 interval=(0.0017599999999999998, 0.129]; up=False down=False tail=False"
2026-09-19T02:33,R4,4,234af73a,D,y5_ap_od30_ownp80,d_cust_hhi_quintile,train,y_rate_q2,0.100897,0.2000,"train labeled cuts; n=892 pos=90 interval=(0.129, 0.318]; up=False down=False tail=False"
2026-09-19T02:33,R4,4,234af73a,D,y5_ap_od30_ownp80,d_cust_hhi_quintile,train,y_rate_q3,0.0975336,0.2000,"train labeled cuts; n=892 pos=87 interval=(0.318, 0.564]; up=False down=False tail=False"
2026-09-19T02:33,R4,4,234af73a,D,y5_ap_od30_ownp80,d_cust_hhi_quintile,train,y_rate_q4,0.0874439,0.2000,"train labeled cuts; n=892 pos=78 interval=(0.564, 0.945]; up=False down=False tail=False"
2026-09-19T02:33,R4,4,234af73a,D,y5_ap_od30_ownp80,d_cust_hhi_quintile,train,y_rate_q5,0.0773543,0.2000,"train labeled cuts; n=892 pos=69 interval=(0.945, 1.0]; up=False down=False tail=False"
2026-09-19T02:33,R4,4,234af73a,D,y5_ar_od30_sust,d_cust_hhi_quintile,train,y_rate_q1,0.0603318,0.2002,"train labeled cuts; n=663 pos=40 interval=(0.0017599999999999998, 0.108]; up=False down=False tail=False"
2026-09-19T02:33,R4,4,234af73a,D,y5_ar_od30_sust,d_cust_hhi_quintile,train,y_rate_q2,0.0861027,0.1999,"train labeled cuts; n=662 pos=57 interval=(0.108, 0.241]; up=False down=False tail=False"
2026-09-19T02:33,R4,4,234af73a,D,y5_ar_od30_sust,d_cust_hhi_quintile,train,y_rate_q3,0.0785498,0.1999,"train labeled cuts; n=662 pos=52 interval=(0.241, 0.442]; up=False down=False tail=False"
2026-09-19T02:33,R4,4,234af73a,D,y5_ar_od30_sust,d_cust_hhi_quintile,train,y_rate_q4,0.081571,0.1999,"train labeled cuts; n=662 pos=54 interval=(0.442, 0.784]; up=False down=False tail=False"
2026-09-19T02:33,R4,4,234af73a,D,y5_ar_od30_sust,d_cust_hhi_quintile,train,y_rate_q5,0.0513595,0.1999,"train labeled cuts; n=662 pos=34 interval=(0.784, 1.0]; up=False down=False tail=False"
2026-09-19T02:33,R4,4,234af73a,A,y5_ap_od30_ownp80,a_out6_quintile,train,y_rate_q1,0.0550459,0.2000,"train labeled cuts; n=981 pos=54 interval=(-28157774.900999997, 97077.858]; up=False down=False tail=False"
2026-09-19T02:33,R4,4,234af73a,A,y5_ap_od30_ownp80,a_out6_quintile,train,y_rate_q2,0.0825688,0.2000,"train labeled cuts; n=981 pos=81 interval=(97077.858, 452601.654]; up=False down=False tail=False"
2026-09-19T02:33,R4,4,234af73a,A,y5_ap_od30_ownp80,a_out6_quintile,train,y_rate_q3,0.0825688,0.2000,"train labeled cuts; n=981 pos=81 interval=(452601.654, 1274415.418]; up=False down=False tail=False"
2026-09-19T02:33,R4,4,234af73a,A,y5_ap_od30_ownp80,a_out6_quintile,train,y_rate_q4,0.109072,0.2000,"train labeled cuts; n=981 pos=107 interval=(1274415.418, 4254456.872]; up=False down=False tail=False"
2026-09-19T02:33,R4,4,234af73a,A,y5_ap_od30_ownp80,a_out6_quintile,train,y_rate_q5,0.09684,0.2000,"train labeled cuts; n=981 pos=95 interval=(4254456.872, 17114407320.57]; up=False down=False tail=False"
2026-09-19T02:33,R4,4,234af73a,A,y5_ar_od30_sust,a_out6_quintile,train,y_rate_q1,0.0542986,0.2000,"train labeled cuts; n=663 pos=36 interval=(-28157774.900999997, 151264.498]; up=False down=False tail=False"
2026-09-19T02:33,R4,4,234af73a,A,y5_ar_od30_sust,a_out6_quintile,train,y_rate_q2,0.0784314,0.2000,"train labeled cuts; n=663 pos=52 interval=(151264.498, 514384.806]; up=False down=False tail=False"
2026-09-19T02:33,R4,4,234af73a,A,y5_ar_od30_sust,a_out6_quintile,train,y_rate_q3,0.0829563,0.2000,"train labeled cuts; n=663 pos=55 interval=(514384.806, 1369367.58]; up=False down=False tail=False"
2026-09-19T02:33,R4,4,234af73a,A,y5_ar_od30_sust,a_out6_quintile,train,y_rate_q4,0.0799397,0.2000,"train labeled cuts; n=663 pos=53 interval=(1369367.58, 4572547.922]; up=False down=False tail=False"
2026-09-19T02:33,R4,4,234af73a,A,y5_ar_od30_sust,a_out6_quintile,train,y_rate_q5,0.0618401,0.2000,"train labeled cuts; n=663 pos=41 interval=(4572547.922, 17114407320.57]; up=False down=False tail=False"
2026-09-19T02:33,R4,4,234af73a,A,y5_ap_od30_ownp80,log1p_a_in3_quintile,train,y_rate_q1,0.0662589,0.2000,"train labeled cuts; n=981 pos=65 interval=(-0.001, 10.696]; up=False down=False tail=False"
2026-09-19T02:33,R4,4,234af73a,A,y5_ap_od30_ownp80,log1p_a_in3_quintile,train,y_rate_q2,0.0846075,0.2000,"train labeled cuts; n=981 pos=83 interval=(10.696, 12.198]; up=False down=False tail=False"
2026-09-19T02:33,R4,4,234af73a,A,y5_ap_od30_ownp80,log1p_a_in3_quintile,train,y_rate_q3,0.069317,0.2000,"train labeled cuts; n=981 pos=68 interval=(12.198, 13.3]; up=False down=False tail=False"
2026-09-19T02:33,R4,4,234af73a,A,y5_ap_od30_ownp80,log1p_a_in3_quintile,train,y_rate_q4,0.108053,0.2000,"train labeled cuts; n=981 pos=106 interval=(13.3, 14.46]; up=False down=False tail=False"
2026-09-19T02:33,R4,4,234af73a,A,y5_ap_od30_ownp80,log1p_a_in3_quintile,train,y_rate_q5,0.0978593,0.2000,"train labeled cuts; n=981 pos=96 interval=(14.46, 22.713]; up=False down=False tail=False"
2026-09-19T02:33,R4,4,234af73a,A,y5_ar_od30_sust,log1p_a_in3_quintile,train,y_rate_q1,0.0723982,0.2000,"train labeled cuts; n=663 pos=48 interval=(-0.001, 11.262]; up=False down=False tail=False"
2026-09-19T02:33,R4,4,234af73a,A,y5_ar_od30_sust,log1p_a_in3_quintile,train,y_rate_q2,0.0618401,0.2000,"train labeled cuts; n=663 pos=41 interval=(11.262, 12.451]; up=False down=False tail=False"
2026-09-19T02:33,R4,4,234af73a,A,y5_ar_od30_sust,log1p_a_in3_quintile,train,y_rate_q3,0.0844646,0.2000,"train labeled cuts; n=663 pos=56 interval=(12.451, 13.474]; up=False down=False tail=False"
2026-09-19T02:33,R4,4,234af73a,A,y5_ar_od30_sust,log1p_a_in3_quintile,train,y_rate_q4,0.066365,0.2000,"train labeled cuts; n=663 pos=44 interval=(13.474, 14.609]; up=False down=False tail=False"
2026-09-19T02:33,R4,4,234af73a,A,y5_ar_od30_sust,log1p_a_in3_quintile,train,y_rate_q5,0.0723982,0.2000,"train labeled cuts; n=663 pos=48 interval=(14.609, 22.713]; up=False down=False tail=False"
2026-09-19T02:33,R4,4,234af73a,C,y5_ap_od30_ownp80,c_n_days_with_tx_quintile,train,y_rate_q1,0.0634921,0.2055,"train labeled cuts; n=1008 pos=64 interval=(-0.001, 8.0]; up=True down=False tail=False"
2026-09-19T02:33,R4,4,234af73a,C,y5_ap_od30_ownp80,c_n_days_with_tx_quintile,train,y_rate_q2,0.0836502,0.2145,"train labeled cuts; n=1052 pos=88 interval=(8.0, 14.0]; up=True down=False tail=False"
2026-09-19T02:33,R4,4,234af73a,C,y5_ap_od30_ownp80,c_n_days_with_tx_quintile,train,y_rate_q3,0.0895857,0.1821,"train labeled cuts; n=893 pos=80 interval=(14.0, 18.0]; up=True down=False tail=False"
2026-09-19T02:33,R4,4,234af73a,C,y5_ap_od30_ownp80,c_n_days_with_tx_quintile,train,y_rate_q4,0.0934489,0.2116,"train labeled cuts; n=1038 pos=97 interval=(18.0, 22.0]; up=True down=False tail=False"
2026-09-19T02:33,R4,4,234af73a,C,y5_ap_od30_ownp80,c_n_days_with_tx_quintile,train,y_rate_q5,0.0973742,0.1863,"train labeled cuts; n=914 pos=89 interval=(22.0, 31.0]; up=True down=False tail=False"
2026-09-19T02:33,R4,4,234af73a,C,y5_ar_od30_sust,c_n_days_with_tx_quintile,train,y_rate_q1,0.0509745,0.2012,"train labeled cuts; n=667 pos=34 interval=(-0.001, 10.0]; up=False down=False tail=False"
2026-09-19T02:33,R4,4,234af73a,C,y5_ar_od30_sust,c_n_days_with_tx_quintile,train,y_rate_q2,0.0752823,0.2404,"train labeled cuts; n=797 pos=60 interval=(10.0, 16.0]; up=False down=False tail=False"
2026-09-19T02:33,R4,4,234af73a,C,y5_ar_od30_sust,c_n_days_with_tx_quintile,train,y_rate_q3,0.0791269,0.2211,"train labeled cuts; n=733 pos=58 interval=(16.0, 20.0]; up=False down=False tail=False"
2026-09-19T02:33,R4,4,234af73a,C,y5_ar_od30_sust,c_n_days_with_tx_quintile,train,y_rate_q4,0.0634391,0.1807,"train labeled cuts; n=599 pos=38 interval=(20.0, 23.0]; up=False down=False tail=False"
2026-09-19T02:33,R4,4,234af73a,C,y5_ar_od30_sust,c_n_days_with_tx_quintile,train,y_rate_q5,0.0905588,0.1566,"train labeled cuts; n=519 pos=47 interval=(23.0, 31.0]; up=False down=False tail=False"
2026-09-19T02:33,R4,4,234af73a,A,y5_ap_od30_ownp80,a_io_ratio_quintile,train,y_rate_q1,0.0815494,0.2000,"train labeled cuts; n=981 pos=80 interval=(-1696.131, 0.489]; up=False down=False tail=False"
2026-09-19T02:33,R4,4,234af73a,A,y5_ap_od30_ownp80,a_io_ratio_quintile,train,y_rate_q2,0.0907238,0.2000,"train labeled cuts; n=981 pos=89 interval=(0.489, 0.901]; up=False down=False tail=False"
2026-09-19T02:33,R4,4,234af73a,A,y5_ap_od30_ownp80,a_io_ratio_quintile,train,y_rate_q3,0.0927625,0.2000,"train labeled cuts; n=981 pos=91 interval=(0.901, 1.124]; up=False down=False tail=False"
2026-09-19T02:33,R4,4,234af73a,A,y5_ap_od30_ownp80,a_io_ratio_quintile,train,y_rate_q4,0.0978593,0.2000,"train labeled cuts; n=981 pos=96 interval=(1.124, 1.871]; up=False down=False tail=False"
2026-09-19T02:33,R4,4,234af73a,A,y5_ap_od30_ownp80,a_io_ratio_quintile,train,y_rate_q5,0.0632008,0.2000,"train labeled cuts; n=981 pos=62 interval=(1.871, 3.0]; up=False down=False tail=False"
2026-09-19T02:33,R4,4,234af73a,A,y5_ar_od30_sust,a_io_ratio_quintile,train,y_rate_q1,0.0874811,0.2000,"train labeled cuts; n=663 pos=58 interval=(-1696.131, 0.564]; up=False down=False tail=False"
2026-09-19T02:33,R4,4,234af73a,A,y5_ar_od30_sust,a_io_ratio_quintile,train,y_rate_q2,0.0708899,0.2000,"train labeled cuts; n=663 pos=47 interval=(0.564, 0.92]; up=False down=False tail=False"
2026-09-19T02:33,R4,4,234af73a,A,y5_ar_od30_sust,a_io_ratio_quintile,train,y_rate_q3,0.0693816,0.2000,"train labeled cuts; n=663 pos=46 interval=(0.92, 1.126]; up=False down=False tail=False"
2026-09-19T02:33,R4,4,234af73a,A,y5_ar_od30_sust,a_io_ratio_quintile,train,y_rate_q4,0.0618401,0.2000,"train labeled cuts; n=663 pos=41 interval=(1.126, 1.818]; up=False down=False tail=False"
2026-09-19T02:33,R4,4,234af73a,A,y5_ar_od30_sust,a_io_ratio_quintile,train,y_rate_q5,0.0678733,0.2000,"train labeled cuts; n=663 pos=45 interval=(1.818, 3.0]; up=False down=False tail=False"
2026-09-19T02:33,R4,4,234af73a,H,y5_ap_od30_ownp80,h_group_size_quintile,train,y_rate_q1,0.100746,0.2186,"train labeled cuts; n=1072 pos=108 interval=(0.999, 4.0]; up=False down=False tail=False"
2026-09-19T02:33,R4,4,234af73a,H,y5_ap_od30_ownp80,h_group_size_quintile,train,y_rate_q2,0.116408,0.1839,"train labeled cuts; n=902 pos=105 interval=(4.0, 9.0]; up=False down=False tail=False"
2026-09-19T02:33,R4,4,234af73a,H,y5_ap_od30_ownp80,h_group_size_quintile,train,y_rate_q3,0.0950951,0.2037,"train labeled cuts; n=999 pos=95 interval=(9.0, 13.0]; up=False down=False tail=False"
2026-09-19T02:33,R4,4,234af73a,H,y5_ap_od30_ownp80,h_group_size_quintile,train,y_rate_q4,0.0757315,0.2369,"train labeled cuts; n=1162 pos=88 interval=(13.0, 18.0]; up=False down=False tail=False"
2026-09-19T02:33,R4,4,234af73a,H,y5_ap_od30_ownp80,h_group_size_quintile,train,y_rate_q5,0.0285714,0.1570,"train labeled cuts; n=770 pos=22 interval=(18.0, 22.0]; up=False down=False tail=False"
2026-09-19T02:33,R4,4,234af73a,H,y5_ar_od30_sust,h_group_size_quintile,train,y_rate_q1,0.056101,0.2151,"train labeled cuts; n=713 pos=40 interval=(0.999, 4.0]; up=False down=False tail=False"
2026-09-19T02:33,R4,4,234af73a,H,y5_ar_od30_sust,h_group_size_quintile,train,y_rate_q2,0.0598706,0.1864,"train labeled cuts; n=618 pos=37 interval=(4.0, 8.0]; up=False down=False tail=False"
2026-09-19T02:33,R4,4,234af73a,H,y5_ar_od30_sust,h_group_size_quintile,train,y_rate_q3,0.0847029,0.2386,"train labeled cuts; n=791 pos=67 interval=(8.0, 13.0]; up=False down=False tail=False"
2026-09-19T02:33,R4,4,234af73a,H,y5_ar_od30_sust,h_group_size_quintile,train,y_rate_q4,0.0693241,0.1741,"train labeled cuts; n=577 pos=40 interval=(13.0, 17.0]; up=False down=False tail=False"
2026-09-19T02:33,R4,4,234af73a,H,y5_ar_od30_sust,h_group_size_quintile,train,y_rate_q5,0.086039,0.1858,"train labeled cuts; n=616 pos=53 interval=(17.0, 22.0]; up=False down=False tail=False"
2026-09-19T02:33,R4,4,234af73a,D,y5_ap_od30_ownp80,d_tx_cp_share_quintile,train,y_rate_q1,0.0868233,0.2000,"train labeled cuts; n=979 pos=85 interval=(-0.001, 0.00587]; up=False down=False tail=False"
2026-09-19T02:33,R4,4,234af73a,D,y5_ap_od30_ownp80,d_tx_cp_share_quintile,train,y_rate_q2,0.122574,0.2000,"train labeled cuts; n=979 pos=120 interval=(0.00587, 0.147]; up=False down=False tail=False"
2026-09-19T02:33,R4,4,234af73a,D,y5_ap_od30_ownp80,d_tx_cp_share_quintile,train,y_rate_q3,0.095092,0.1998,"train labeled cuts; n=978 pos=93 interval=(0.147, 0.306]; up=False down=False tail=False"
2026-09-19T02:33,R4,4,234af73a,D,y5_ap_od30_ownp80,d_tx_cp_share_quintile,train,y_rate_q4,0.052094,0.2000,"train labeled cuts; n=979 pos=51 interval=(0.306, 0.466]; up=False down=False tail=False"
2026-09-19T02:33,R4,4,234af73a,D,y5_ap_od30_ownp80,d_tx_cp_share_quintile,train,y_rate_q5,0.0704801,0.2000,"train labeled cuts; n=979 pos=69 interval=(0.466, 0.963]; up=False down=False tail=False"
2026-09-19T02:33,R4,4,234af73a,D,y5_ar_od30_sust,d_tx_cp_share_quintile,train,y_rate_q1,0.128399,0.2001,"train labeled cuts; n=662 pos=85 interval=(-0.001, 0.00652]; up=False down=False tail=False"
2026-09-19T02:33,R4,4,234af73a,D,y5_ar_od30_sust,d_tx_cp_share_quintile,train,y_rate_q2,0.0605144,0.1998,"train labeled cuts; n=661 pos=40 interval=(0.00652, 0.164]; up=False down=False tail=False"
2026-09-19T02:33,R4,4,234af73a,D,y5_ar_od30_sust,d_tx_cp_share_quintile,train,y_rate_q3,0.0799397,0.2004,"train labeled cuts; n=663 pos=53 interval=(0.164, 0.338]; up=False down=False tail=False"
2026-09-19T02:33,R4,4,234af73a,D,y5_ar_od30_sust,d_tx_cp_share_quintile,train,y_rate_q4,0.0454545,0.1995,"train labeled cuts; n=660 pos=30 interval=(0.338, 0.482]; up=False down=False tail=False"
2026-09-19T02:33,R4,4,234af73a,D,y5_ar_od30_sust,d_tx_cp_share_quintile,train,y_rate_q5,0.0422961,0.2001,"train labeled cuts; n=662 pos=28 interval=(0.482, 0.955]; up=False down=False tail=False"
2026-09-19T02:33,R4,4,234af73a,A+D+C,y5_ap_od30_ownp80,y5_why_verdict,train,decision,1,1.0000,KEEP; trees=PARK; AP=CLOSE/unexplained_leftover; AR=KEEP/unexplained_leftover
2026-09-19T02:33,R4,4,234af73a,D,y5_ap_od30_ownp80,d_supp_hhi_tail_gt0975,train,y_rate,0.0273973,1.0000,Y4-shape tail; rest=0.08614620004141645; tail_auroc=0.49447530613899926; n=73 pos=2; never E
2026-09-19T02:33,R4,4,234af73a,D,y5_ar_od30_sust,d_cust_hhi_tail_gt0975,train,y_rate,0.0275482,1.0000,Y4-shape tail; rest=0.07700135685210312; tail_auroc=0.4636800002196179; n=363 pos=10; never E
2026-09-19T02:33,R4,4,234af73a,D,y5_ap_od30_ownp80,d_cust_hhi_tail_gt0975,train,y_rate,0.0782051,1.0000,Y4-shape tail; rest=0.08695652173913043; tail_auroc=0.4919181467847286; n=780 pos=61; never E
2026-09-19T02:33,R4,4,234af73a,-,y5_ap_od30_ownp80,y5_neither_cell,train,share_of_positives,0.651026,1.0000,neither low-io nor high HHI; n=222/341
2026-09-19T02:33,R4,4,234af73a,-,y5_ar_od30_sust,y5_neither_cell,train,share_of_positives,0.65285,1.0000,neither low-io nor high HHI; n=126/193
2026-09-19T02:33,R4,4,234af73a,H,y5_ap_od30_ownp80,single_h_group_size_size_T1,cv5_group,auroc,0.584635,1.0000,size residual; n=1635 pos=118 rate=0.07217125382262997
2026-09-19T02:33,R4,4,234af73a,C,y5_ap_od30_ownp80,single_c_n_days_with_tx_size_T1,cv5_group,auroc,0.443178,1.0000,size residual; n=1635 pos=118 rate=0.07217125382262997
2026-09-19T02:33,R4,4,234af73a,D,y5_ap_od30_ownp80,single_d_tx_cp_share_size_T1,cv5_group,auroc,0.536162,1.0000,size residual; n=1635 pos=118 rate=0.07217125382262997
2026-09-19T02:33,R4,4,234af73a,H,y5_ap_od30_ownp80,single_h_group_size_size_T2,cv5_group,auroc,0.568274,1.0000,size residual; n=1635 pos=132 rate=0.08073394495412844
2026-09-19T02:33,R4,4,234af73a,C,y5_ap_od30_ownp80,single_c_n_days_with_tx_size_T2,cv5_group,auroc,0.520989,1.0000,size residual; n=1635 pos=132 rate=0.08073394495412844
2026-09-19T02:33,R4,4,234af73a,D,y5_ap_od30_ownp80,single_d_tx_cp_share_size_T2,cv5_group,auroc,0.395229,1.0000,size residual; n=1635 pos=132 rate=0.08073394495412844
2026-09-19T02:33,R4,4,234af73a,H,y5_ap_od30_ownp80,single_h_group_size_size_T3,cv5_group,auroc,0.584071,1.0000,size residual; n=1635 pos=168 rate=0.10275229357798166
2026-09-19T02:33,R4,4,234af73a,C,y5_ap_od30_ownp80,single_c_n_days_with_tx_size_T3,cv5_group,auroc,0.530258,1.0000,size residual; n=1635 pos=168 rate=0.10275229357798166
2026-09-19T02:33,R4,4,234af73a,D,y5_ap_od30_ownp80,single_d_tx_cp_share_size_T3,cv5_group,auroc,0.550585,1.0000,size residual; n=1635 pos=168 rate=0.10275229357798166
2026-09-19T02:33,R4,4,234af73a,D,y5_ar_od30_sust,single_d_tx_cp_share_size_T1,cv5_group,auroc,0.583419,1.0000,size residual; n=1105 pos=80 rate=0.07239819004524888
2026-09-19T02:33,R4,4,234af73a,C,y5_ar_od30_sust,single_c_n_days_with_tx_size_T1,cv5_group,auroc,0.575194,1.0000,size residual; n=1105 pos=80 rate=0.07239819004524888
2026-09-19T02:33,R4,4,234af73a,H,y5_ar_od30_sust,single_h_group_size_size_T1,cv5_group,auroc,0.508798,1.0000,size residual; n=1105 pos=80 rate=0.07239819004524888
2026-09-19T02:33,R4,4,234af73a,D,y5_ar_od30_sust,single_d_tx_cp_share_size_T2,cv5_group,auroc,0.608622,1.0000,size residual; n=1105 pos=74 rate=0.0669683257918552
2026-09-19T02:33,R4,4,234af73a,C,y5_ar_od30_sust,single_c_n_days_with_tx_size_T2,cv5_group,auroc,0.461377,1.0000,size residual; n=1105 pos=74 rate=0.0669683257918552
2026-09-19T02:33,R4,4,234af73a,H,y5_ar_od30_sust,single_h_group_size_size_T2,cv5_group,auroc,0.590958,1.0000,size residual; n=1105 pos=74 rate=0.0669683257918552
2026-09-19T02:33,R4,4,234af73a,D,y5_ar_od30_sust,single_d_tx_cp_share_size_T3,cv5_group,auroc,0.620514,1.0000,size residual; n=1105 pos=83 rate=0.0751131221719457
2026-09-19T02:33,R4,4,234af73a,C,y5_ar_od30_sust,single_c_n_days_with_tx_size_T3,cv5_group,auroc,0.535501,1.0000,size residual; n=1105 pos=83 rate=0.0751131221719457
2026-09-19T02:33,R4,4,234af73a,H,y5_ar_od30_sust,single_h_group_size_size_T3,cv5_group,auroc,0.491589,1.0000,size residual; n=1105 pos=83 rate=0.0751131221719457
2026-09-19T02:33,R4,4,234af73a,D,y5_ap_od30_ownp80,single_d_supp_hhi_short,cv5_group,auroc,0.518803,1.0000,Q6 short so-far<12; lag=0; CV=0.5188±0.054; n_pos=142; never t3
2026-09-19T02:33,R4,4,234af73a,D,y5_ap_od30_ownp80,single_d_supp_hhi_lag1_short,cv5_group,auroc,0.525772,1.0000,Q6 short so-far<12; lag=1; CV=0.5258±0.059; n_pos=142; never t3
2026-09-19T02:33,R4,4,234af73a,A,y5_ap_od30_ownp80,single_a_io_ratio_short,cv5_group,auroc,0.492202,1.0000,Q6 short so-far<12; lag=0; CV=0.4922±0.030; n_pos=142; never t3
2026-09-19T02:33,R4,4,234af73a,A,y5_ap_od30_ownp80,single_a_io_ratio_lag1_short,cv5_group,auroc,0.463626,1.0000,Q6 short so-far<12; lag=1; CV=0.4636±0.036; n_pos=142; never t3
2026-09-19T02:33,R4,4,234af73a,H,y5_ap_od30_ownp80,single_h_group_size_short,cv5_group,auroc,0.619859,1.0000,Q6 short so-far<12; lag=0; CV=0.6199±0.091; n_pos=142; never t3
2026-09-19T02:33,R4,4,234af73a,H,y5_ap_od30_ownp80,single_h_group_size_lag1_short,cv5_group,auroc,0.619859,1.0000,Q6 short so-far<12; lag=1; CV=0.6199±0.091; n_pos=142; never t3
2026-09-19T02:33,R4,4,234af73a,D,y5_ar_od30_sust,single_d_cust_hhi_short,cv5_group,auroc,0.4268,1.0000,Q6 short so-far<12; lag=0; CV=0.4268±0.041; n_pos=75; never t3
2026-09-19T02:33,R4,4,234af73a,D,y5_ar_od30_sust,single_d_cust_hhi_lag1_short,cv5_group,auroc,0.465986,1.0000,Q6 short so-far<12; lag=1; CV=0.4660±0.093; n_pos=75; never t3
2026-09-19T02:33,R4,4,234af73a,A,y5_ar_od30_sust,single_a_io_ratio_short,cv5_group,auroc,0.552671,1.0000,Q6 short so-far<12; lag=0; CV=0.5527±0.172; n_pos=75; never t3
2026-09-19T02:33,R4,4,234af73a,A,y5_ar_od30_sust,single_a_io_ratio_lag1_short,cv5_group,auroc,0.439763,1.0000,Q6 short so-far<12; lag=1; CV=0.4398±0.170; n_pos=75; never t3
2026-09-19T02:33,R4,4,234af73a,D,y5_ar_od30_sust,single_d_tx_cp_share_short,cv5_group,auroc,0.445425,0.9957,Q6 short so-far<12; lag=0; CV=0.4454±0.110; n_pos=75; never t3
2026-09-19T02:33,R4,4,234af73a,D,y5_ar_od30_sust,single_d_tx_cp_share_lag1_short,cv5_group,auroc,0.430929,0.9965,Q6 short so-far<12; lag=1; CV=0.4309±0.094; n_pos=75; never t3
2026-09-19T02:33,R4,4,234af73a,-,y5_ap_od30_ownp80,y5_company_trait,train,spearman,-0.175282,1.0000,x=h_group_size; n_cos=446 ever_pos=171; med_x pos/neg=11.0/12.0
2026-09-19T02:33,R4,4,234af73a,-,y5_ar_od30_sust,y5_company_trait,train,spearman,-0.19357,1.0000,x=d_tx_cp_share; n_cos=331 ever_pos=115; med_x pos/neg=0.1733427034486452/0.2667322274455656
2026-09-19T02:33,R4,4,234af73a,-,y5_ap_od30_ownp80,y5_ap_ar_overlap,train,spearman,0.0631726,1.0000,both_pos=34 ap_only=243 ar_only=189
2026-09-19T02:33,R4,4,234af73a,D,y5_ar_od30_sust,d_tx_cp_share_vs_anycp,train,auroc_gap,0.113845,1.0000,presence_rewrite=False; intensity_dead=False; any_cp=0.4627; all=0.5765; cp>0=0.5799
2026-09-19T02:33,R4,4,234af73a,H,y5_ap_od30_ownp80,h_group_size_ge18,train,y_rate,0.0291262,1.0000,n=1236 pos=36; rest=0.10411556282365768; flag_auc=0.5906574335427279
2026-09-19T02:33,R4,4,234af73a,H,y5_ar_od30_sust,h_group_size_ge18,train,y_rate,0.086039,1.0000,n=616 pos=53; rest=0.06817339755464986; flag_auc=0.4796411445867364
2026-09-19T02:33,R4,4,234af73a,H,y5_ap_od30_ownp80,single_h_group_size_neither,cv5_group,auroc,0.544196,1.0000,neither leftover; n=2379 pos=222; CV=0.5442±0.107
2026-09-19T02:33,R4,4,234af73a,D,y5_ap_od30_ownp80,single_d_tx_cp_share_neither,cv5_group,auroc,0.542912,1.0000,neither leftover; n=2379 pos=222; CV=0.5429±0.053
2026-09-19T02:33,R4,4,234af73a,C,y5_ap_od30_ownp80,single_c_n_days_with_tx_neither,cv5_group,auroc,0.536738,1.0000,neither leftover; n=2379 pos=222; CV=0.5367±0.086
2026-09-19T02:33,R4,4,234af73a,H,y5_ar_od30_sust,single_h_group_size_neither,cv5_group,auroc,0.564464,1.0000,neither leftover; n=1636 pos=126; CV=0.5645±0.065
2026-09-19T02:33,R4,4,234af73a,D,y5_ar_od30_sust,single_d_tx_cp_share_neither,cv5_group,auroc,0.580854,1.0000,neither leftover; n=1636 pos=126; CV=0.5809±0.088
2026-09-19T02:33,R4,4,234af73a,C,y5_ar_od30_sust,single_c_n_days_with_tx_neither,cv5_group,auroc,0.55373,1.0000,neither leftover; n=1636 pos=126; CV=0.5537±0.142
2026-09-19T02:33,R4,4,234af73a,-,y5_ap_od30_ownp80,y5_cash_present_all_pos,train,share_days_gt0,0.990431,1.0000,n=418; in3_def=1.0; med_days=17.0; CLOSE missing-cash
2026-09-19T02:33,R4,4,234af73a,-,y5_ap_od30_ownp80,y5_cash_present_neither_pos,train,share_days_gt0,0.995495,1.0000,n=222; in3_def=1.0; med_days=18.0; CLOSE missing-cash
2026-09-19T02:33,R4,4,234af73a,-,y5_ar_od30_sust,y5_cash_present_all_pos,train,share_days_gt0,0.995781,1.0000,n=237; in3_def=1.0; med_days=18.0; CLOSE missing-cash
2026-09-19T02:33,R4,4,234af73a,-,y5_ar_od30_sust,y5_cash_present_neither_pos,train,share_days_gt0,1,1.0000,n=126; in3_def=1.0; med_days=19.0; CLOSE missing-cash
2026-09-19T02:33,R4,4,234af73a,D,y5_ar_od30_sust,y5_ar_tagging_hole,train,y_rate,0.173913,1.0000,tagging_hole=True; named=0.06340288924558588; thin=0.06606606606606606; med_n_cust=18.0
2026-09-19T02:33,R4,4,234af73a,D,y5_ap_od30_ownp80,y5_ap_tagging_hole,train,y_rate,0.109375,1.0000,tagging_hole_ap=False; named=0.10084033613445378; thin=0.0755287009063444; med_n_supp=30.0
2026-09-19T02:33,R4,4,234af73a,D,y5_ar_od30_sust,y5_ar_hole_vs_cash,train,y_rate,0.161538,1.0000,cash_independent=True; hole_cash=0.25; named_ok=0.07272727272727272; named_cash=0.038338658146964855
2026-09-19T02:33,R4,4,234af73a,D,y5_ar_od30_sust,y5_ar_hole_flag_hi_cust,cv5_group,auroc,0.568957,1.0000,hi_cust only; CV=0.5689567486292084±0.09630728843688455; n=1614 pos=143; ever_hole_cos=59/191 rate_ever=0.1444154715341156 rate_never=0.08980724662542844; holdout_hole n=54 pos=7 LOW_POWER
2026-09-19T02:33,R4,4,234af73a,D,y5_ar_od30_sust,y5_ar_hole_lag1_short,cv5_group,auroc,0.480432,1.0000,Q6 hole_lag1 so-far<12 CV=0.48043230378894125; long=0.5599284691045368; all=0.5416366453385048; never t3
2026-09-19T02:33,R4,4,234af73a,D,y5_ar_od30_sust,y5_ar_hole_pos_share,train,share_of_pos,0.270042,1.0000,hole_pos=64/237; n_cos=28 top1=0.078125 top3=0.234375 hhi=0.04638671875 fragile=False
2026-09-19T02:33,R4,4,234af73a,D,y5_ar_od30_sust,single_d_tx_cp_share_hi_cust,cv5_group,auroc,0.600344,1.0000,hi_cust CV; lo_cust=0.4656021659944861
2026-09-19T02:33,R4,4,234af73a,D,y5_ar_od30_sust,single_d_tx_cp_share_diff1,cv5_group,auroc,0.557996,1.0000,turning-month first difference; 1m only
2026-09-19T02:33,R4,4,234af73a,D,y5_ar_od30_sust,y5_ar_short_hole_rate,train,y_rate,0.115152,1.0000,short_named=0.05526315789473684; long_hole=0.3088235294117647; long_named=0.07326007326007326
2026-09-19T02:33,R4,4,234af73a,D,y5_ap_od30_ownp80,single_d_n_supp_ap_leftover,cv5_group,auroc,0.58399,1.0000,sizeAUC=0.799; park=True; gap=+0.028
2026-09-19T02:33,R4,4,234af73a,D,y5_ap_od30_ownp80,single_d_supp_top1_ap_leftover,cv5_group,auroc,0.529897,1.0000,sizeAUC=0.642; park=True; gap=-0.027
2026-09-19T02:33,R4,4,234af73a,D,y5_ap_od30_ownp80,single_d_supp_hhi_ap_leftover,cv5_group,auroc,0.538629,1.0000,sizeAUC=0.663; park=True; gap=-0.018
2026-09-19T02:33,R4,4,234af73a,D,y5_ar_od30_sust,d_tx_cp_share_vs_size,train,spearman,-0.0627567,1.0000,vs log1p_a_in3
2026-09-19T02:33,R4,4,234af73a,D,y5_ar_od30_sust,d_tx_cp_share_vs_size,train,spearman,-0.0814137,1.0000,vs h_group_size
2026-09-19T02:33,R4,4,234af73a,D,y5_ar_od30_sust,d_tx_cp_share_vs_size,train,spearman,0.0136532,1.0000,vs d_n_cust
2026-09-19T02:33,R4,4,234af73a,D,y5_ar_od30_sust,d_tx_cp_share_vs_size,train,spearman,-0.0498381,1.0000,vs c_n_days_with_tx
2026-09-19T02:33,R4,4,234af73a,D,y5_ar_od30_sust,y5_ar_hole_vs_E,train,spearman,0.105242,1.0000,leak_fail=False; max|ρ| vs E
2026-09-19T02:33,R4,4,234af73a,D,y5_ar_od30_sust,d_tx_cp_share_hi_cust_head,train,head_only,1,1.0000,n=1614 up=False down=False tail=False head=True
2026-09-19T02:33,R4,4,234af73a,D,y5_ar_od30_sust,y5_ar_hole_fold_range,train,rate_range,0.292793,1.0000,min=0.04054054054054054 max=0.3333333333333333
2026-09-19T02:33,R4,4,234af73a,D,y5_ar_od30_sust,y5_ar_hole_drop_heavy_fold,train,y_rate,0.0782609,1.0000,heavy=3 share_pos=0.859375; named=0.06962025316455696; cv_wo=0.5458733183428132; survives=False
2026-09-19T02:33,R4,4,234af73a,H+D,y5_ar_od30_sust,y5_ar_heavy_fold_who,train,n_companies,111,1.0000,med_group=13.0; med_share=0.06578947368421052; med_ncust=19.0; hole_month_share=0.23890462700661
2026-09-19T02:33,R4,4,234af73a,D,y5_ar_od30_sust,d_tx_cp_share_med_by_fold,train,median,0.274448,1.0000,fold=0 n=589 cos=81 share0=0.0730050933786078 rate=0.06621392190152801
2026-09-19T02:33,R4,4,234af73a,D,y5_ar_od30_sust,d_tx_cp_share_med_by_fold,train,median,0.469671,1.0000,fold=1 n=326 cos=47 share0=0.10429447852760736 rate=0.06441717791411043
2026-09-19T02:33,R4,4,234af73a,D,y5_ar_od30_sust,d_tx_cp_share_med_by_fold,train,median,0.198364,1.0000,fold=2 n=680 cos=73 share0=0.19558823529411765 rate=0.07058823529411765
2026-09-19T02:33,R4,4,234af73a,D,y5_ar_od30_sust,d_tx_cp_share_med_by_fold,train,median,0.0657895,1.0000,fold=3 n=1059 cos=111 share0=0.3323890462700661 rate=0.0906515580736544
2026-09-19T02:33,R4,4,234af73a,D,y5_ar_od30_sust,d_tx_cp_share_med_by_fold,train,median,0.360575,1.0000,fold=4 n=654 cos=81 share0=0.035168195718654434 rate=0.04892966360856269
2026-09-19T02:33,R4,4,234af73a,D,y5_ar_od30_sust,y5_ar_zero_hi_cust_by_fold,train,y_rate,0,1.0000,fold=0 n=17 pos=0
2026-09-19T02:33,R4,4,234af73a,D,y5_ar_od30_sust,y5_ar_zero_hi_cust_by_fold,train,y_rate,0.333333,1.0000,fold=1 n=6 pos=2
2026-09-19T02:33,R4,4,234af73a,D,y5_ar_od30_sust,y5_ar_zero_hi_cust_by_fold,train,y_rate,0.0333333,1.0000,fold=2 n=60 pos=2
2026-09-19T02:33,R4,4,234af73a,D,y5_ar_od30_sust,y5_ar_zero_hi_cust_by_fold,train,y_rate,0.251309,1.0000,fold=3 n=191 pos=48
2026-09-19T02:33,R4,4,234af73a,D,y5_ar_od30_sust,y5_ar_zero_hi_cust_by_fold,train,y_rate,0.166667,1.0000,fold=4 n=6 pos=1
2026-09-19T02:33,R4,4,234af73a,-,y5_ap_od30_ownp80,y5_ap_rate_fold_range,train,rate_range,0.0784288,1.0000,min=0.04424778761061947 max=0.12267657992565056
2026-09-19T02:33,R4,4,234af73a,-,y5_ap_od30_ownp80,y5_ap_neither_share_by_fold,train,share_of_pos,0.580645,1.0000,fold=0 neither=54/93
2026-09-19T02:33,R4,4,234af73a,-,y5_ap_od30_ownp80,y5_ap_neither_share_by_fold,train,share_of_pos,0.615385,1.0000,fold=1 neither=40/65
2026-09-19T02:33,R4,4,234af73a,-,y5_ap_od30_ownp80,y5_ap_neither_share_by_fold,train,share_of_pos,0.666667,1.0000,fold=2 neither=22/33
2026-09-19T02:33,R4,4,234af73a,-,y5_ap_od30_ownp80,y5_ap_neither_share_by_fold,train,share_of_pos,0.706422,1.0000,fold=3 neither=77/109
2026-09-19T02:33,R4,4,234af73a,-,y5_ap_od30_ownp80,y5_ap_neither_share_by_fold,train,share_of_pos,0.707317,1.0000,fold=4 neither=29/41
2026-09-19T02:33,R4,4,234af73a,-,y5_ar_od30_sust,y5_ar_neither_share_by_fold,train,share_of_pos,0.676471,1.0000,fold=0 neither=23/34
2026-09-19T02:33,R4,4,234af73a,-,y5_ar_od30_sust,y5_ar_neither_share_by_fold,train,share_of_pos,0.470588,1.0000,fold=1 neither=8/17
2026-09-19T02:33,R4,4,234af73a,-,y5_ar_od30_sust,y5_ar_neither_share_by_fold,train,share_of_pos,0.763158,1.0000,fold=2 neither=29/38
2026-09-19T02:33,R4,4,234af73a,-,y5_ar_od30_sust,y5_ar_neither_share_by_fold,train,share_of_pos,0.671233,1.0000,fold=3 neither=49/73
2026-09-19T02:33,R4,4,234af73a,-,y5_ar_od30_sust,y5_ar_neither_share_by_fold,train,share_of_pos,0.548387,1.0000,fold=4 neither=17/31
2026-09-19T02:33,R4,4,234af73a,D,y5_ar_od30_sust,y5_ar_hole_in_neither,train,share_of_pos,0.4375,1.0000,hole_pos=64 neither=28
2026-09-19T02:33,R4,4,234af73a,D,y5_ar_od30_sust,y5_ar_hole_pos_neither,train,n,28,1.0000,n=52 cash_only=11 hhi_only=8 both=5
2026-09-19T02:33,R4,4,234af73a,-,y5_ar_od30_sust,y5_ar_so_far_by_fold,train,median,14,1.0000,fold=0 short=0.313758389261745 long=0.2684563758389262
2026-09-19T02:33,R4,4,234af73a,-,y5_ar_od30_sust,y5_ar_so_far_by_fold,train,median,13,1.0000,fold=1 short=0.39263803680981596 long=0.23006134969325154
2026-09-19T02:33,R4,4,234af73a,-,y5_ar_od30_sust,y5_ar_so_far_by_fold,train,median,14,1.0000,fold=2 short=0.34705882352941175 long=0.19558823529411765
2026-09-19T02:33,R4,4,234af73a,-,y5_ar_od30_sust,y5_ar_so_far_by_fold,train,median,14,1.0000,fold=3 short=0.34560906515580736 long=0.22946175637393768
2026-09-19T02:33,R4,4,234af73a,-,y5_ar_od30_sust,y5_ar_so_far_by_fold,train,median,13,1.0000,fold=4 short=0.3669724770642202 long=0.1636085626911315
2026-09-19T02:33,R4,4,234af73a,-,y5_ap_od30_ownp80,y5_ap_so_far_by_fold,train,median,14,1.0000,fold=0 rate=0.12267657992565056 short=0.29739776951672864
2026-09-19T02:33,R4,4,234af73a,-,y5_ap_od30_ownp80,y5_ap_so_far_by_fold,train,median,14,1.0000,fold=1 rate=0.11729323308270677 short=0.34285714285714286
2026-09-19T02:33,R4,4,234af73a,-,y5_ap_od30_ownp80,y5_ap_so_far_by_fold,train,median,13,1.0000,fold=2 rate=0.047619047619047616 short=0.37188208616780044
2026-09-19T02:33,R4,4,234af73a,-,y5_ap_od30_ownp80,y5_ap_so_far_by_fold,train,median,13,1.0000,fold=3 rate=0.11009174311926606 short=0.3463302752293578
2026-09-19T02:33,R4,4,234af73a,-,y5_ap_od30_ownp80,y5_ap_so_far_by_fold,train,median,12,1.0000,fold=4 rate=0.04424778761061947 short=0.4239742558326629
2026-09-19T02:33,R4,4,234af73a,-,y5_ap_od30_ownp80,single_so_far,cv5_group,auroc,0.545869,1.0000,tenure single; sign=1; sizeAUC=0.521090963623462
2026-09-19T02:33,R4,4,234af73a,-,y5_ar_od30_sust,single_so_far,cv5_group,auroc,0.559889,1.0000,tenure single; sign=1; sizeAUC=0.5199111420424227
2026-09-19T02:33,R4,4,234af73a,H,y5_ap_od30_ownp80,h_group_size_ge18_by_fold,train,y_rate,0.0704846,1.0000,fold=0 n=227 pos=16 rest=0.14310344827586208
2026-09-19T02:33,R4,4,234af73a,H,y5_ap_od30_ownp80,h_group_size_ge18_by_fold,train,y_rate,0.0486891,1.0000,fold=1 n=267 pos=13 rest=0.16331658291457288
2026-09-19T02:33,R4,4,234af73a,H,y5_ap_od30_ownp80,h_group_size_ge18_by_fold,train,y_rate,0,1.0000,fold=2 n=1 pos=0 rest=0.04767309875141884
2026-09-19T02:33,R4,4,234af73a,H,y5_ap_od30_ownp80,h_group_size_ge18_by_fold,train,y_rate,0.00502513,1.0000,fold=3 n=199 pos=1 rest=0.12894499549143373
2026-09-19T02:33,R4,4,234af73a,H,y5_ap_od30_ownp80,h_group_size_ge18_by_fold,train,y_rate,0.0110701,1.0000,fold=4 n=542 pos=6 rest=0.06990014265335236
2026-09-19T02:40,R4,4,d7235c84,DQ,-,coverage,train,tx_is_extreme_n,8,3.2993717996093542e-06,clean txs is_extreme train n
2026-09-19T02:40,R4,4,d7235c84,DQ,-,coverage,all,tx_is_extreme_n,24,9.389421564684507e-06,confirm vs join-QA invoices-only 10
2026-09-19T02:40,R4,4,d7235c84,DQ,-,coverage,train,tx_is_extreme_amt_share,0.023938063983382166,3.2993717996093542e-06,amount mass not row count
2026-09-19T02:40,R4,4,d7235c84,DQ,-,coverage,all,inv_is_extreme_n,10,1.1151864982140288e-05,confirm 10/896711
2026-09-19T02:40,R4,4,d7235c84,DQ,-,coverage,train,inv_is_extreme_amt_share,0.5201401340712652,1.189578342060873e-05,amount mass train
2026-09-19T02:40,R4,4,d7235c84,DQ,-,coverage,train,tx_is_dup_n,98175,0.04048947830333104,extract clones
2026-09-19T02:40,R4,4,d7235c84,DQ,-,coverage,train,tx_unk_product_share,0.0004289183339492161,0.6367380560131796,unk share vs G first-month g0
2026-09-19T02:40,R4,4,d7235c84,DQ,-,coverage,train,a_op_in_rel_if_drop_extreme,0.02776263501499369,2,cashflow keep vs debt drop
2026-09-19T02:40,R4,4,d7235c84,DQ,y3_recover_cash_6m,single_drop_ext,train,days_cv_delta,0.0,5648,keep=0.7114423276043065 drop=0.7114423276043065
2026-09-19T02:40,R4,4,d7235c84,DQ,y7_top1_lost,single_drop_ext,train,issued_lag1_cv_delta,3.095526965501971e-05,7090,keep=0.6156921678121569 drop=0.6157231230818119
2026-09-19T02:40,R4,4,d7235c84,DQ,y4_ds_r_double,single_drop_ext,train,hhi_lag3_cv_delta,0.0,848,keep=0.6046739587518718 drop=0.6046739587518718
2026-09-19T02:41,R4,4,1bb2643e,-,y2_neg_2of3,y2_why_y4_ds_r_double,train,share_of_positives,0.126531,0.1928,"n_hi=31 n_def=245 n_pos=1271; future-A crash and B-stressed are label story, not X; never B as X"
2026-09-19T02:41,R4,4,1bb2643e,-,y2_neg_2of3,y2_why_y9_fee_r_ownp80,train,share_of_positives,0.152318,0.4752,"n_hi=92 n_def=604 n_pos=1271; future-A crash and B-stressed are label story, not X; never B as X"
2026-09-19T02:41,R4,4,1bb2643e,-,y2_neg_2of3,y2_why_y3_stressed_now,train,share_of_positives,0.928403,1.0000,"n_hi=1180 n_def=1271 n_pos=1271; future-A crash and B-stressed are label story, not X; never B as X"
2026-09-19T02:41,R4,4,1bb2643e,-,y2_neg_2of3,y2_why_y3_labeled,train,share_of_positives,0.719119,1.0000,"n_hi=914 n_def=1271 n_pos=1271; future-A crash and B-stressed are label story, not X; never B as X"
2026-09-19T02:41,R4,4,1bb2643e,A+C+D,y2_neg_2of3,y2_why_a_out6_hi,train,share_of_positives,0.379863,0.3438,"n_hi=166 n_def=437 n_pos=1271; future-A crash and B-stressed are label story, not X; never B as X"
2026-09-19T02:41,R4,4,1bb2643e,-,y2_neg_2of3,y2_why_inflow_crash,train,share_of_positives,0.354274,0.7640,"n_hi=344 n_def=971 n_pos=1271; future-A crash and B-stressed are label story, not X; never B as X"
2026-09-19T02:41,R4,4,1bb2643e,A+C+D,y2_neg_2of3,y2_why_d_cust_hhi_hi,train,share_of_positives,0.21645,0.1817,"n_hi=50 n_def=231 n_pos=1271; future-A crash and B-stressed are label story, not X; never B as X"
2026-09-19T02:41,R4,4,1bb2643e,A+C+D,y2_neg_2of3,y2_why_hhi_tail,train,share_of_positives,0.150562,0.3501,"n_hi=67 n_def=445 n_pos=1271; future-A crash and B-stressed are label story, not X; never B as X"
2026-09-19T02:41,R4,4,1bb2643e,A+C+D,y2_neg_2of3,y2_why_c_zero_in_month,train,share_of_positives,0.0747443,1.0000,"n_hi=95 n_def=1271 n_pos=1271; future-A crash and B-stressed are label story, not X; never B as X"
2026-09-19T02:41,R4,4,1bb2643e,-,y2_neg_2of3,y2_why_b_below_0,train,share_of_positives,0.817467,1.0000,"n_hi=1039 n_def=1271 n_pos=1271; future-A crash and B-stressed are label story, not X; never B as X"
2026-09-19T02:41,R4,4,1bb2643e,-,y2_neg_2of3,y2_why_same_crash_as_y4,train,flag,0,1.0000,crash_of_y2=0.35427394438722964; y4_of_y2=0.12653061224489795; y2_of_y4=0.09451219512195122; jaccard_y4=0.05719557195571956
2026-09-19T02:41,R4,4,1bb2643e,A,y2_neg_2of3,quintile_a_io_ratio,train,y_rate_q1,0.0711423,0.2000,"train labeled cuts; n=2994 pos=213 interval=(-1696.131, 0.238]; shape=flat; never holdout cuts; never B"
2026-09-19T02:41,R4,4,1bb2643e,A,y2_neg_2of3,quintile_a_io_ratio,train,y_rate_q2,0.0751754,0.2000,"train labeled cuts; n=2993 pos=225 interval=(0.238, 0.82]; shape=flat; never holdout cuts; never B"
2026-09-19T02:41,R4,4,1bb2643e,A,y2_neg_2of3,quintile_a_io_ratio,train,y_rate_q3,0.0591182,0.2000,"train labeled cuts; n=2994 pos=177 interval=(0.82, 1.079]; shape=flat; never holdout cuts; never B"
2026-09-19T02:41,R4,4,1bb2643e,A,y2_neg_2of3,quintile_a_io_ratio,train,y_rate_q4,0.0574674,0.2000,"train labeled cuts; n=2993 pos=172 interval=(1.079, 1.919]; shape=flat; never holdout cuts; never B"
2026-09-19T02:41,R4,4,1bb2643e,A,y2_neg_2of3,quintile_a_io_ratio,train,y_rate_q5,0.0858383,0.2000,"train labeled cuts; n=2994 pos=257 interval=(1.919, 3.0]; shape=flat; never holdout cuts; never B"
2026-09-19T02:41,R4,4,1bb2643e,A,y2_neg_2of3,quintile_a_out6,train,y_rate_q1,0.0692509,0.2001,"train labeled cuts; n=2296 pos=159 interval=(-28157774.900999997, 44367.63]; shape=flat; never holdout cuts; never B"
2026-09-19T02:41,R4,4,1bb2643e,A,y2_neg_2of3,quintile_a_out6,train,y_rate_q2,0.0400871,0.2000,"train labeled cuts; n=2295 pos=92 interval=(44367.63, 354157.184]; shape=flat; never holdout cuts; never B"
2026-09-19T02:41,R4,4,1bb2643e,A,y2_neg_2of3,quintile_a_out6,train,y_rate_q3,0.054902,0.2000,"train labeled cuts; n=2295 pos=126 interval=(354157.184, 1211746.286]; shape=flat; never holdout cuts; never B"
2026-09-19T02:41,R4,4,1bb2643e,A,y2_neg_2of3,quintile_a_out6,train,y_rate_q4,0.0784314,0.2000,"train labeled cuts; n=2295 pos=180 interval=(1211746.286, 4292621.67]; shape=flat; never holdout cuts; never B"
2026-09-19T02:41,R4,4,1bb2643e,A,y2_neg_2of3,quintile_a_out6,train,y_rate_q5,0.0831882,0.2001,"train labeled cuts; n=2296 pos=191 interval=(4292621.67, 17114407320.57]; shape=flat; never holdout cuts; never B"
2026-09-19T02:41,R4,4,1bb2643e,LOG1P,y2_neg_2of3,quintile_log1p_a_in3,train,y_rate_q1,0.0534402,0.2000,"train labeled cuts; n=2994 pos=160 interval=(-0.001, 9.689]; shape=flat; never holdout cuts; never B"
2026-09-19T02:41,R4,4,1bb2643e,LOG1P,y2_neg_2of3,quintile_log1p_a_in3,train,y_rate_q2,0.0618109,0.2000,"train labeled cuts; n=2993 pos=185 interval=(9.689, 11.859]; shape=flat; never holdout cuts; never B"
2026-09-19T02:41,R4,4,1bb2643e,LOG1P,y2_neg_2of3,quintile_log1p_a_in3,train,y_rate_q3,0.0751503,0.2000,"train labeled cuts; n=2994 pos=225 interval=(11.859, 13.133]; shape=flat; never holdout cuts; never B"
2026-09-19T02:41,R4,4,1bb2643e,LOG1P,y2_neg_2of3,quintile_log1p_a_in3,train,y_rate_q4,0.0815236,0.2000,"train labeled cuts; n=2993 pos=244 interval=(13.133, 14.449]; shape=flat; never holdout cuts; never B"
2026-09-19T02:41,R4,4,1bb2643e,LOG1P,y2_neg_2of3,quintile_log1p_a_in3,train,y_rate_q5,0.0768203,0.2000,"train labeled cuts; n=2994 pos=230 interval=(14.449, 22.713]; shape=flat; never holdout cuts; never B"
2026-09-19T02:41,R4,4,1bb2643e,C,y2_neg_2of3,quintile_c_n_days_with_tx,train,y_rate_q1,0.0561237,0.2310,"train labeled cuts; n=4009 pos=225 interval=(-0.001, 5.0]; shape=flat; never holdout cuts; never B"
2026-09-19T02:41,R4,4,1bb2643e,C,y2_neg_2of3,quintile_c_n_days_with_tx,train,y_rate_q2,0.0519878,0.1884,"train labeled cuts; n=3270 pos=170 interval=(5.0, 11.0]; shape=flat; never holdout cuts; never B"
2026-09-19T02:41,R4,4,1bb2643e,C,y2_neg_2of3,quintile_c_n_days_with_tx,train,y_rate_q3,0.0580848,0.1835,"train labeled cuts; n=3185 pos=185 interval=(11.0, 17.0]; shape=flat; never holdout cuts; never B"
2026-09-19T02:41,R4,4,1bb2643e,C,y2_neg_2of3,quintile_c_n_days_with_tx,train,y_rate_q4,0.108123,0.2142,"train labeled cuts; n=3718 pos=402 interval=(17.0, 22.0]; shape=flat; never holdout cuts; never B"
2026-09-19T02:41,R4,4,1bb2643e,C,y2_neg_2of3,quintile_c_n_days_with_tx,train,y_rate_q5,0.0910523,0.1829,"train labeled cuts; n=3174 pos=289 interval=(22.0, 31.0]; shape=flat; never holdout cuts; never B"
2026-09-19T02:41,R4,4,1bb2643e,D,y2_neg_2of3,quintile_d_cust_hhi,train,y_rate_q1,0.0546985,0.2000,"train labeled cuts; n=1426 pos=78 interval=(0.0017599999999999998, 0.148]; shape=flat; never holdout cuts; never B"
2026-09-19T02:41,R4,4,1bb2643e,D,y2_neg_2of3,quintile_d_cust_hhi,train,y_rate_q2,0.0771388,0.2000,"train labeled cuts; n=1426 pos=110 interval=(0.148, 0.359]; shape=flat; never holdout cuts; never B"
2026-09-19T02:41,R4,4,1bb2643e,D,y2_neg_2of3,quintile_d_cust_hhi,train,y_rate_q3,0.0918654,0.2000,"train labeled cuts; n=1426 pos=131 interval=(0.359, 0.628]; shape=flat; never holdout cuts; never B"
2026-09-19T02:41,R4,4,1bb2643e,D,y2_neg_2of3,quintile_d_cust_hhi,train,y_rate_q4,0.0441795,0.2000,"train labeled cuts; n=1426 pos=63 interval=(0.628, 0.979]; shape=flat; never holdout cuts; never B"
2026-09-19T02:41,R4,4,1bb2643e,D,y2_neg_2of3,quintile_d_cust_hhi,train,y_rate_q5,0.0441795,0.2000,"train labeled cuts; n=1426 pos=63 interval=(0.979, 1.0]; shape=flat; never holdout cuts; never B"
2026-09-19T02:41,R4,4,1bb2643e,F,y2_neg_2of3,quintile_f_ds_r,train,y_rate_q1,0.0630533,0.8000,"train labeled cuts; n=11974 pos=755 interval=(-0.001, 0.0203]; shape=monotone_up; never holdout cuts; never B"
2026-09-19T02:41,R4,4,1bb2643e,F,y2_neg_2of3,quintile_f_ds_r,train,y_rate_q2,0.0965264,0.2000,"train labeled cuts; n=2994 pos=289 interval=(0.0203, 2.0]; shape=monotone_up; never holdout cuts; never B"
2026-09-19T02:41,R4,4,1bb2643e,A,y2_neg_2of3,single_a_io_ratio,cv5_group,auroc,0.472666,0.8624,sign from train fold; CV=0.4727±0.069; train=0.5094; sign=+1; gap_size=-0.067; gap_gbm=-0.067; never B; quote CV not holdout
2026-09-19T02:41,R4,4,1bb2643e,A,y2_neg_2of3,single_a_out6,cv5_group,auroc,0.561144,0.6613,sign from train fold; CV=0.5611±0.092; train=0.5498; sign=+1; gap_size=+0.021; gap_gbm=+0.021; never B; quote CV not holdout
2026-09-19T02:41,R4,4,1bb2643e,A,y2_neg_2of3,single_log1p_a_in3,cv5_group,auroc,0.551368,0.8624,sign from train fold; CV=0.5514±0.046; train=0.5398; sign=+1; gap_size=+0.012; gap_gbm=+0.011; never B; quote CV not holdout
2026-09-19T02:41,R4,4,1bb2643e,C,y2_neg_2of3,single_c_n_days_with_tx,cv5_group,auroc,0.57119,1.0000,sign from train fold; CV=0.5712±0.046; train=0.5770; sign=+1; gap_size=+0.031; gap_gbm=+0.031; never B; quote CV not holdout
2026-09-19T02:41,R4,4,1bb2643e,D,y2_neg_2of3,single_d_cust_hhi,cv5_group,auroc,0.563721,0.4108,sign from train fold; CV=0.5637±0.161; train=0.5347; sign=-1; gap_size=+0.024; gap_gbm=+0.024; never B; quote CV not holdout
2026-09-19T02:41,R4,4,1bb2643e,F,y2_neg_2of3,single_f_ds_r,cv5_group,auroc,0.537586,0.8624,sign from train fold; CV=0.5376±0.066; train=0.5390; sign=+1; gap_size=-0.002; gap_gbm=-0.002; never B; quote CV not holdout
2026-09-19T02:41,R4,4,1bb2643e,C,y2_neg_2of3,single_c_zero_in_month,cv5_group,auroc,0.52201,1.0000,sign from train fold; CV=0.5220±0.027; train=0.5205; sign=-1; gap_size=-0.018; gap_gbm=-0.018; never B; quote CV not holdout
2026-09-19T02:41,R4,4,1bb2643e,A,y2_neg_2of3,size_log1p_a_in3,train,auroc,0.539775,1.0000,two-sided=0.5398; PARK as X if ≥0.60
2026-09-19T02:41,R4,4,1bb2643e,-,y2_neg_2of3,fold0_y2_rate,train,y_rate,0.11052,0.1950,fold0 rate 0.111 vs rest 0.063; late 0.615 vs 0.640; short 0.270 vs 0.283; dark 0.407 vs 0.379; monopoly 0.270 vs 0.227; med group_size 11.0 vs 10.8; med months_on_book 24.0 vs 23.0
2026-09-19T02:41,R4,4,1bb2643e,A-vs-B,y2_neg_2of3,leak_a_io_ratio,train,spearman_b_liq,0.0906043,0.8624,"pearson=0.001298384162504426; fail=False; comparator only, never B as X"
2026-09-19T02:41,R4,4,1bb2643e,A-vs-B,y2_neg_2of3,leak_a_io_ratio,train,spearman_b_runway,0.12405,0.8624,"pearson=-0.0003615769397296613; fail=False; comparator only, never B as X"
2026-09-19T02:41,R4,4,1bb2643e,A-vs-B,y2_neg_2of3,leak_a_io_ratio,train,spearman_b_below_0,0.0140212,0.8624,"pearson=0.0048440552695143595; fail=False; comparator only, never B as X"
2026-09-19T02:41,R4,4,1bb2643e,A-vs-B,y2_neg_2of3,leak_a_out6,train,spearman_b_liq,0.388282,0.6613,"pearson=0.2031785207288745; fail=False; comparator only, never B as X"
2026-09-19T02:41,R4,4,1bb2643e,A-vs-B,y2_neg_2of3,leak_a_out6,train,spearman_b_runway,-0.432475,0.6613,"pearson=-0.031018881951659673; fail=False; comparator only, never B as X"
2026-09-19T02:41,R4,4,1bb2643e,A-vs-B,y2_neg_2of3,leak_a_out6,train,spearman_b_below_0,0.0294066,0.6613,"pearson=-0.011269205259503024; fail=False; comparator only, never B as X"
2026-09-19T02:41,R4,4,1bb2643e,LOG1P-vs-B,y2_neg_2of3,leak_log1p_a_in3,train,spearman_b_liq,0.405904,0.8624,"pearson=0.11426617181167109; fail=False; comparator only, never B as X"
2026-09-19T02:41,R4,4,1bb2643e,LOG1P-vs-B,y2_neg_2of3,leak_log1p_a_in3,train,spearman_b_runway,-0.32787,0.8624,"pearson=-0.4214303493026944; fail=False; comparator only, never B as X"
2026-09-19T02:41,R4,4,1bb2643e,LOG1P-vs-B,y2_neg_2of3,leak_log1p_a_in3,train,spearman_b_below_0,0.0355631,0.8624,"pearson=0.033611546786917135; fail=False; comparator only, never B as X"
2026-09-19T02:41,R4,4,1bb2643e,C-vs-B,y2_neg_2of3,leak_c_n_days_with_tx,train,spearman_b_liq,0.182142,1.0000,"pearson=0.00728912142808591; fail=False; comparator only, never B as X"
2026-09-19T02:41,R4,4,1bb2643e,C-vs-B,y2_neg_2of3,leak_c_n_days_with_tx,train,spearman_b_runway,-0.313832,0.8624,"pearson=-0.34896004291119204; fail=False; comparator only, never B as X"
2026-09-19T02:41,R4,4,1bb2643e,C-vs-B,y2_neg_2of3,leak_c_n_days_with_tx,train,spearman_b_below_0,0.0742752,1.0000,"pearson=0.07094616939869441; fail=False; comparator only, never B as X"
2026-09-19T02:41,R4,4,1bb2643e,D-vs-B,y2_neg_2of3,leak_d_cust_hhi,train,spearman_b_liq,-0.0701861,0.4108,"pearson=-0.08236113630874971; fail=False; comparator only, never B as X"
2026-09-19T02:41,R4,4,1bb2643e,D-vs-B,y2_neg_2of3,leak_d_cust_hhi,train,spearman_b_runway,0.0565248,0.3887,"pearson=0.11614507388301072; fail=False; comparator only, never B as X"
2026-09-19T02:41,R4,4,1bb2643e,D-vs-B,y2_neg_2of3,leak_d_cust_hhi,train,spearman_b_below_0,-0.0263815,0.4108,"pearson=-0.03327891940890921; fail=False; comparator only, never B as X"
2026-09-19T02:41,R4,4,1bb2643e,F-vs-B,y2_neg_2of3,leak_f_ds_r,train,spearman_b_liq,0.00949876,0.8624,"pearson=-0.02156282563926015; fail=False; comparator only, never B as X"
2026-09-19T02:41,R4,4,1bb2643e,F-vs-B,y2_neg_2of3,leak_f_ds_r,train,spearman_b_runway,-0.234822,0.8624,"pearson=-0.022912455494047506; fail=False; comparator only, never B as X"
2026-09-19T02:41,R4,4,1bb2643e,F-vs-B,y2_neg_2of3,leak_f_ds_r,train,spearman_b_below_0,0.0339972,0.8624,"pearson=0.0331082910535813; fail=False; comparator only, never B as X"
2026-09-19T02:41,R4,4,1bb2643e,C-vs-B,y2_neg_2of3,leak_c_zero_in_month,train,spearman_b_liq,-0.137739,1.0000,"pearson=-0.022333146274172034; fail=False; comparator only, never B as X"
2026-09-19T02:41,R4,4,1bb2643e,C-vs-B,y2_neg_2of3,leak_c_zero_in_month,train,spearman_b_runway,0.243774,0.8624,"pearson=0.32021422949819894; fail=False; comparator only, never B as X"
2026-09-19T02:41,R4,4,1bb2643e,C-vs-B,y2_neg_2of3,leak_c_zero_in_month,train,spearman_b_below_0,-0.0407956,1.0000,"pearson=-0.04079558940685972; fail=False; comparator only, never B as X"
2026-09-19T02:41,R4,4,1bb2643e,-,y2_neg_2of3,dark_train_all,train,y_rate,0.0732312,1.0000,n=17356 pos=1271 cos=1195 size=0.5397748973353982; confirm=True; not a new Y
2026-09-19T02:41,R4,4,1bb2643e,-,y2_neg_2of3,dark_dark_470,train,y_rate,0.0914323,1.0000,n=6081 pos=556 cos=459 size=0.5426069288886921; confirm=True; not a new Y
2026-09-19T02:41,R4,4,1bb2643e,-,y2_neg_2of3,dark_invoiced_744,train,y_rate,0.0634146,1.0000,n=11275 pos=715 cos=736 size=0.5298784616930158; confirm=True; not a new Y
2026-09-19T02:41,R4,4,1bb2643e,-,y2_neg_2of3,y2_why_verdict,train,decision,,1.0000,"CLOSE; Y2 is a different turn from Y4 crash (Y2pos crash=0.354, Y2∩Y4=0.127, Y4∩Y2=0.095). c_n_days_with_tx CV 0.571 gap_vs_size=+0.031 shape=flat — no KEEP. Trees stay PARK.; trees=PARK"
2026-09-19T02:41,R4,4,1bb2643e,A,y2_neg_2of3,single_a_io_ratio,cv5_group,auroc,0.472666,0.8624,Q6 clock; CV=0.4727±0.069; sign=+1; gap_size=-0.067; never B; 1-month only
2026-09-19T02:41,R4,4,1bb2643e,A,y2_neg_2of3,single_a_io_ratio_lag1,cv5_group,auroc,0.473793,0.7937,Q6 clock; CV=0.4738±0.065; sign=+1; gap_size=-0.066; never B; 1-month only
2026-09-19T02:41,R4,4,1bb2643e,C,y2_neg_2of3,single_c_n_days_with_tx,cv5_group,auroc,0.57119,1.0000,Q6 clock; CV=0.5712±0.046; sign=+1; gap_size=+0.031; never B; 1-month only
2026-09-19T02:41,R4,4,1bb2643e,C,y2_neg_2of3,single_c_n_days_with_tx_lag1,cv5_group,auroc,0.574703,0.9311,Q6 clock; CV=0.5747±0.046; sign=+1; gap_size=+0.035; never B; 1-month only
2026-09-19T02:41,R4,4,1bb2643e,-,y2_neg_2of3,fold0_long_sofar_gap,train,rate_gap,0.0527554,1.0000,f0_long=0.10483870967741936 rest_long=0.052083333333333336; late_trail=False size_effect=True
2026-09-19T02:41,R4,4,1bb2643e,-,y2_neg_2of3,y2_already_neg,train,y_rate,0.709215,1.0000,B decomp never X; n=1465 pos=1039 persist=True
2026-09-19T02:41,R4,4,1bb2643e,-,y2_neg_2of3,y2_clean_now,train,y_rate,0.0145995,1.0000,B decomp never X; n=15891 pos=232 persist=True
2026-09-19T02:41,R4,4,1bb2643e,-,y2_neg_2of3,y2_below_unknown,train,y_rate,,1.0000,B decomp never X; n=0 pos=0 persist=True
2026-09-19T02:41,R4,4,1bb2643e,C,y2_neg_2of3,single_c_n_days_body,cv5_group,auroc,0.425767,0.6029,days<=17; CV=0.4258±0.063; busy_rate=0.10026117237376668; body_rate=0.05542813455657492; never B
2026-09-19T02:41,R4,4,1bb2643e,-,y2_neg_2of3,fold0_f0_T3,train,y_rate,0.172981,1.0000,"n=1399 pos=242 below0=0.16440314510364545; fold0 T3 Y2=0.173 already-neg=0.164 vs rest T3 Y2=0.043 already-neg=0.050. Large groups are stressed in fold 0 and almost clean in folds 1–2 — group_size gets the wrong sign. That is the 0.344, not a short trail."
2026-09-19T02:41,R4,4,1bb2643e,-,y2_neg_2of3,fold0_rest_T3,train,y_rate,0.0426575,1.0000,"n=4079 pos=174 below0=0.0502574160333415; fold0 T3 Y2=0.173 already-neg=0.164 vs rest T3 Y2=0.043 already-neg=0.050. Large groups are stressed in fold 0 and almost clean in folds 1–2 — group_size gets the wrong sign. That is the 0.344, not a short trail."
2026-09-19T02:41,R4,4,1bb2643e,-,y2_neg_2of3,fold0_f0_notT3,train,y_rate,0.0664987,1.0000,"n=1985 pos=132 below0=0.08110831234256927; fold0 T3 Y2=0.173 already-neg=0.164 vs rest T3 Y2=0.043 already-neg=0.050. Large groups are stressed in fold 0 and almost clean in folds 1–2 — group_size gets the wrong sign. That is the 0.344, not a short trail."
2026-09-19T02:41,R4,4,1bb2643e,-,y2_neg_2of3,fold0_rest_notT3,train,y_rate,0.073082,1.0000,"n=9893 pos=723 below0=0.08783988678863842; fold0 T3 Y2=0.173 already-neg=0.164 vs rest T3 Y2=0.043 already-neg=0.050. Large groups are stressed in fold 0 and almost clean in folds 1–2 — group_size gets the wrong sign. That is the 0.344, not a short trail."
2026-09-19T02:41,R4,4,1bb2643e,F,y2_neg_2of3,single_f_ds_r_clean_now,cv5_group,auroc,0.628026,1.0000,clean-now leftover; CV=0.6280±0.094; n_pos=232; not a new Y; never B
2026-09-19T02:41,R4,4,1bb2643e,C,y2_neg_2of3,single_c_n_days_with_tx_clean_now,cv5_group,auroc,0.611552,1.0000,clean-now leftover; CV=0.6116±0.073; n_pos=232; not a new Y; never B
2026-09-19T02:41,R4,4,1bb2643e,A,y2_neg_2of3,single_a_out6_clean_now,cv5_group,auroc,0.58153,1.0000,clean-now leftover; CV=0.5815±0.043; n_pos=232; not a new Y; never B
2026-09-19T02:41,R4,4,1bb2643e,A,y2_neg_2of3,single_a_io_ratio_clean_now,cv5_group,auroc,0.551727,1.0000,clean-now leftover; CV=0.5517±0.079; n_pos=232; not a new Y; never B
2026-09-19T02:41,R4,4,1bb2643e,-,y2_neg_2of3,fold0_t3_GROUP_0023,train,y_rate,0.0901961,1.0000,n=255 pos=23 cos=17 below0=0.08627450980392157; the 4-group cluster; never B; not a new Y
2026-09-19T02:41,R4,4,1bb2643e,-,y2_neg_2of3,fold0_t3_GROUP_0158,train,y_rate,0.344671,1.0000,n=441 pos=152 cos=21 below0=0.3310657596371882; the 4-group cluster; never B; not a new Y
2026-09-19T02:41,R4,4,1bb2643e,-,y2_neg_2of3,fold0_t3_GROUP_0172,train,y_rate,0.220395,1.0000,n=304 pos=67 cos=21 below0=0.20394736842105263; the 4-group cluster; never B; not a new Y
2026-09-19T02:41,R4,4,1bb2643e,-,y2_neg_2of3,fold0_t3_GROUP_0250,train,y_rate,0,1.0000,n=399 pos=0 cos=19 below0=0.0; the 4-group cluster; never B; not a new Y
2026-09-19T02:42,R4,4,d7235c84,DQ,-,coverage,all,inv_extreme_wash_pairs,3,4,opposite-sign pairs; coverage=HHI-eligible n
2026-09-19T02:42,R4,4,d7235c84,DQ,-,coverage,train,pdi_july_mass_share,0.9599291821682814,0.17138535709221533,PDI amount mass in 2026-07; coverage=CM has_pdi
2026-09-19T02:42,R4,4,d7235c84,B,-,coverage,train,cash_sentinel_n,3,0,checking sentinels omitted from B walk; coverage=cos with no snap
2026-09-19T02:43,R4,4,d7235c84,DQ,-,coverage,train,inv_extreme_leftover_amt_share,0.027771169245839927,4,unpaired extreme |amt| / all invoices after 3 washes
2026-09-19T02:43,R4,4,d7235c84,DQ,-,coverage,train,has_tx_dup_vs_n_tx_auc,0.8663639171731783,0.17138535709221533,is_dup is row-SIZE; coverage unused (pdi base parked nearby)
2026-09-19T02:45,R4,4,d7235c84,DQ,y3_recover_cash_6m,single_flag,train,has_pdi_cv,0.5474519868883647,0.17138535709221533,CLOSE as X; residual PDI is spread
2026-09-19T00:45,R4,4,086b8ed0,B,-,balances_b_qa,train,unique_walk_n_co,1195,0.984349,universe_walk=1267 walk_debt=370 excl_only_train=6
2026-09-19T00:45,R4,4,086b8ed0,B,-,balances_b_qa,train,hole_last_0720_share,0.461538,0.0107084,photo_0720=0.003 cluster_is_hole=True n_banks=9
2026-09-19T02:45,R4,4,d7235c84,DQ,y3_recover_cash_6m,single_drop_dup,train,a_n_tx_cv_delta,0.0034401809504335246,2621,drop is_dup extras; first copy stays
2026-09-19T02:47,R4,4,d7235c84,G,-,coverage,train,post_snapshot_bank_opin_share,5.672916289865119e-05,18,G excludes product; cashflow keeps txs
2026-09-19T02:48,R4,4,d7235c84,B,-,coverage,all,extreme_tx_on_checking,24,24,all extreme txs sit on checking; B flow walk sees them
2026-09-19T00:49,R4,4,851eac72,AH,-,spearman,train,cat_map_same,1,1.0000,pipeline vs common.CAT_MAP
2026-09-19T00:49,R4,4,851eac72,AH,-,spearman,train,n_same,11,1.0000,primary twins ρ≥0.95
2026-09-19T00:49,R4,4,851eac72,AH,-,spearman,train,n_close,2,1.0000,primary twins 0.80–0.95
2026-09-19T00:49,R4,4,851eac72,AH,-,spearman,train,n_drift,1,1.0000,primary twins |ρ|<0.80
2026-09-19T00:49,R4,4,851eac72,AH,-,spearman,train,worst_drift_rho,0.354145,0.7075,volatility vs b_bal_vol
2026-09-19T00:49,R4,4,851eac72,AH,-,spearman,train,invoice_dark_co,470,0.3871,train companies no invoices
2026-09-19T00:49,R4,4,851eac72,AH,-,spearman,train,conc_vs_top1_rho,0.99529,0.4205,Javier concentration
2026-09-19T00:49,R4,4,851eac72,AH,-,spearman,train,conc_vs_hhi_rho,0.99048,0.4205,HHI is tail twin
2026-09-19T00:49,R4,4,851eac72,AH,-,spearman,train,vol_vs_b_bal_vol_rho,0.354145,0.7075,expected DRIFT
2026-09-19T00:49,R4,4,851eac72,AH,-,spearman,train,vol_vs_a_rho,1,0.7132,reconstructed cashflow vol
2026-09-19T00:49,R4,4,851eac72,AH,-,spearman,train,rho_runway,1,0.8768,vs b_runway SAME
2026-09-19T00:49,R4,4,851eac72,AH,-,spearman,train,rho_d_runway,0.999867,0.7075,vs b_d_runway SAME
2026-09-19T00:49,R4,4,851eac72,AH,-,spearman,train,rho_neg_liq,1,0.8768,vs b_neg_liq_3 SAME
2026-09-19T00:49,R4,4,851eac72,AH,-,spearman,train,rho_coverage,1,0.8852,vs a_io_ratio SAME
2026-09-19T00:49,R4,4,851eac72,AH,-,spearman,train,rho_net_margin,1,0.8852,vs a_net_margin SAME
2026-09-19T00:49,R4,4,851eac72,AH,-,spearman,train,rho_volatility,0.354145,0.7075,vs b_bal_vol DRIFT
2026-09-19T00:49,R4,4,851eac72,AH,-,spearman,train,rho_growth,1,0.6396,vs a_growth_3 SAME
2026-09-19T00:49,R4,4,851eac72,AH,-,spearman,train,rho_concentration,0.99529,0.4205,vs d_cust_top1 SAME
2026-09-19T00:49,R4,4,851eac72,AH,-,spearman,train,rho_fin_cost_r,0.999992,0.8852,vs f_fc_r SAME
2026-09-19T00:49,R4,4,851eac72,AH,-,spearman,train,rho_debt_serv_r,1,0.8852,vs f_ds_r SAME
2026-09-19T00:49,R4,4,851eac72,AH,-,spearman,train,rho_ar_overdue,0.918497,0.3865,vs e_ar_overdue CLOSE
2026-09-19T00:49,R4,4,851eac72,AH,-,spearman,train,rho_ap_overdue,0.882747,0.5017,vs e_ap_overdue CLOSE
2026-09-19T00:49,R4,4,851eac72,AH,-,spearman,train,rho_delay_coll,1,0.2725,vs e_delay_coll SAME
2026-09-19T00:49,R4,4,851eac72,AH,-,spearman,train,rho_delay_paid,1,0.3808,vs e_delay_paid SAME
2026-09-19T02:50,R4,4,d7235c84,B,y2_neg_2of3,coverage,train,y2_flips_if_drop_extreme_checking,11,67,alt_liq = b_liq + sum(extreme cash flow after t); Y2 already PARK
2026-09-19T00:50,R4,4,851eac72,AH,-,spearman,train,ident_volatility_vol_from_a_maxabs,0,0.7132,pearson=1.0000 exact=1.000
2026-09-19T00:50,R4,4,851eac72,AH,-,spearman,train,ident_d_runway_b_d_runway_clip_maxabs,0,0.7075,pearson=1.0000 exact=1.000
2026-09-19T00:50,R4,4,851eac72,AH,-,spearman,train,ident_ar_overdue_ar_od_3m_maxabs,0,0.3865,pearson=1.0000 exact=1.000
2026-09-19T00:50,R4,4,851eac72,AH,-,spearman,train,ident_ap_overdue_ap_od_3m_maxabs,0,0.5017,pearson=1.0000 exact=1.000
2026-09-19T00:50,R4,4,851eac72,AH,-,spearman,train,vol_vs_size_rho,-0.391273,0.7132,not SIZE if |ρ|<0.50
2026-09-19T00:50,R4,4,851eac72,AH,-,spearman,train,extreme_tx_share,9.38942e-06,1.0000,n=24
2026-09-19T00:50,R4,4,851eac72,AH,-,spearman,train,fc_maxabs,0.00989945,0.8852,SAME rank
2026-09-19T00:50,R4,4,851eac72,AH,-,spearman,train,ds_maxabs,0,0.8852,SAME rank
2026-09-19T00:50,R4,4,851eac72,AH,-,spearman,train,store_drunway_unclipped,1519,1.0000,|x|>12
2026-09-19T00:50,R4,4,851eac72,AH,-,spearman,train,dark_co,469,0.3587,no e_ar_issued
2026-09-19T00:50,R4,4,851eac72,AH,-,spearman,train,ar_od_vs_dso_rho,0.146732,0.3550,DSO not in the 14
2026-09-19T00:51,R4,4,851eac72,AH,-,spearman,train,ident_volatility_vol_from_a_maxabs,0,0.7132,pearson=1.0000 exact=1.000
2026-09-19T00:51,R4,4,851eac72,AH,-,spearman,train,ident_d_runway_b_d_runway_clip_maxabs,0,0.7075,pearson=1.0000 exact=1.000
2026-09-19T00:51,R4,4,851eac72,AH,-,spearman,train,ident_ar_overdue_ar_od_3m_maxabs,0,0.3865,pearson=1.0000 exact=1.000
2026-09-19T00:51,R4,4,851eac72,AH,-,spearman,train,ident_ap_overdue_ap_od_3m_maxabs,0,0.5017,pearson=1.0000 exact=1.000
2026-09-19T00:51,R4,4,851eac72,AH,-,spearman,train,vol_vs_size_rho,-0.391273,0.7132,not SIZE if |ρ|<0.50
2026-09-19T00:51,R4,4,851eac72,AH,-,spearman,train,extreme_tx_share,9.38942e-06,1.0000,n=24
2026-09-19T00:51,R4,4,851eac72,AH,-,spearman,train,fc_maxabs,0.00989945,0.8852,SAME rank
2026-09-19T00:51,R4,4,851eac72,AH,-,spearman,train,ds_maxabs,0,0.8852,SAME rank
2026-09-19T00:51,R4,4,851eac72,AH,-,spearman,train,store_drunway_unclipped,1519,1.0000,|x|>12
2026-09-19T00:51,R4,4,851eac72,AH,-,spearman,train,dark_co,469,0.3587,no e_ar_issued
2026-09-19T00:51,R4,4,851eac72,AH,-,spearman,train,ar_od_vs_dso_rho,0.146732,0.3550,DSO not in the 14
2026-09-19T00:51,R4,4,851eac72,AH,-,spearman,train,conc_differ_share,0.296088,0.4205,top1 residual
2026-09-19T00:51,R4,4,851eac72,AH,-,spearman,train,fc_n_diff,6,0.0003,level not rank
2026-09-19T00:51,R4,4,851eac72,AH,-,spearman,train,old_open_AP,0.721106,0.5717,last-month open issued >3m ago
2026-09-19T00:51,R4,4,851eac72,AH,-,spearman,train,old_open_AR,0.70847,0.4984,last-month open issued >3m ago
2026-09-19T00:53,R4,4,851eac72,AH,-,spearman,train,ident_volatility_vol_from_a_maxabs,0,0.7132,pearson=1.0000 exact=1.000
2026-09-19T00:53,R4,4,851eac72,AH,-,spearman,train,ident_d_runway_b_d_runway_clip_maxabs,0,0.7075,pearson=1.0000 exact=1.000
2026-09-19T00:53,R4,4,851eac72,AH,-,spearman,train,ident_ar_overdue_ar_od_3m_maxabs,0,0.3865,pearson=1.0000 exact=1.000
2026-09-19T00:53,R4,4,851eac72,AH,-,spearman,train,ident_ap_overdue_ap_od_3m_maxabs,0,0.5017,pearson=1.0000 exact=1.000
2026-09-19T00:53,R4,4,851eac72,AH,-,spearman,train,vol_vs_size_rho,-0.391273,0.7132,not SIZE if |ρ|<0.50
2026-09-19T00:53,R4,4,851eac72,AH,-,spearman,train,extreme_tx_share,9.38942e-06,1.0000,n=24
2026-09-19T00:53,R4,4,851eac72,AH,-,spearman,train,fc_maxabs,0.00989945,0.8852,SAME rank
2026-09-19T00:53,R4,4,851eac72,AH,-,spearman,train,ds_maxabs,0,0.8852,SAME rank
2026-09-19T00:53,R4,4,851eac72,AH,-,spearman,train,store_drunway_unclipped,1519,1.0000,|x|>12
2026-09-19T00:53,R4,4,851eac72,AH,-,spearman,train,dark_co,469,0.3587,no e_ar_issued
2026-09-19T00:53,R4,4,851eac72,AH,-,spearman,train,ar_od_vs_dso_rho,0.146732,0.3550,DSO not in the 14
2026-09-19T00:53,R4,4,851eac72,AH,-,spearman,train,conc_differ_share,0.296088,0.4205,top1 residual
2026-09-19T00:53,R4,4,851eac72,AH,-,spearman,train,fc_n_diff,6,0.0003,level not rank
2026-09-19T00:53,R4,4,851eac72,AH,-,spearman,train,old_open_AP,0.721106,0.5717,last-month open issued >3m ago
2026-09-19T00:53,R4,4,851eac72,AH,-,spearman,train,old_open_AR,0.70847,0.4984,last-month open issued >3m ago
2026-09-19T00:54,R4,4,851eac72,AH,-,spearman,train,ident_volatility_vol_from_a_maxabs,0,0.7132,pearson=1.0000 exact=1.000
2026-09-19T00:54,R4,4,851eac72,AH,-,spearman,train,ident_d_runway_b_d_runway_clip_maxabs,0,0.7075,pearson=1.0000 exact=1.000
2026-09-19T00:54,R4,4,851eac72,AH,-,spearman,train,ident_ar_overdue_ar_od_3m_maxabs,0,0.3865,pearson=1.0000 exact=1.000
2026-09-19T00:54,R4,4,851eac72,AH,-,spearman,train,ident_ap_overdue_ap_od_3m_maxabs,0,0.5017,pearson=1.0000 exact=1.000
2026-09-19T00:54,R4,4,851eac72,AH,-,spearman,train,vol_vs_size_rho,-0.391273,0.7132,not SIZE if |ρ|<0.50
2026-09-19T00:54,R4,4,851eac72,AH,-,spearman,train,extreme_tx_share,9.38942e-06,1.0000,n=24
2026-09-19T00:54,R4,4,851eac72,AH,-,spearman,train,fc_maxabs,0.00989945,0.8852,SAME rank
2026-09-19T00:54,R4,4,851eac72,AH,-,spearman,train,ds_maxabs,0,0.8852,SAME rank
2026-09-19T00:54,R4,4,851eac72,AH,-,spearman,train,store_drunway_unclipped,1519,1.0000,|x|>12
2026-09-19T00:54,R4,4,851eac72,AH,-,spearman,train,dark_co,469,0.3587,no e_ar_issued
2026-09-19T00:54,R4,4,851eac72,AH,-,spearman,train,ar_od_vs_dso_rho,0.146732,0.3550,DSO not in the 14
2026-09-19T00:54,R4,4,851eac72,AH,-,spearman,train,conc_differ_share,0.296088,0.4205,top1 residual
2026-09-19T00:54,R4,4,851eac72,AH,-,spearman,train,fc_n_diff,6,0.0003,level not rank
2026-09-19T00:54,R4,4,851eac72,AH,-,spearman,train,old_open_AP,0.721106,0.5717,last-month open issued >3m ago
2026-09-19T00:54,R4,4,851eac72,AH,-,spearman,train,old_open_AR,0.70847,0.4984,last-month open issued >3m ago
2026-09-19T02:54,R4,4,d7235c84,H,-,coverage,all,extreme_tx_shared_groups,2,6,GROUP_0199 holdout 0900+0276; GROUP_0094 train 0306+1192; do not redo H
2026-09-19T00:55,R4,4,851eac72,AH,-,spearman,train,ident_volatility_vol_from_a_maxabs,0,0.7132,pearson=1.0000 exact=1.000
2026-09-19T00:55,R4,4,851eac72,AH,-,spearman,train,ident_d_runway_b_d_runway_clip_maxabs,0,0.7075,pearson=1.0000 exact=1.000
2026-09-19T00:55,R4,4,851eac72,AH,-,spearman,train,ident_ar_overdue_ar_od_3m_maxabs,0,0.3865,pearson=1.0000 exact=1.000
2026-09-19T00:55,R4,4,851eac72,AH,-,spearman,train,ident_ap_overdue_ap_od_3m_maxabs,0,0.5017,pearson=1.0000 exact=1.000
2026-09-19T00:55,R4,4,851eac72,AH,-,spearman,train,vol_vs_size_rho,-0.391273,0.7132,not SIZE if |ρ|<0.50
2026-09-19T00:55,R4,4,851eac72,AH,-,spearman,train,extreme_tx_share,9.38942e-06,1.0000,n=24
2026-09-19T00:55,R4,4,851eac72,AH,-,spearman,train,fc_maxabs,0.00989945,0.8852,SAME rank
2026-09-19T00:55,R4,4,851eac72,AH,-,spearman,train,ds_maxabs,0,0.8852,SAME rank
2026-09-19T00:55,R4,4,851eac72,AH,-,spearman,train,store_drunway_unclipped,1519,1.0000,|x|>12
2026-09-19T00:55,R4,4,851eac72,AH,-,spearman,train,dark_co,469,0.3587,no e_ar_issued
2026-09-19T00:55,R4,4,851eac72,AH,-,spearman,train,ar_od_vs_dso_rho,0.146732,0.3550,DSO not in the 14
2026-09-19T00:55,R4,4,851eac72,AH,-,spearman,train,conc_differ_share,0.296088,0.4205,top1 residual
2026-09-19T00:55,R4,4,851eac72,AH,-,spearman,train,fc_n_diff,6,0.0003,level not rank
2026-09-19T00:55,R4,4,851eac72,AH,-,spearman,train,old_open_AP,0.721106,0.5717,last-month open issued >3m ago
2026-09-19T00:55,R4,4,851eac72,AH,-,spearman,train,old_open_AR,0.70847,0.4984,last-month open issued >3m ago
2026-09-19T00:55,R4,4,851eac72,AH,-,spearman,train,pdi_amt_share,0.338479,0.0440,Javier drops; D keeps
2026-09-19T00:55,R4,4,851eac72,AH,-,spearman,train,pair14_maxabs,0.988626,1.0000,coverage↔net_margin
2026-09-19T00:55,R4,4,851eac72,AH,-,spearman,train,b_vs_invoice_medabs,0.0379973,1.0000,do not average the 14
2026-09-19T02:59,R4,4,1094dc70,C,-,tax_qa,train,tax_calendar_q_share,0.6918285352474076,1.0000,shape=quarterly nq=0.4344 ratio=1.593 agree=1.0000
2026-09-19T02:59,R4,4,1094dc70,C,-,tax_qa,train,c_missed_tax_prev,0.08332939452663421,1.0000,modal=0.9167 confirm917=True just_not_tax=False acf1=0.049 rho=0.007
2026-09-19T02:59,R4,4,1094dc70,C,y3_recover_cash_6m,tax_qa,train_cv,auroc_c_missed_tax,0.5111976298190974,1.0000,size=0.6166 days=0.7114 beat_size=-0.1054 q5=CLOSE x=PARK
2026-09-19T02:59,R4,4,1094dc70,C,y3_recover_cash_6m,tax_qa,train_cv,auroc_c_tax_month,0.6105853836862787,1.0000,jan=0.4902 q_month=0.4951 not_tax=0.6106
2026-09-19T02:59,R4,4,1094dc70,C,y3_recover_cash_6m,tax_qa,train_cv,auroc_c_n_days_with_tx,0.7114423276043065,1.0000,night=0.711 replica; size=0.6166
2026-09-19T02:59,R4,4,1094dc70,C,-,tax_qa,train,dark_vs_erp_tax_rate,0.48654520735758583,0.3871,erp=0.5180 dark=0.4865 confirm744_470=True same=True
2026-09-19T02:59,R4,4,1094dc70,C,y3_recover_cash_6m,tax_qa,train_cv,auroc_c_missed_tax_lag1,0.5044426918058277,1.0000,now=0.5112 drop=0.0068 q6=CLOSE
2026-09-19T03:01,R4,4,1094dc70,C,y3_recover_cash_6m,tax_qa,train_cv,auroc_c_missed_tax_usual,0.5656853298944721,0.4641,honest skip tax6>=3; n_miss=1763 keep=True
2026-09-19T03:01,R4,4,1094dc70,C,-,tax_qa,train,tax_cadence_n_monthly,406,1.0000,never=116 q=183 irr=509 shape=mixed_q_peaked
2026-09-19T03:02,R4,4,1094dc70,C,-,tax_qa,train,c_missed_tax_share_irregular,0.660805445263755,1.0000,n_miss=1763 irr=1165 mon=379 q=219
2026-09-19T03:07,R4,4,ec17da1b,A,-,uncat_qa,train,a_uncat_share_mean,0.25756324406619624,0.9580,amt_mean=0.2260 rho_ca=0.889 hid=1452 leftover_n=0
2026-09-19T03:07,R4,4,ec17da1b,A,y3_recover_cash_6m,uncat_qa,train_cv,auroc_a_uncat_share,0.5415736337415085,1.0000,amt=0.5298 size=0.6166 days=0.7114 q5=CLOSE x=PARK
2026-09-19T03:07,R4,4,ec17da1b,A,y3_recover_cash_6m,uncat_qa,train_cv,auroc_amt_uncat,0.5298412323362612,1.0000,beat_size=-0.0751 best=a_uncat_share style_a=True
2026-09-19T03:07,R4,4,ec17da1b,A,-,uncat_qa,train,uncat_acf1,0.26989142786702186,1.0000,confirm027=True icc_c=0.985 icc_a=0.978 style_c=True
2026-09-19T03:07,R4,4,ec17da1b,A,-,uncat_qa,train,dark_vs_erp_uncat,0.3168114990701858,0.3871,erp=0.2497 dark=0.3168 confirm744_470=True same=False
2026-09-19T03:07,R4,4,ec17da1b,A,y3_recover_cash_6m,uncat_qa,train_cv,auroc_a_uncat_share_lag1,0.5285715427939874,1.0000,now=0.5416 amt_lag1=0.5198 q6=CLOSE
2026-09-19T03:07,R4,4,97d3db33,E,-,fx_qa,train,e_fx_share_ever_n,228,0.8246,"pos_erp=0.1682 pos_def=0.2040 dark_nan=True curr=AED,AOA,AUD,BRL,CAD,CHF,CLP,CNY,COP,CZK,DKK,EUR,GBP,HKD,HUF,IDR,ILS,INR,ISK,JPY,MAD,MXN,MYR,NAD,NOK,PEN,PHP,PLN,SAR,SEK,SGD,THB,TRY,USD,ZAR"
2026-09-19T03:07,R4,4,97d3db33,E,-,fx_qa,train,e_fx_share_size_rho_in3,0.06043276874375517,0.8246,rho_ar=0.1219 size=False ever_size=0.1772
2026-09-19T03:07,R4,4,97d3db33,E,y3_recover_cash_6m,fx_qa,train_cv,auroc_e_fx_share,0.5282196167724348,0.8246,size=0.6279 days_full=0.7114 beat=-0.0997 keep_x=False x=CLOSE
2026-09-19T03:07,R4,4,97d3db33,E,y2_neg_2of3,fx_qa,train_cv,auroc_e_fx_share,0.5093031135014372,0.8246,size=0.5645
2026-09-19T03:07,R4,4,97d3db33,E,y7_top1_lost,fx_qa,train,y7_rate_fx_pos_vs_zero,0.30544747081712065,0.1682,fx0=0.2683 descriptive_only never_X
2026-09-19T03:07,R4,4,97d3db33,E,-,fx_qa,train,e_fx_share_acf1,-0.018811058588198364,0.8246,style=shock always=97 shock=131 never=515 ever_acf1=-0.019
2026-09-19T03:09,R4,4,ec17da1b,A,y2_neg_2of3,uncat_qa,train_cv,auroc_amt_uncat,0.6021820438774681,1.0000,size=0.5519 co_mean=0.5861 demean=0.5265 style=True
2026-09-19T03:09,R4,4,ec17da1b,A,y2_neg_2of3,uncat_qa,train_cv,auroc_amt_uncat_demean,0.526544166002201,1.0000,style_mean=0.5861 ntx_rho=0.252
2026-09-19T03:09,R4,4,97d3db33,E,y3_recover_cash_6m,fx_qa,train_cv,auroc_e_fx_share_lag1,0.5350816416759068,0.8246,now=0.5282 q6=CLOSE book=mixed import/export
2026-09-19T03:09,R4,4,97d3db33,E,-,fx_qa,train,e_fx_ar_amt_share,0.44066310418431137,0.1682,label=mixed import/export n_ar=142 n_ap=210 both=124
2026-09-19T03:10,R4,4,ec17da1b,A,-,uncat_qa,train,uncat_inflow_share,0.5279948160392788,1.0000,p50_in=0.477 mostly_in=331 mostly_out=373 cal_spread=0.020
2026-09-19T03:10,R4,4,ec17da1b,A,-,uncat_qa,train,always_messy_n,206,1.0000,clean=309 seasonal=False
2026-09-19T03:10,R4,4,97d3db33,E,-,fx_qa,train,e_fx_share_live_ever_n,228,0.8246,store=228 disagree=0 live_y3=0.5282 stale=False no_parquet_write
2026-09-19T03:12,R4,4,ec17da1b,A,-,uncat_qa,train,uncat_within_early_late_rho,0.6506542684516369,1.0000,mean_d=-0.0179 short=0.3384 long=0.2420 onboard=True
2026-09-19T03:15,R4,4,ec17da1b,A,y2_neg_2of3,uncat_qa,train_cv,auroc_group_mean_amt_uncat,0.5579711202257815,1.0000,within=0.5524 holding=False pending_rho=0.007 ticket_x=1.31
2026-09-19T03:15,R4,4,ec17da1b,A,-,uncat_qa,train,uncat_booked_share,0.963,1.0000,pass30 uncat booked 96.3% empty_desc 0 extreme 0; not a DQ hole
2026-09-19T03:17,R4,4,ec17da1b,A,-,uncat_qa,train,uncat_card_tx_share,0.4796698137812321,1.0000,checking=0.2448 y2_card=0.4668 clone=False
2026-09-19T03:19,R4,4,ec17da1b,A,y2_neg_2of3,uncat_qa,train_cv,auroc_amt_uncat_checking,0.6056092917912652,1.0000,has_card_y2=0.6022 inout_both=True ntx_resid=0.5830
2026-09-19T03:19,R4,4,ec17da1b,A,y2_neg_2of3,uncat_qa,train_cv,auroc_amt_uncat_inflow,0.5882113692117865,1.0000,out=0.6051 both=True
2026-09-19T03:20,R4,4,ec17da1b,A,y3_recover_cash_6m,uncat_qa,train_cv,auroc_amt_uncat_ntx_resid,0.6179245222288815,1.0000,y2=0.5830 rho_size=-0.151 clone=False
2026-09-19T03:20,R4,4,ec17da1b,A,y2_neg_2of3,uncat_qa,train_cv,auroc_amt_uncat_mature,0.6379162767690414,1.0000,size_terc_survives=True
2026-09-19T01:20,R4,4,6b456387,A,-,a_vol_qa,train,a_vol_vs_javier_rho,1.0,0.7132,verdict=SAME exact=1.0000 clip3=0.1659
2026-09-19T01:20,R4,4,6b456387,A,-,a_vol_qa,train,a_vol_vs_b_bal_vol_rho,0.3541446934196894,0.7075,verdict=DRIFT javier_vs_b=0.3541 per_co_drift=0.911
2026-09-19T01:20,R4,4,6b456387,A,y3_recover_cash_6m,a_vol_qa,train_cv,auroc_a_vol,0.6260997667698256,0.7458,size=0.6173 gap=+0.0088 days=0.7114 SIZE=False COPY=False x=CLOSE
2026-09-19T01:20,R4,4,6b456387,A,y2_neg_2of3,a_vol_qa,train_cv,auroc_a_vol,0.438906620327728,0.6613,size=0.5514 gap=-0.1125 night=0.540 x=CLOSE
2026-09-19T01:20,R4,4,6b456387,A,-,a_vol_qa,train,a_vol_size_rho,-0.3912726279128922,1.0000,SIZE=False io_rho=-0.3332 growth_rho=-0.1208
2026-09-19T01:20,R4,4,6b456387,A,-,a_vol_qa,train,a_vol_merge_recommend,0,1.0000,NO — Y3 loses to size (Δ=+0.009); Y2 loses to size (Δ=-0.112)
2026-09-19T03:21,R4,4,ec17da1b,A,y2_neg_2of3,uncat_qa,train_cv,auroc_amt_uncat_invoiced,0.5664775390153703,1.0000,dark=0.6051 both=True
2026-09-19T03:21,R4,4,ec17da1b,A,-,uncat_qa,train,uncat_sticky_cp_share,0.2505597929650578,1.0000,share of uncat txs on company×CP pairs with ≥80% uncat
2026-09-19T01:23,R4,4,6b456387,A,y3_recover_cash_6m,a_vol_qa,train_cv,auroc_a_in_vol,0.634716449082023,0.7458,gap=+0.0174 drop12_gap=+0.0152 almost_KEEP_misses_0.02
2026-09-19T01:23,R4,4,6b456387,A,y2_neg_2of3,a_vol_qa,train_cv,auroc_a_io_vol,0.5713973360851294,0.5503,gap=+0.020 at gate; drop12_gap=+0.0194 is_the_12=True
2026-09-19T01:23,R4,4,6b456387,A,-,a_vol_qa,train,a_vol_clip3_of_all_cm,0.11830599801484143,0.7132,of_def=0.1659 confirm118=True
2026-09-19T03:23,R4,4,ec17da1b,A,-,uncat_qa,train,uncat_missing_cp_share,0.9180301353106788,1.0000,named_sticky=0.704 desc_p50=37.0
2026-09-19T03:24,R4,4,ec17da1b,A,y2_neg_2of3,uncat_qa,train_cv,auroc_amt_uncat_drop_alluncat,0.6010390813823135,1.0000,Y2 after dropping amount-uncat ≥0.95 months
2026-09-19T01:24,R4,4,6b456387,A,y3_recover_cash_6m,a_vol_qa,train_cv,auroc_a_out_vol,0.7215501888901827,1.0000,gap=+0.1043 shape=monotone_up SIZE=False COPY=False KEEP=True not_javier_twin
2026-09-19T01:24,R4,4,6b456387,A,y2_neg_2of3,a_vol_qa,train,a_io_vol_not_chronic12,1,1.0000,gap=+0.0200 drop12=+0.0194 lost=+0.0006 days_lost=+0.0150
2026-09-19T03:24,R4,4,ec17da1b,A,-,uncat_qa,train,uncat_weekday_range,0.07495299036474812,1.0000,weekend=False
2026-09-19T03:25,R4,4,ec17da1b,A,y2_neg_2of3,uncat_qa,train_cv,auroc_amt_uncat_invoiced_style,0.5570139785177592,1.0000,shock=0.5251 carries=True
2026-09-19T03:26,R4,4,ec17da1b,A,-,uncat_qa,train,uncat_vs_mapped_ncat_rho,-0.21404706688479166,1.0000,Spearman count-uncat vs n distinct CAT_MAP tokens in the month
2026-09-19T01:26,R4,4,6b456387,A,y3_recover_cash_6m,a_vol_qa,train_cv,auroc_a_out_vol_t2t3,0.7262055621673044,1.0000,gap=+0.1673 size=0.5589 days=0.7246 keep_mid=True q5_t1=0.504
2026-09-19T01:28,R4,4,6b456387,A,y3_recover_cash_6m,a_vol_qa,train,a_out_vol_quiet_days_lift,0.09787085255630747,1.0000,busy_lift=+0.0304 substitute=False t2t3_lift=+0.0815 low_out6_lift=+0.1099
2026-09-19T01:29,R4,4,6b456387,A,y3_recover_cash_6m,a_vol_qa,train,a_out_vol_quiet_dark_erp_lift,0.11501483353477639,1.0000,erp_lift=+0.0826 pile_pos=211 pile_cos=96 top8=0.175 concentrated=False
2026-09-19T01:30,R4,4,6b456387,A,y3_recover_cash_6m,a_vol_qa,train_cv,auroc_a_vol_t2t3,0.5319827961181798,1.0000,gap=-0.0269 size=0.5589 days=0.7246 t1_cv=0.6359 t1_gap=-0.0282 keepish_t2t3=False
2026-09-19T01:32,R4,4,6b456387,A,y3_recover_cash_6m,a_vol_qa,train,a_out_vol_tercile_lifts,0.08389148161444177,1.0000,T1=+0.0993 T2=+0.0495 T3=+0.0839
2026-09-19T01:34,R4,4,6b456387,A,y3_recover_cash_6m,a_vol_qa,train,a_out_vol_company_vs_days_rho,-0.45254523953903,1.0000,copy=False demean=0.5492 quiet_co=+0.1319 busy_co=+0.1311
2026-09-19T01:36,R4,4,6b456387,A,y3_recover_cash_6m,a_vol_qa,train,a_out_vol_q5_overlap_avol,0.5106382978723404,1.0000,both=72 out_only=69 vol_only=40 same_tail=False
2026-09-19T01:37,R4,4,6b456387,A,y3_recover_cash_6m,a_vol_qa,train,a_out_vol_q5_only_t2t3_share,0.5797101449275363,1.0000,n=69 both_t1=58
2026-09-19T01:38,R4,4,6b456387,A,y3_recover_cash_6m,a_vol_qa,train_cv,auroc_a_out_vol_drop_avol_q5,0.7196957890549095,1.0000,gap=+0.2664 size=0.4533 days=0.7207 avol_after_drop_outq5=0.6347 avol_gap=+0.0536
2026-09-19T01:39,R4,4,fd90198f,F,-,factoring_qa,train,ever_n_factoring,18,0.00713712,confirming=61 loc=186 rise_only=True/True/True
2026-09-19T01:39,R4,4,fd90198f,F,y3_recover_cash_6m,factoring_qa,train_cv,auroc_f_has_factoring,0.504858,0.00713712,size=0.6166 days=0.7114 beat=-0.1118 keep44=False
2026-09-19T01:39,R4,4,fd90198f,F,y3_recover_cash_6m,factoring_qa,train_cv,auroc_f_has_confirming,0.484596,0.0327079,size=0.6166 beat=-0.1320 keep44=False
2026-09-19T01:39,R4,4,fd90198f,F,y3_recover_cash_6m,factoring_qa,train_cv,auroc_f_has_loc,0.54617,0.117313,size=0.6166 beat=-0.0705 keep44=False
2026-09-19T01:39,R4,4,fd90198f,F,-,factoring_qa,train,f_has_factoring_size_rho,0.0825158,0.00713712,SIZE=False dark=470 erp=744
2026-09-19T01:39,R4,4,fd90198f,C,y3_recover_cash_6m,factoring_qa,train_cv,auroc_c_n_days_with_tx,0.711442,1.0000,replica of published 0.711; size=0.6166
2026-09-19T01:41,R4,4,fd90198f,F,y3_recover_cash_6m,factoring_qa,train,q3_new_wc_keep,0,0.00378125,birth=0.688 min_lab=20 CLOSE_Q3
2026-09-19T01:41,R4,4,fd90198f,F,y5_ap_od30_ownp80,factoring_qa,train,y5_ap_pp_factoring_sizew,0.188941,0.00713712,conf_pp=0.0367 descriptive_never_X leftover_cm=222
2026-09-19T03:42,R4,4,a14da08b,meta,-,companies_qa,train,miss_country_share,0.822076,1.0000,train n=1214; holdout coverage 0.8056
2026-09-19T03:42,R4,4,a14da08b,meta,-,companies_qa,train,null_erp_among_dark,0.921277,1.0000,confirm_470=True confirm_921=True named_dark=37
2026-09-19T03:42,R4,4,a14da08b,meta,y3_recover_cash_6m,has_erp,cv5_group,auroc,0.48021,1.0000,vs size 0.617; vs days 0.711; 470 dummy rho=0.813
2026-09-19T03:42,R4,4,a14da08b,meta,y3_recover_cash_6m,has_country,cv5_group,auroc,0.480833,1.0000,vs size 0.617; miss share 0.8221; size_like=False
2026-09-19T03:42,R4,4,a14da08b,meta,y3_recover_cash_6m,is_eur,cv5_group,auroc,0.515359,1.0000,vs size 0.617; share_eur train flags
2026-09-19T03:42,R4,4,a14da08b,meta,y3_recover_cash_6m,log1p_a_in3,cv5_group,auroc,0.616639,0.9788,size control; train group-fold
2026-09-19T03:42,R4,4,a14da08b,meta,-,companies_qa,train,created_minus_first_tx_p50_days,39.3578,1.0000,share_after=0.613; same_month=0.071; PARK clock
2026-09-19T03:42,R4,4,a14da08b,meta,-,has_erp,train,spearman_vs_has_book,0.813255,1.0000,agree=0.9094; CLOSE as Y3 X if 470 dummy
2026-09-19T01:45,R4,4,fd90198f,F,y3_recover_cash_6m,factoring_qa,train,ever_factoring_n_y3_pos_companies,0,0.014827,never_recoverer 0/18; rest_share=0.145 CLOSE_44
2026-09-19T01:48,R4,4,6b456387,A,y3_recover_cash_6m,a_vol_qa,train_cv,a_out_vol_confirm_0722,0.7215501888901827,1.0000,reproduced=True gap=+0.1043 leak=False size=False drop12=+0.0016 eta2=0.7405 trait=True shock=False x=CLOSE merge=NO
2026-09-19T03:53,R4,4,a14da08b,meta,-,companies_qa,train,created_year_vs_n_grid_spearman,-0.851442,1.0000,PARK created_at; year tracks trail length not health
2026-09-19T03:53,R4,4,a14da08b,meta,-,companies_qa,train,onboard_before_cap_dark_overlap,182,1.0000,before=470 dark=470; matching count is coincidence
2026-09-19T03:53,R4,4,a14da08b,meta,-,companies_qa,train,created_vs_bank_same_day,0.243822,1.0000,two created_at clocks; PARK onboard
2026-09-19T03:53,R4,4,a14da08b,meta,-,companies_qa,holdout,late_onboard_2025_share_holdout,0.833333,1.0000,train share 0.595; coverage only
2026-09-19T03:53,R4,4,a14da08b,meta,y3_recover_cash_6m,late_onboard_y2025,cv5_group,auroc,0.521791,1.0000,created_year>=2025 dummy; CLOSE as X; PARK as Y
2026-09-19T01:53,R4,4,fd90198f,F,y5_ap_od30_ownp80,factoring_qa,train,q5_confirming_only_is_ap,0,0.0882353,only=0.0882 stack=0.1340 rest=0.0826 stack_pp_size=0.0433 CLOSE_Q5
2026-09-19T01:57,R4,4,fd90198f,F,y3_recover_cash_6m,factoring_qa,train,drop_from_44,1,0.00713712,"drop f_has_factoring,f_has_confirming,f_has_loc,f_new_facility; keep f_ds_r,f_fc_r"
2026-09-19T04:10,R4,4,0fd41cbf,C,-,salary_qa,train,c_missed_salary_prev,0.029446518882639317,1.0000,modal=0.9706 confirm971=True sal=0.4010
2026-09-19T04:10,R4,4,0fd41cbf,C,y3_recover_cash_6m,salary_qa,train_cv,auroc_c_missed_salary,0.5126298613095781,1.0000,size=0.6166 days=0.7114 beat_size=-0.1040 x=CLOSE q5=CLOSE
2026-09-19T04:10,R4,4,0fd41cbf,C,y2_neg_2of3,salary_qa,train_cv,auroc_c_missed_salary,0.4940520867599843,1.0000,size=0.5519 days=0.5712 drop12=0.4920391402197087
2026-09-19T04:10,R4,4,0fd41cbf,C,y3_recover_cash_6m,salary_qa,train_cv,auroc_c_salary_month,0.6712395185477562,1.0000,ss=0.6932 not_sal=0.6712 already_on_15col
2026-09-19T04:10,R4,4,0fd41cbf,C,y3_recover_cash_6m,salary_qa,train_cv,auroc_c_n_days_with_tx,0.7114423276043065,1.0000,night=0.711 replica; size=0.6166
2026-09-19T04:10,R4,4,0fd41cbf,C,-,salary_qa,train,c_missed_salary_icc,0.7362628349433143,1.0000,sal_icc=0.9784 trait=False shock=False dem=0.5511932024400612
2026-09-19T04:10,R4,4,0fd41cbf,C,-,salary_qa,train,salary_calendar_q_share,0.40490658461905144,1.0000,shape=monthly nq=0.3991 aug_miss=0.0381 dummy=False
2026-09-19T04:10,R4,4,0fd41cbf,C,y3_recover_cash_6m,salary_qa,train_cv,auroc_c_missed_salary_lag1,0.5117650635355179,1.0000,now=0.5126298613095781 lag3=0.4863201783251978 q6=CLOSE empty_short=True
2026-09-19T04:10,R4,4,0fd41cbf,C,y6_missed_payroll,salary_qa,train,jaccard_missed_salary_vs_y6,0.36541598694942906,0.2838,rho=0.5054200617192429 leak=False n_and=224
2026-09-19T04:10,R4,4,0fd41cbf,C,-,salary_qa,train,c_missed_salary_rho_days,0.03791100402349061,1.0000,rho_sal=-0.1425 rho_ss=0.0042 rho_size=0.0415 twin=None
2026-09-19T04:11,R4,4,0fd41cbf,C,y3_recover_cash_6m,salary_qa,train_cv,auroc_c_missed_salary_usual,0.5912797760962258,0.3535,size=0.6411862952436149 days=0.7189804091998554 beat=-0.04990651914738908 keep_usual=False
2026-09-19T04:11,R4,4,0fd41cbf,C,y3_recover_cash_6m,salary_qa,train_cv,auroc_c_missed_salary_excl_current,0.5164453037237936,1.0000,n_excl=767 n_store=623 do_not_rewrite_ops
2026-09-19T04:11,R4,4,0fd41cbf,C,y3_recover_cash_6m,salary_qa,train_cv,auroc_c_missed_salary_monthly,0.5108377049397116,1.0000,irr=0.5910830364704731 size_monthly=0.7569719443112116
2026-09-19T04:12,R4,4,c91e4b2a,D,-,missing_cp_qa,train,miss_cp_tx_share,0.9014977399593643,0.9580,amt=0.9636 cm_mean=0.8547 x=CLOSE
2026-09-19T04:12,R4,4,c91e4b2a,D,y3_recover_cash_6m,missing_cp_qa,train_cv,auroc_miss_cp_share,0.5536630543388636,1.0000,size=0.6166 days=0.7114 dtx=0.5335 leftover=0.5087 x=CLOSE
2026-09-19T04:12,R4,4,c91e4b2a,D,y2_neg_2of3,missing_cp_qa,train_cv,auroc_miss_cp_share,0.585361390523633,1.0000,dtx=0.5896
2026-09-19T04:12,R4,4,c91e4b2a,D,-,missing_cp_qa,train,rho_miss_vs_uncat,0.13058106974076839,1.0000,twin_uncat=False rho_dtx=-0.9471 twin_dtx=True size=False
2026-09-19T04:12,R4,4,c91e4b2a,D,y3_recover_cash_6m,missing_cp_qa,train_cv,auroc_miss_resid_uncat_dtx,0.5087486233855382,1.0000,resid_uncat=0.5419 resid_dtx=0.5240 leftover_lives=False
2026-09-19T04:12,R4,4,0fd41cbf,C,y3_recover_cash_6m,salary_qa,train_cv,auroc_halt_no_ss,0.5169491872629456,1.0000,n_halt=331 n_token=292 token_cv=0.5043193259533675
2026-09-19T04:12,R4,4,0fd41cbf,C,-,salary_qa,train,jaccard_missed_vs_not_salary,0.04915963071096031,1.0000,rho=0.14251738891642804 n_miss=623 n_notsal=12673
2026-09-19T04:20,R4,4,1bc809f3,A,-,transfer_qa,train,a_transfer_any_share,0.3895637377700052,1.0000,p50=0 p90=1.28e+05 ever=882/1214
2026-09-19T04:20,R4,4,1bc809f3,A,-,transfer_qa,train,a_invest_any_share,0.1054497329489058,1.0000,p50=0 p90=0 ever=402/1214
2026-09-19T04:20,R4,4,1bc809f3,A,-,transfer_qa,train,xfer_wash_ratio_p50,1.0,1.0000,p_wash=0.0943 p_one=0.5550 is_wash=False rho_sg=0.278
2026-09-19T04:20,R4,4,1bc809f3,A,y3_recover_cash_6m,transfer_qa,train_cv,auroc_a_transfer,0.5661072533229301,1.0000,size=0.6166 days=0.7114 sal=0.6712 beat_size=-0.0505 x=CLOSE
2026-09-19T04:20,R4,4,1bc809f3,A,y3_recover_cash_6m,transfer_qa,train_cv,auroc_abs_a_transfer,0.6526161495067471,1.0000,gross=0.6638 has=0.6549
2026-09-19T04:20,R4,4,1bc809f3,A,y3_recover_cash_6m,transfer_qa,train_cv,auroc_a_invest,0.5053847609659767,1.0000,abs=0.5543 x=CLOSE
2026-09-19T04:20,R4,4,1bc809f3,A,y3_recover_cash_6m,transfer_qa,train_cv,auroc_a_transfer_resid_days,0.5786556820045228,1.0000,honest=has_xfer|days; signed_ols=0.6658 fake=False has_c=0.5639 leftover_lives=False quiet_twin=True
2026-09-19T04:20,R4,4,1bc809f3,A,-,transfer_qa,train,a_transfer_icc,0.9562254066806568,1.0000,acf1=-0.0278 trait=True shock=False dem=0.5085289892889122
2026-09-19T04:20,R4,4,1bc809f3,A,y3_recover_cash_6m,transfer_qa,train_cv,auroc_a_transfer_lag1,0.5568150535673577,1.0000,now=0.5661 lag3=0.5423 q6=CLOSE
2026-09-19T04:20,R4,4,1bc809f3,A,-,transfer_qa,train,rho_a_transfer_days,0.10859930152423107,1.0000,ntx=0.0965 sal=0.1433 size=0.0437 mxfer=0.2703
2026-09-19T04:20,R4,4,1bc809f3,A,-,transfer_qa,train,dark_vs_erp_xfer_rate,0.41476534982481345,0.3871,erp=0.3845 confirm744_470=True same=True
2026-09-19T04:20,R4,4,1bc809f3,A,y2_neg_2of3,transfer_qa,train_cv,auroc_a_transfer,0.5237468947680785,1.0000,size=0.5519 days=0.5712 drop12=0.5157792377141462
2026-09-19T04:21,R4,4,1bc809f3,A,y3_recover_cash_6m,transfer_qa,train_cv,auroc_has_xfer,0.6548841899279196,1.0000,abs=0.6526 gross=0.6638 leftover_days=0.5787
2026-09-19T04:21,R4,4,1bc809f3,A,y3_recover_cash_6m,transfer_qa,train_cv,auroc_co_mean_has_xfer,0.747479791690034,1.0000,trait ICC=0.956 ever=0.572 co_days_rho=0.518 not_shock
2026-09-19T04:21,R4,4,87e59905,C,-,gap_sd_qa,train,c_gap_sd_cov,0.950938223755731,0.9509,confirm951=True hold=0.9637 n_null=1038
2026-09-19T04:21,R4,4,87e59905,C,-,gap_sd_qa,train,rho_gap_sd_days,-0.9050410764381229,0.9509,antx=-0.8664 cntx=-0.8664 size=-0.5318 opin=-0.5434 twin=True
2026-09-19T04:21,R4,4,87e59905,C,y3_recover_cash_6m,gap_sd_qa,train_cv,auroc_c_gap_sd,0.6864149680943521,0.9509,size=0.6166 days=0.7114 antx=0.7033 beat_size=0.0698 x=DROP-from-44 letter=a
2026-09-19T04:21,R4,4,87e59905,C,y3_recover_cash_6m,gap_sd_qa,train_cv,auroc_c_n_days_with_tx,0.7114423276043065,1.0000,night=0.711 replica; confirm=True
2026-09-19T04:21,R4,4,87e59905,C,y3_recover_cash_6m,gap_sd_qa,train_cv,auroc_c_gap_sd_resid_days,0.5353946486814843,0.9509,resid_antx=0.6586 both=0.5428 leftover_lives=False died=True r2_days=0.4136
2026-09-19T04:21,R4,4,87e59905,C,y2_neg_2of3,gap_sd_qa,train_cv,auroc_c_gap_sd,0.5771743348468941,0.9509,days=0.5712 size=0.5519
2026-09-19T04:21,R4,4,87e59905,C,-,gap_sd_qa,train,icc_c_gap_sd,0.962835472988882,0.9509,confirm096=True trait=True shock=False acf1=0.6096 dem=0.5656118357187224
2026-09-19T04:21,R4,4,87e59905,C,y3_recover_cash_6m,gap_sd_qa,train_cv,auroc_c_gap_sd_lag1,0.6694992432017195,0.9509,now=0.6864 lag3=0.6591 q6=KEEP days_l1=0.6841
2026-09-19T04:21,R4,4,87e59905,C,-,gap_sd_qa,train,rho_raw_gap_sd_inv_ntx,0.9161820029352609,0.9509,uniq_inv=0.8666 midnight=0.9429 collapse=True
2026-09-19T04:22,R4,4,4545d7a6,C,-,recency_qa,train,c_recency_days_p50,0.0,1.0000,p90=11.00 modal=0.9904 confirm990=True
2026-09-19T04:22,R4,4,4545d7a6,C,-,recency_qa,all,n_last_tx_before_june_extract,61,1.0000,javier61=True asof62=62 confirm62=True plus=COMP_0981 is_0981=True
2026-09-19T04:22,R4,4,4545d7a6,C,y3_recover_cash_6m,recency_qa,train_cv,auroc_c_recency_days,0.6589347707517571,1.0000,size=0.6166 days=0.7114 beat_size=0.0423 x=DROP from the 44
2026-09-19T04:22,R4,4,4545d7a6,C,y3_recover_cash_6m,recency_qa,train_cv,auroc_c_recency_resid_days,0.6068750509550056,1.0000,leftover_beat=-0.0098 lives=False died=False slope=-1.0849
2026-09-19T04:22,R4,4,4545d7a6,C,y3_recover_cash_6m,recency_qa,train_cv,auroc_c_last_tx_before_2026_06,0.5,1.0000,extract_hole=True june_on_y3=0.0000 x=PARK
2026-09-19T04:22,R4,4,4545d7a6,C,y3_recover_cash_6m,recency_qa,train_cv,auroc_c_n_days_with_tx,0.7114423276043065,1.0000,night=0.711 replica; size=0.6166
2026-09-19T04:22,R4,4,4545d7a6,C,-,recency_qa,train,rho_recency_vs_days,-0.6146724064282524,1.0000,rho_ntx=-0.5789 rho_size=-0.4130 twin_days=False size_flag=False
2026-09-19T04:22,R4,4,4545d7a6,C,y6_silent_60,recency_qa,train,jaccard_recency60_y6_silent,0.37816455696202533,0.8279,distinct=True rho=0.5501 do_not_revive
2026-09-19T04:22,R4,4,4545d7a6,C,y3_recover_cash_6m,recency_qa,train_cv,auroc_c_recency_days_lag1,0.6188157721217952,1.0000,now=0.6589 drop=0.0401 q6=CLOSE short=0.6231
2026-09-19T04:22,R4,4,4545d7a6,C,-,recency_qa,train,recency_icc,0.9262420702687026,1.0000,acf1=-0.192 y3_mean=0.7544 y3_demean=0.6016
2026-09-19T04:23,R4,4,87e59905,C,y3_recover_cash_6m,gap_sd_qa,train_cv,auroc_c_gap_sd_lag1_resid_days,0.4830841434517505,0.9509,died=True r2=0.4142 q6=CLOSE
2026-09-19T04:23,R4,4,87e59905,C,y3_recover_cash_6m,gap_sd_qa,train_cv,auroc_days_resid_gap_sd,0.6575367011685189,0.9509,died=False r2=0.4136 overlap_days=0.7194542393384958
2026-09-19T04:24,R4,4,4545d7a6,C,y3_recover_cash_6m,recency_qa,train_cv,auroc_recency_comean_resid_days,0.4620837679653943,1.0000,rho_mu=-0.7920 twin_mu=False rec_mu=0.7544 days_mu=0.7301
2026-09-19T04:24,R4,4,4545d7a6,C,y3_recover_cash_6m,recency_qa,train_cv,auroc_c_recency_drop61,0.6446125955144943,1.0000,full=0.6589 flip=False y3_rate61=0.2319
2026-09-19T04:27,R4,4,87c77f5b,C,-,zero_in_qa,train,c_zero_in_month_prev,0.11750248144822045,1.0000,"modal=0.8825 confirm882=True pile=all-out (txs, no amount>0) empty=889 allout=1597"
2026-09-19T04:27,R4,4,87c77f5b,C,y3_recover_cash_6m,zero_in_qa,train_cv,auroc_c_zero_in_month,0.5800100560261049,1.0000,size=0.6166 days=0.7114 beat_size=-0.0366 x=DROP from the 44 leftover=0.5532
2026-09-19T04:27,R4,4,87c77f5b,C,y3_recover_cash_6m,zero_in_qa,train_cv,auroc_c_zero_in_share_6,0.6169913963488162,1.0000,size=0.6166 leftover_days=0.5373 x=DROP from the 44
2026-09-19T04:27,R4,4,87c77f5b,C,y3_recover_cash_6m,zero_in_qa,train_cv,auroc_c_n_days_with_tx,0.7114423276043065,1.0000,night=0.711 replica; size=0.6166
2026-09-19T04:27,R4,4,87c77f5b,C,y3_recover_cash_6m,zero_in_qa,train_cv,auroc_zero_in_resid_days,0.5531717631241033,1.0000,share_resid=0.5373 ao_busy=0.5543 leftover_z=-0.0635 quiet_twin=True
2026-09-19T04:27,R4,4,87c77f5b,C,-,zero_in_qa,train,rho_zero_in_vs_size,-0.4288332758663655,1.0000,share=-0.5001 days=-0.5087 ntx=-0.5142 SIZE=YES
2026-09-19T04:27,R4,4,87c77f5b,C,y6_zero_in_3,zero_in_qa,train,jaccard_zero_in_vs_y6,0.28589580686149935,1.0000,rho=0.3906043239530135 leak=False n_both=17083
2026-09-19T04:27,R4,4,87c77f5b,C,y3_recover_cash_6m,zero_in_qa,train_cv,auroc_c_zero_in_month_lag1,0.5517027085750655,1.0000,now=0.5800 lag3=0.5509 q6=KEEP
2026-09-19T04:27,R4,4,87c77f5b,C,-,zero_in_qa,train,icc_c_zero_in_share_6,0.9729284140707007,1.0000,acf1=0.866 confirm087=True trait=True demean=0.6483349291899319
2026-09-19T04:27,R4,4,87c77f5b,C,y3_recover_cash_6m,zero_in_qa,train_cv,auroc_all_out_busy,0.5543187256883437,1.0000,"empty_of_z=0.358 allout_of_z=0.642 pile=all-out (txs, no amount>0)"
2026-09-19T04:28,R4,4,f4320aab,A,-,growth_qa,train,a_io_ratio_cov,0.8852389280143688,0.8852,quote=0.885 ok=True
2026-09-19T04:28,R4,4,f4320aab,A,-,growth_qa,train,a_growth_3_cov,0.6395991870302973,0.6396,quote=0.640 ok=True
2026-09-19T04:28,R4,4,f4320aab,A,-,growth_qa,train,a_growth_12_cov,0.26468781018102755,0.2647,quote=0.265 ok=True empty_short=True
2026-09-19T04:28,R4,4,f4320aab,A,y3_recover_cash_6m,growth_qa,train_cv,auroc_a_io_ratio,0.5648087509725896,1.0000,size=0.6166 days=0.7114 beat=-0.0518 x=DROP from the 44
2026-09-19T04:28,R4,4,f4320aab,A,y3_recover_cash_6m,growth_qa,train_cv,auroc_a_growth_3,0.5147538069516242,1.0000,neg=0.5148 naive40=0.5533 sign=-1 x=DROP from the 44
2026-09-19T04:28,R4,4,f4320aab,A,y3_recover_cash_6m,growth_qa,train_cv,auroc_a_growth_12,0.525605052252187,0.2647,beat=-0.0910 q6=CLOSE as Q6 x=CLOSE as Q6
2026-09-19T04:28,R4,4,f4320aab,A,y3_recover_cash_6m,growth_qa,train_cv,auroc_a_growth_3_resid_both,0.5215639070333621,1.0000,r_size=0.5263 r_days=0.5280 died=True
2026-09-19T04:28,R4,4,f4320aab,A,y3_recover_cash_6m,growth_qa,train_cv,auroc_naive_crash40,0.5532676718622447,1.0000,mr_only=False plus=0.5148 minus=0.5148 acf3=-0.433
2026-09-19T04:28,R4,4,f4320aab,A,-,growth_qa,train,a_io_ratio_clip3_share,0.14939398793315178,1.0000,dummy=False n_clip=2798 flag=0.5220
2026-09-19T04:28,R4,4,f4320aab,A,-,growth_qa,train,a_growth_12_icc,0.9035715173105804,1.0000,g3_icc=0.704 io_icc=0.702 trait=True
2026-09-19T04:28,R4,4,f4320aab,A,-,growth_qa,train,dark_vs_erp_g12_cov,0.16708578460353418,1.0000,erp=0.2253 confirm744_470=True same=False
2026-09-19T04:28,R4,4,f4320aab,A,y3_recover_cash_6m,growth_qa,train_cv,auroc_a_growth_3_lag1,0.4672752307081468,1.0000,now=0.5148 lag3=0.4071 q6=CLOSE as Q6
2026-09-19T04:30,R4,4,87c77f5b,C,y3_recover_cash_6m,zero_in_qa,train_cv,auroc_zero_in_resid_opin_sz,0.5199324965419012,1.0000,share_left=0.5260 opin_y3=0.6765 rho_m=-0.5075
2026-09-19T04:30,R4,4,87c77f5b,C,y6_zero_in_3,zero_in_qa,train_cv,auroc_y6_vs_size,0.853718988095431,1.0000,opin=0.8780 inv=True p_y6_z=0.437
2026-09-19T04:30,R4,4,87c77f5b,C,y3_recover_cash_6m,zero_in_qa,train_cv,auroc_share6_resid_days_size,0.4943517876723469,1.0000,z=0.5385 dem_days=0.6862 lives=False
2026-09-19T04:30,R4,4,f4320aab,A,y3_recover_cash_6m,growth_qa,train_cv,auroc_mom_crash40,0.5849374967462534,1.0000,mom=0.6004 javier=False y2=0.4846
2026-09-19T04:30,R4,4,f4320aab,A,y3_recover_cash_6m,growth_qa,train_cv,auroc_a_growth_3_comean,0.6641797464160639,1.0000,after_both=0.5311 style=True died=True
2026-09-19T04:30,R4,4,f4320aab,A,-,growth_qa,holdout,holdout_late_n,69,1.0000,n_co=72 short=29 lock=True g12_late=0.1469
2026-09-19T04:31,R4,4,f4320aab,A,y3_recover_cash_6m,growth_qa,train_cv,auroc_mom_in_resid_both,0.5627852234789229,1.0000,raw=0.6004 g3_non=0.5207 dies=True
2026-09-19T04:32,R4,4,0c3bf32d,E,-,credit_note_qa,train,e_credit_note_ratio_cov,0.5297064801247814,0.5297,dark_nan=True n_dark=470 modal=0.5773 zero=0.5773
2026-09-19T04:32,R4,4,0c3bf32d,E,y7_top1_lost,credit_note_qa,train,rho_cn_vs_issued_lag1,0.2374459658391993,1.0000,issued=0.2505 dso=-0.0504 size=0.2094 twin=False
2026-09-19T04:32,R4,4,0c3bf32d,E,y7_top1_lost,credit_note_qa,train_cv,auroc_e_credit_note_ratio,0.5447659526498946,0.9791,vs_issued_lag1=0.6295 night=0.630 leftover=0.5972 y7=KEEP
2026-09-19T04:32,R4,4,0c3bf32d,E,y7_top1_lost,credit_note_qa,train_cv,auroc_cn_resid_issued_lag1,0.5971979472301956,1.0000,after_issued=0.6001 after_dso=0.4785 lives=True thin=False
2026-09-19T04:32,R4,4,0c3bf32d,E,y3_recover_cash_6m,credit_note_qa,train_cv,auroc_e_credit_note_ratio,0.5786884576655431,0.5451,size=0.6166 days=0.7114 leftover_days=0.5602 y3=CLOSE / DROP from the 44
2026-09-19T04:32,R4,4,0c3bf32d,E,y7_top1_lost,credit_note_qa,train_cv,auroc_cn_lag1_short,0.5421998514642249,1.0000,q6_quoted=0.542 confirm=True q6=CLOSE
2026-09-19T04:32,R4,4,0c3bf32d,E,y7_top1_lost,credit_note_qa,train_cv,auroc_cn_fold4,0.608,1.0000,issued_lag1_f4=0.6470 resid_f4=0.6310 turnover_f4=0.680 issued_owns=False
2026-09-19T04:32,R4,4,0c3bf32d,E,-,credit_note_qa,train,icc_e_credit_note_ratio,0.8281125640400293,1.0000,quote=0.83 confirm=True y7_demean=0.5082 trait=True
2026-09-19T04:32,R4,4,0c3bf32d,E,-,credit_note_qa,train,dark470_cn_nn,1.0,0.3871,must_be_nan=True holdout_dark_nn=0
2026-09-19T04:32,R4,4,0c3bf32d,E,-,credit_note_qa,train,token_canon_mass,0.0,1.0000,kind=fallback note=0.9859 refund=0.0141 mostly_refund=False
2026-09-19T04:33,R4,4,0c3bf32d,E,y7_top1_lost,credit_note_qa,train_cv,auroc_cn_demean_resid_issued,0.509170882041696,1.0000,demean=0.5082 shock=False q5=KEEP-Q5 footnote
2026-09-19T04:36,R4,4,47815ca4,E,y7_top1_lost,delay_qa,train_cv,auroc_e_delay_coll,0.5738177772246603,0.3191,iss=0.6295 dso=0.4311 leftover_both=0.5835 y7=KEEP
2026-09-19T04:36,R4,4,47815ca4,E,y7_top1_lost,delay_qa,train_cv,auroc_delay_resid_dso_issued,0.5835016378425752,0.3191,after_dso=0.5814 after_iss=0.5835 lives=True twin_dso=False
2026-09-19T04:36,R4,4,47815ca4,E,y3_recover_cash_6m,delay_qa,train_cv,auroc_e_delay_coll,0.5121883484755092,0.3191,days=0.7114 leftover_days=0.4271 y3=CLOSE / DROP from the 44
2026-09-19T04:36,R4,4,47815ca4,E,-,delay_qa,train,rho_delay_coll_vs_dso,0.21365518147698065,0.3191,issued_lag1=-0.0528 od30=0.2360 size=-0.1008 days=-0.0536
2026-09-19T04:36,R4,4,47815ca4,E,y7_top1_lost,delay_qa,train_cv,auroc_ar_overdue_resid_3m,0.5085777853100669,0.4641,window=CLOSE r2=0.7439 javier_ar=0.9222
2026-09-19T04:36,R4,4,47815ca4,E,y7_top1_lost,delay_qa,train_cv,auroc_e_delay_coll_lag1_short,0.5761584068723596,0.5734,q6=CLOSE early_cov=0.0000 empty_early=True
2026-09-19T04:36,R4,4,47815ca4,E,-,delay_qa,train,delay_early6_finite_share,0.0,1.0000,dark_nan=True n_dark=470 mask_ok=True delay_same=True
2026-09-19T04:38,R4,4,47815ca4,E,y7_top1_lost,delay_qa,train_cv,auroc_delay_coll_demean,0.5214089026808404,0.3191,icc=0.9216 co_mean=0.5692 style=True samen=0.5835
2026-09-19T04:40,R4,4,86399952,E,-,pending_qa,train,e_pending_amt_share_cov,0.603204613130406,0.6032,quote=0.603 dark_nn=0 dark_co=470 nan=8395 ok=True
2026-09-19T04:40,R4,4,86399952,E,y7_top1_lost,pending_qa,train,rho_pending_vs_dso,0.4917869018962018,1.0000,overdue=0.0172 delay=0.0164 issued_lag1=-0.0558 j=-0.0935 size=0.0628 twin=False
2026-09-19T04:40,R4,4,86399952,E,y7_top1_lost,pending_qa,train_cv,auroc_e_pending_amt_share,0.4200198705808629,0.6032,vs_size=0.4686 vs_issued_lag1=0.6295 vs_dso=0.4311 y7=DROP turnpend=0.7184
2026-09-19T04:40,R4,4,86399952,E,y7_top1_lost,pending_qa,train_cv,auroc_pending_resid_dso,0.420997753696128,1.0000,after_issued_lag1=0.4180 after_both=0.4186 rank_dso=0.4607 lives_dso=False lives_iss=False
2026-09-19T04:40,R4,4,86399952,E,y3_recover_cash_6m,pending_qa,train_cv,auroc_e_pending_amt_share,0.48364022425024034,0.6032,size=0.6166 days=0.7114 leftover_days=0.4434 y3=DROP
2026-09-19T04:40,R4,4,86399952,E,y7_top1_lost,pending_qa,train_cv,auroc_pending_lag1,0.43000144360050135,1.0000,now=0.4200 lag3=0.4425 early_cov=0.5835 delay_early=0.0000 q6=CLOSE
2026-09-19T04:40,R4,4,86399952,E,-,pending_qa,train,icc_e_pending_amt_share,0.9707329280026166,1.0000,eta2=0.6722 quote=0.97 trait=True demean_y7=0.5413
2026-09-19T04:40,R4,4,86399952,E,-,pending_qa,train,pending_lose_44,1.0,0.6032,overall=DROP y7=DROP y3=DROP leftover_y7=0.4210 leftover_y3=0.4434
2026-09-19T02:40,R4,4,4348a23d,G,y3_recover_cash_6m,g_has_rest_qa,train_cv,auroc_g_has_card,0.551212850428781,1.0000,orient replica G=0.551 confirm=True size=0.6166 days=0.7114
2026-09-19T02:40,R4,4,4348a23d,G,y3_recover_cash_6m,g_has_rest_qa,train_cv,auroc_g_has_investment,0.5089323024172273,1.0000,leftover_days=0.6832 last_n=88
2026-09-19T02:40,R4,4,4348a23d,G,y3_recover_cash_6m,g_has_rest_qa,train_cv,auroc_g_has_tpv,0.5019364833462433,1.0000,leftover_days=0.7076 last_n=10
2026-09-19T02:40,R4,4,4348a23d,G,y3_recover_cash_6m,g_has_rest_qa,train_cv,auroc_g_has_saving,0.5006971340046475,1.0000,leftover_days=0.7128 last_n=9
2026-09-19T02:40,R4,4,4348a23d,G,y3_recover_cash_6m,g_has_rest_qa,train_cv,auroc_g_custom_share,0.5300611192089478,1.0000,left_days=0.6485 left_acc=0.5484 kind=inventory twin
2026-09-19T02:40,R4,4,4348a23d,G,y3_recover_cash_6m,g_has_rest_qa,train_cv,auroc_g_has_rest_resid_days,0.64854412557297,1.0000,invest=0.6832 drop_all=True hole=0.9913
2026-09-19T02:40,R4,4,4348a23d,G,-,g_has_rest_qa,train,g_has_checking_hole,0.9912911775842483,1.0000,confirm991=True leftover_cm=23 rise_only=True
2026-09-19T02:40,R4,4,4348a23d,G,-,g_has_rest_qa,holdout,g_has_tpv_last_n_hold,0,1.0000,train_last=10 hold_ever=0
2026-09-19T04:41,R4,4,86399952,E,y7_top1_lost,pending_qa,train_cv,auroc_pending_ushape_dist,0.5615702087508024,1.0000,tail=0.5551 after_iss=0.5576 lives=True
2026-09-19T04:41,R4,4,86399952,E,y7_top1_lost,pending_qa,train_cv,auroc_pending_fold4,0.3630986337598288,1.0000,issued_lag1_f4=0.6474 turnover_f4=0.680 issued_owns=True
2026-09-19T02:42,R4,4,4348a23d,G,y3_recover_cash_6m,g_has_rest_qa,train_cv,auroc_g_custom_share_honest_days,0.0,1.0000,fake=True ols=0.6485 rho_resid=0.840 dilution=1.000 kind=dies after accounts (0.548<0.55; ρ vs accounts=0.064 not a twin). Not a mix left
2026-09-19T04:44,R4,4,a19d4e07,E,y7_top1_lost,dpo_qa,train_cv,auroc_e_dpo_proxy,0.45016683145768255,0.5118,iss=0.6295 dso=0.4311 leftover_dso=0.4711 leftover_iss=0.4432 y7=CLOSE
2026-09-19T04:44,R4,4,a19d4e07,E,y3_recover_cash_6m,dpo_qa,train_cv,auroc_e_dpo_proxy,0.6269958759529755,0.5118,days=0.7114 leftover_days=0.6529 y3=CLOSE / DROP from the 44
2026-09-19T04:44,R4,4,a19d4e07,E,y5_ap_od30_ownp80,dpo_qa,train_cv,auroc_e_dpo_proxy_leak_only,0.445413395197232,0.5118,Y5 never E; leftover_paid=0.5741 rho_od30=0.6324 leak=not the Y
2026-09-19T04:44,R4,4,a19d4e07,E,-,dpo_qa,train,rho_dpo_vs_dso,0.456109497595605,0.5118,paid=0.2252 od=0.4999 od30=0.6324 issued=-0.1089 size=-0.0251
2026-09-19T04:44,R4,4,a19d4e07,E,y7_top1_lost,dpo_qa,train_cv,auroc_dpo_resid_dso_issued,0.4627034943808345,0.5118,after_dso=0.4711 after_iss=0.4432 lives=False
2026-09-19T04:44,R4,4,a19d4e07,E,y3_recover_cash_6m,dpo_qa,train_cv,auroc_dpo_resid_days,0.6528920218905206,0.5118,clip_days=0.5686 drop44=True
2026-09-19T04:44,R4,4,a19d4e07,E,y7_top1_lost,dpo_qa,train_cv,auroc_e_dpo_proxy_lag1_short,0.4500079419938336,0.9365,q6=CLOSE early_cov=0.9365 exists_early=True
2026-09-19T04:44,R4,4,a19d4e07,E,-,dpo_qa,train,dpo_share_gt24,0.08985132514544279,0.5118,p99=802.4125 max=114831.0072 acf1=0.2437 dark_nan=True
2026-09-19T04:46,R4,4,a19d4e07,E,y3_recover_cash_6m,dpo_qa,train_cv,auroc_dpo_resid_days_drop24,0.4324250681226072,0.5118,tail_artifact=True clip12=0.5842 after_iss=0.5975
2026-09-19T04:46,R4,4,a19d4e07,E,y3_recover_cash_6m,dpo_qa,train_cv,auroc_e_dpo_proxy_lag1,0.6100544083025319,0.9365,short=0.6125 lag_leftover=0.6646 lag_drop24=0.4333
2026-09-19T04:46,R4,4,a19d4e07,E,-,dpo_qa,train,icc_dpo_clip24,0.9080323238794831,0.5118,icc_raw=0.8066 acf_clip=0.2996 BETWEEN_if_clipped
2026-09-19T04:47,R4,4,c9e14b20,D,-,supp_hhi_qa,train,d_supp_hhi_cov,0.5007798837264262,0.5008,ever_n=741 dark_nn=0 dark_co=470 ok=True
2026-09-19T04:47,R4,4,c9e14b20,D,-,supp_hhi_qa,train,rho_supp_hhi_vs_top1,0.986519478470371,1.0000,cust_hhi=0.1582 tx_cp=-0.1458 size=-0.3556 twin=True
2026-09-19T04:47,R4,4,c9e14b20,D,y3_recover_cash_6m,supp_hhi_qa,train_cv,auroc_d_supp_hhi,0.6528769268979633,0.5008,vs_size=0.6166 vs_days=0.7114 leftover_days=0.4640 y3=DROP
2026-09-19T04:47,R4,4,c9e14b20,D,y4_ds_r_double,supp_hhi_qa,train_cv,auroc_d_supp_hhi,0.525143892188493,0.5008,vs_size=0.5071 vs_cust_lag3=0.6047 leftover_cust=0.5226 body=0.5231 y4=DROP
2026-09-19T04:47,R4,4,c9e14b20,D,y5_ap_od30_ownp80,supp_hhi_qa,train_cv,auroc_d_supp_hhi,0.5386288331259379,0.5008,vs_size=0.5562 size_on_def=0.5446 leftover_size=0.5254 y5=PARK
2026-09-19T04:47,R4,4,c9e14b20,D,y5_ap_od30_ownp80,supp_hhi_qa,train,y5_supp_hhi_tail_rate,0.0273972602739726,1.0000,rest=0.0861 confirm=True quote=0.027/0.086
2026-09-19T04:47,R4,4,c9e14b20,D,y5_ap_od30_ownp80,supp_hhi_qa,train,y5_leftover_after_drop_tail,0.6548672566371682,1.0000,full=0.6510 delta=0.0038408636752913505 increased=False
2026-09-19T04:47,R4,4,c9e14b20,D,-,supp_hhi_qa,train,supp_hhi_lose_44,1.0,0.5008,overall=DROP y3=DROP y4=DROP y5=PARK kind=different object (protective / leftover)
2026-09-19T04:47,R4,4,c9e14b20,D,-,supp_hhi_qa,train,icc_d_supp_hhi,0.9592708670908516,1.0000,eta2=0.6388 trait=True demean_y3=0.5092
2026-09-19T02:49,R4,4,c8b1440a,B,y3_recover_cash_6m,b_on_44_qa,train_cv,auroc_b_bal_vol,0.692325153632875,0.1991,leftover_days=0.7335 rho_javier=0.354 drop44=YES illegal_x
2026-09-19T02:49,R4,4,c8b1440a,B,y3_recover_cash_6m,b_on_44_qa,train_cv,auroc_b_runway,0.5958095249740871,0.8770,KEEP Q1 description; DROP from 44 as Y3 X; PARK forecast Y
2026-09-19T02:49,R4,4,c8b1440a,B,y2_neg_2of3,b_on_44_qa,train_cv,auroc_b_below_0,0.8962799165621151,1.0000,LOCK leak not KEEP leftover_dies=False
2026-09-19T02:49,R4,4,c8b1440a,B,y3_recover_cash_6m,b_on_44_qa,train_cv,auroc_b_on_44_resid_days,0.7335076673482976,1.0000,any_live=True drop_all_x=True days=0.711 size=0.617
2026-09-19T02:49,R4,4,c8b1440a,B,-,b_on_44_qa,train,b_bal_vol_vs_a_vol_rho,0.3541446934196894,0.7070,DRIFT confirm=True quote=0.354 leftover_after_javier=0.6206337939153402
2026-09-19T02:49,R4,4,c8b1440a,B,-,b_on_44_qa,holdout,holdout_n_companies,72,1.0000,ok72=True y2_pos=23 y3_pos=14 no_auroc
2026-09-19T04:49,R4,4,c9e14b20,D,y5_ap_od30_ownp80,supp_hhi_qa,train,size_rank_d_supp_hhi,0.6632919127589452,1.0000,quote=0.663 match=True park=True
2026-09-19T04:49,R4,4,c9e14b20,D,y3_recover_cash_6m,supp_hhi_qa,train_cv,y3_body_leftover_days,0.4110419470546315,1.0000,body_raw=0.6606 days=0.7412 dies=True
2026-09-19T02:51,R4,4,c8b1440a,B,y3_recover_cash_6m,b_on_44_qa,train_cv,auroc_b_d_runway_rank_leftover,0.6714475210022435,0.7070,path_leak=False t1_survive_vs_days=True q1_crash=True
2026-09-19T02:51,R4,4,c8b1440a,B,y3_recover_cash_6m,b_on_44_qa,train_cv,auroc_b_runway_last_lookahead,0.8234163496003551,1.0000,LOOK-AHEAD still vs month-t=0.596 last_p50=1.079
2026-09-19T04:51,R4,4,e8b2c0d4,E,y7_top1_lost,dso_qa,train_cv,auroc_e_dso_proxy,0.4310595503847954,0.4057,iss=0.6295 leftover_iss=0.4518 leftover_delay=0.5608 y7=CLOSE
2026-09-19T04:51,R4,4,e8b2c0d4,E,y3_recover_cash_6m,dso_qa,train_cv,auroc_e_dso_proxy,0.564103007129582,0.4057,days=0.7114 leftover_days=0.4740 y3=CLOSE / DROP from the 44
2026-09-19T04:51,R4,4,e8b2c0d4,E,-,dso_qa,train,rho_dso_vs_dpo,0.45610949759560504,0.4057,delay=0.2137 od=0.2288 issued=-0.0483 size=0.0635
2026-09-19T04:51,R4,4,e8b2c0d4,E,y7_top1_lost,dso_qa,train_cv,auroc_dso_resid_issued_lag1,0.45177294170487825,0.4057,after_delay=0.5608 lives=False drop44=True
2026-09-19T04:51,R4,4,e8b2c0d4,E,y3_recover_cash_6m,dso_qa,train_cv,auroc_dso_resid_days,0.47404907205247626,0.4057,clip_days=0.5486 drop24=0.4237 tail=False
2026-09-19T04:51,R4,4,e8b2c0d4,E,y7_top1_lost,dso_qa,train_cv,auroc_dso_resid_delay_coll,0.5608372945529222,0.4057,shap_delay=not just delay samen=0.5608 delay_keep=0.5814
2026-09-19T04:51,R4,4,e8b2c0d4,E,y7_top1_lost,dso_qa,train_cv,auroc_e_dso_proxy_fold4,0.3422736511456024,0.4057,iss4=0.6474 q1_dso=0.4554 q1_n=1331 issued_owns=True
2026-09-19T04:51,R4,4,e8b2c0d4,E,y7_top1_lost,dso_qa,train_cv,auroc_e_dso_proxy_lag1_short,0.4215593413009113,0.8730,q6=CLOSE early_cov=0.8730 exists_early=True
2026-09-19T04:51,R4,4,e8b2c0d4,E,-,dso_qa,train,dso_share_gt24,0.0717697774670861,0.4057,p99=747.2652 max=2190260.6929 acf1=0.2550 dark_nan=True vs_dpo_gt24=0.0899
2026-09-19T04:51,R4,4,e8b2c0d4,E,-,dso_qa,train,icc_e_dso_proxy,0.6275173512260178,0.4057,acf1=0.2550 clip_icc=0.9120 BETWEEN=False
2026-09-19T02:52,R4,4,c8b1440a,B,y3_recover_cash_6m,b_on_44_qa,train_cv,auroc_b_d_runway_after_days_runway,0.5600921637202879,0.7070,rank=0.653 t1_foldmin=0.561 invert=False died_adj=False
2026-09-19T02:52,R4,4,c8b1440a,B,y3_recover_cash_6m,b_on_44_qa,train_cv,auroc_b_d_runway_q1_dummy,0.6493331646049375,0.7070,cont=0.659 almost_flag=True body_left=0.527 q1_share_pos=0.473
2026-09-19T04:53,R4,4,e8b2c0d4,E,y7_top1_lost,dso_qa,train_cv,auroc_dso_resid_delay_drop24,0.4238548861152858,0.4057,raw=0.5608 clip24=0.4036 tail=True
2026-09-19T04:53,R4,4,e8b2c0d4,E,y3_recover_cash_6m,dso_qa,train_cv,auroc_dso_resid_days_size,0.618447224334479,0.4057,days=0.4740 both_drop=0.4185 lag1_clone=True
2026-09-19T04:54,R4,4,e8b2c0d4,E,y3_recover_cash_6m,dso_qa,train_cv,auroc_log1p_dso_resid_days,0.5599593113315716,0.4057,log_raw=0.5643 y7_iss=0.4313 y7_delay=0.3889
2026-09-19T04:54,R4,4,e8b2c0d4,E,-,dso_qa,train,rho_dso_lag1_vs_days,0.0229200970348312,0.4057,now_days=0.0217 clip_days=0.0230 clip_left=0.5690
2026-09-19T04:55,R4,4,e8b2c0d4,E,y7_top1_lost,dso_qa,train_cv,auroc_dso_resid_iss_shortq1,0.47173625375526085,0.4057,q1_dso=0.4554 q1_iss=0.6035 q1_delay_left=0.5208
2026-09-19T04:56,R4,4,e4a91c7b,-,-,brief_map,compile,n_map_rows,51,1.0000,"six-question compile; issues=11; resolved=19; in_flight=B,DSO; quotes unchanged"
2026-09-19T04:56,R4,4,e4a91c7b,-,-,brief_map,compile,n_keep_drop_resolved,19,1.0000,later leftover QA wins; B/DSO in-flight
2026-09-19T04:56,R4,4,e8b2c0d4,E,y7_top1_lost,dso_qa,train_cv,auroc_dso_resid_iss_long18,0.6133272785029908,0.4057,long_raw=0.6072 long_iss=0.6462 short_left=0.5029 slice_only_not_KEEP
2026-09-19T04:58,R4,4,7f2e91c4,D,y3_recover_cash_6m,d_tx_qa,train_cv,auroc_d_tx_cp_share,0.5335131444385481,0.9918,days=0.7114 leftover_days=0.6003 y3=CLOSE / DROP from the 44
2026-09-19T04:58,R4,4,7f2e91c4,D,y5_ar_od30_sust,d_tx_qa,train_cv,auroc_d_tx_cp_share,0.5764994075299099,0.9918,train=0.6114 leftover_size=0.5793 quote=KEEP the 0.611 quote
2026-09-19T04:58,R4,4,7f2e91c4,D,y5_ar_od30_sust,d_tx_qa,train,auroc_d_tx_cp_share_train,0.6113874359992938,0.9918,CONFIRM_0.611=True cv=0.5765 drop44=True
2026-09-19T04:58,R4,4,7f2e91c4,D,-,d_tx_qa,train,rho_d_tx_vs_miss_cp,-0.9471393033413534,0.9918,CONFIRM_-0.947=True uncat=-0.1406 size=0.0268
2026-09-19T04:58,R4,4,7f2e91c4,D,y3_recover_cash_6m,d_tx_qa,train_cv,auroc_d_tx_resid_days,0.6003472095349973,0.9918,dies=False after_miss=0.5093 r2=0.0000
2026-09-19T04:58,R4,4,7f2e91c4,D,y5_ar_od30_sust,d_tx_qa,train_cv,auroc_d_tx_resid_size,0.5793052583453289,0.9918,dies=False after_miss=0.4537 fold3=0.8594
2026-09-19T04:58,R4,4,7f2e91c4,D,y5_ar_od30_sust,d_tx_qa,train,d_tx_fold3_hole_share,0.859375,0.9918,one_group=True collapse=True train_wo=0.5408
2026-09-19T04:58,R4,4,e8b2c0d4,E,y7_top1_lost,dso_qa,train_cv,auroc_dso_resid_iss_roll_t3,0.48921235328003054,0.4057,raw=0.4846 iss=0.5961 y3_left=nan persist_twice=126
2026-09-19T04:59,R4,4,7f2e91c4,D,y3_recover_cash_6m,d_tx_qa,train_cv,auroc_d_tx_rank_resid_days,0.5372495229986346,0.9918,ols=0.6003 clone=False honest_dies=True
2026-09-19T04:59,R4,4,7f2e91c4,D,y5_ar_od30_sust,d_tx_qa,train_cv,auroc_d_tx_resid_j_pay_match,0.5878054743767576,0.4560,rho=0.2622 y3_left=0.6017 dark_nn=0
2026-09-19T05:00,R4,4,7f2e91c4,D,y5_ar_od30_sust,d_tx_qa,train,auroc_d_tx_drop_top_f3_group,0.5920613409881516,0.9918,top=GROUP_0079 n_g=4 one_name=False
2026-09-19T05:00,R4,4,e8b2c0d4,E,y3_recover_cash_6m,dso_qa,train_cv,auroc_dso_resid_days_roll_pool,0.7280405405405406,0.4057,days=0.6331 n=1301 pos=98 delay_roll=0.5207 clean_iss=0.3996
2026-09-19T05:00,R4,4,e8b2c0d4,E,y3_recover_cash_6m,dso_qa,train_cv,auroc_dso_resid_days_clean_refit,0.4231776501923109,0.4057,dso=0.4296 days=0.7129 size=0.6218 y7_left=0.4198 artifact=False
2026-09-19T05:01,R4,4,e8b2c0d4,E,y3_recover_cash_6m,dso_qa,train,auroc_dso_resid_days_roll_drop24,0.6655122655122655,0.4057,left=0.7280 dso=0.7333 days=0.6331 size=0.5839 tail=False
2026-09-19T05:01,R4,4,e4a91c7b,-,-,brief_map,compile,n_source_issues,0,1.0000,0 = every KEEP/CLOSE/DROP number is in its source md
2026-09-19T05:01,R4,4,7f2e91c4,D,y5_ar_od30_sust,d_tx_qa,train,auroc_d_tx_drop_4_hole_groups,0.5348024247813984,0.9918,"groups=['GROUP_0079', 'GROUP_0132', 'GROUP_0081', 'GROUP_0018'] cv=0.5288 leftover_size=0.5288"
2026-09-19T05:02,R4,4,e8b2c0d4,E,y6_zero_in_3,dso_qa,train_cv,auroc_dso_resid_iss_y6,0.5836977102528202,0.4057,dso=0.5864 iss=0.7253 drop_aug_iss=0.4518 not_a_new_y
2026-09-19T05:03,R4,4,e8b2c0d4,E,y3_recover_cash_6m,dso_qa,train_cv,auroc_dso_resid_days_labeled_slope,0.6973900867567122,0.4057,y7_iss=0.4518 y7_delay=0.5646
2026-09-19T05:03,R4,4,e8b2c0d4,E,y3_recover_cash_6m,dso_qa,train_cv,auroc_rank_dso_resid_days,0.5686060966958457,0.4057,raw_rank=0.5641 y7_iss=0.4308 y7_delay=0.3822
2026-09-19T05:04,R4,4,e8b2c0d4,E,y3_recover_cash_6m,dso_qa,train,rho_dso_labeled_resid_vs_days,-0.9607274299461727,0.4057,raw=-0.0122 left=0.6974 clip=0.4577 false_clone=True mix=0.4485
2026-09-19T05:05,R4,4,e8b2c0d4,E,y7_top1_lost,dso_qa,train_cv,auroc_dso_resid_pending,0.43077753888965536,0.4057,y3=0.5305 y3_pd=0.5297 y7_ap=0.4491 mix_clone=True
2026-09-19T05:06,R4,4,e8b2c0d4,E,y3_recover_cash_6m,dso_qa,train_cv,auroc_dso_resid_zero_in,0.5739255638110421,0.4057,rho_vs_days=-0.0579 clone=False y7_paid=0.4708
2026-09-19T05:07,R4,4,e8b2c0d4,E,y3_recover_cash_6m,dso_qa,train_cv,auroc_dso_resid_zero_days,0.6240116719585463,0.4057,days=0.7114 rho=0.7464 clone=False
2026-09-19T05:08,R4,4,b4e81c2a,D,-,cust_hhi_qa,train,d_cust_hhi_cov,0.42198799451718105,0.4220,ever_n=674 dark_nn=0 dark_co=470 ok=True
2026-09-19T05:08,R4,4,b4e81c2a,D,-,cust_hhi_qa,train,rho_cust_hhi_vs_top1,0.9943707561885202,1.0000,lag3=0.9944 supp=0.1582 tx_cp=-0.1125 size=-0.1794 twin=True
2026-09-19T05:08,R4,4,b4e81c2a,D,y3_recover_cash_6m,cust_hhi_qa,train_cv,auroc_d_cust_hhi,0.5945454131848811,0.4220,vs_size=0.6166 vs_days=0.7114 leftover_days=0.4189 y3=DROP
2026-09-19T05:08,R4,4,b4e81c2a,D,y4_ds_r_double,cust_hhi_qa,train_cv,auroc_d_cust_hhi_lag3,0.6046739587518718,0.4220,vs_top1_lag3=0.6038 leftover_top1=0.5488 body=0.4445 confirm=True y4x=DROP
2026-09-19T05:08,R4,4,b4e81c2a,D,y4_ds_r_double,cust_hhi_qa,train_cv,y4_cust_hhi_body_cv,0.4445440573137189,1.0000,quote=0.445 confirm=True n=676 pos=78
2026-09-19T05:08,R4,4,b4e81c2a,D,y4_ds_r_double,cust_hhi_qa,train,y4_cust_hhi_tail_rate,0.22093023255813954,1.0000,rest=0.1154 confirm=True quote=0.221/0.115
2026-09-19T05:08,R4,4,b4e81c2a,D,-,cust_hhi_qa,train,cust_hhi_lose_44,1.0,0.4220,"overall=DROP y3=DROP y4x=DROP kind=top1 rewrite; Y4 0.605 is the >0.975 monopoly tail, not a gradient"
2026-09-19T05:08,R4,4,b4e81c2a,D,-,cust_hhi_qa,train,icc_d_cust_hhi,0.9824998575994986,1.0000,eta2=0.8207 trait=True demean_y3=0.4035
2026-09-19T05:08,R4,4,b4e81c2a,D,y3_recover_cash_6m,cust_hhi_qa,train_cv,y3_leftover_after_days,0.41890779227821123,1.0000,fake_days=False rho_resid=-0.0035 dies=True
2026-09-19T05:08,R4,4,e8b2c0d4,E,y3_recover_cash_6m,dso_qa,train_cv,auroc_clip_dso_resid_iss_days,0.5465011966124906,0.4057,iss_days=0.6907 rho_raw=-0.9743 rho_clip=0.1073
2026-09-19T05:08,R4,4,572fb928,F,y3_recover_cash_6m,fc_r_qa,train_cv,auroc_f_fc_r,0.5587215345240217,0.8852,days=0.7114 leftover_ds=0.4640 contemp=DROP
2026-09-19T05:08,R4,4,572fb928,F,y7_top1_lost,fc_r_qa,train_cv,auroc_f_fc_r,0.5548895570643971,0.8852,lag3=0.5709 leftover_iss=0.5631 turn_nofc=0.5565
2026-09-19T05:08,R4,4,572fb928,F,y3_recover_cash_6m,fc_r_qa,train_cv,auroc_f_fc_r_resid_ds_r,0.46397390964396673,0.8852,ols=0.5449 dies=True r2=0.0055
2026-09-19T05:08,R4,4,572fb928,F,y3_recover_cash_6m,fc_r_qa,train_cv,auroc_f_fc_r_resid_days,0.4492708510750064,0.8852,ols=0.6478 dies=True
2026-09-19T05:08,R4,4,572fb928,F,-,fc_r_qa,train,rho_f_fc_r_vs_f_ds_r,0.20497974207242597,0.8852,twin=False m_fin=0.7393 a_fin=0.6628
2026-09-19T05:08,R4,4,572fb928,F,y9_fee_r_ownp80,fc_r_qa,train,rho_f_fc_r_vs_y9,0.13198622521226702,0.8852,jac_hi=0.1126 is_y=False not_scored_as_Y9_X
2026-09-19T05:08,R4,4,572fb928,F,y7_top1_lost,fc_r_qa,train_cv,auroc_f_fc_r_resid_turn_nofc,0.5565498218046099,0.8852,ols=0.6441 dies=False no_refit
2026-09-19T05:08,R4,4,572fb928,F,-,fc_r_qa,train,drop_from_44,1,0.8852,contemp=DROP lag3_turnover=KEEP q6=CLOSE
2026-09-19T05:08,R4,4,e8b2c0d4,E,y3_recover_cash_6m,dso_qa,train_cv,auroc_dso_resid_fds_days,0.6751205704873783,0.4057,days=0.7114 rho=-0.9373
2026-09-19T05:10,R4,4,572fb928,F,y3_recover_cash_6m,fc_r_qa,train_cv,auroc_f_ds_r_resid_fc,0.605741319362832,0.8852,raw=0.6195 lives=True r2=0.0055
2026-09-19T05:10,R4,4,572fb928,F,y3_recover_cash_6m,fc_r_qa,train_cv,auroc_f_fc_r_resid_ds_gt0,0.5603603226784518,0.2143,raw=0.5243 days=0.5762 dies=False
2026-09-19T05:10,R4,4,572fb928,F,y3_recover_cash_6m,fc_r_qa,train,days_ols_fake_leftover,0.6477548012231333,0.8852,rank=0.4493 fake=True rho_ctrl=0.7402
2026-09-19T05:10,R4,4,e8b2c0d4,E,y3_recover_cash_6m,dso_qa,train_cv,auroc_dso_resid_paid_days,0.6239784102402159,0.4057,days=0.7114 rho=0.7023
2026-09-19T05:10,R4,4,e8b2c0d4,E,y3_recover_cash_6m,dso_qa,train_cv,auroc_dso_resid_ap_days,0.5291621367048762,0.4057,days=0.7114 rho=0.0105
2026-09-19T05:10,R4,4,e8b2c0d4,E,y3_recover_cash_6m,dso_qa,train_cv,auroc_dso_resid_dpo_days,0.6474059754834846,0.4057,days=0.7114 rho=0.8067
2026-09-19T05:10,R4,4,e8b2c0d4,E,y3_recover_cash_6m,dso_qa,train_cv,auroc_dso_resid_od_days,0.5413465273986601,0.4057,days=0.7114 rho=0.1214
2026-09-19T05:10,R4,4,e8b2c0d4,E,y3_recover_cash_6m,dso_qa,train_cv,auroc_clip_dso_resid_paid_days,0.5855534505395632,0.4057,days=0.7114 rho=0.1007
2026-09-19T05:11,R4,4,e8b2c0d4,E,y3_recover_cash_6m,dso_qa,train_cv,auroc_clip_dso_resid_dpo_days,0.5552343905193757,0.4057,days=0.7114 rho=0.1051 clone=False
2026-09-19T05:11,R4,4,e8b2c0d4,E,y3_recover_cash_6m,dso_qa,train_cv,auroc_dso_resid_open_days,0.3769935516277359,0.4057,days=0.7114 rho=0.6710
2026-09-19T05:11,R4,4,e8b2c0d4,E,y3_recover_cash_6m,dso_qa,train_cv,auroc_dso_resid_delay_days,0.6469084993016061,0.4057,days=0.7114 rho=0.8779
2026-09-19T05:11,R4,4,572fb928,F,-,fc_r_qa,train,rho_f_fc_r_vs_a_fin_cost_roll3,0.9999924127117543,0.8852,same=True leftover=0.5308
2026-09-19T05:11,R4,4,572fb928,F,y3_recover_cash_6m,fc_r_qa,train_cv,auroc_f_fc_r_demean_resid_days,0.5892885963736213,0.8852,raw=0.6003 fake=False beat_size=False
2026-09-19T05:11,R4,4,e8b2c0d4,E,y3_recover_cash_6m,dso_qa,train_cv,auroc_clip_dso_resid_delay_days,0.607863208668283,0.4057,days=0.7114 rho=0.0268 clone=False
2026-09-19T05:11,R4,4,e8b2c0d4,E,holdout_cov,dso_qa,holdout,cov_dso_holdout_size_t1,0.3387096774193548,0.3387,t2=0.5631 t3=0.3774
2026-09-19T05:11,R4,4,e8b2c0d4,E,y7_top1_lost,dso_qa,train_cv,auroc_dso_resid_open_iss,0.45262442637470823,0.4057,iss=0.6295 rho=0.2186
2026-09-19T05:12,R4,4,e8b2c0d4,E,y7_top1_lost,dso_qa,train_cv,auroc_dso_resid_pend_iss,0.4317012767418906,0.4057,iss=0.6295 rho=0.0307
2026-09-19T05:12,R4,4,e8b2c0d4,E,y7_top1_lost,dso_qa,train_cv,auroc_dso_resid_ap_iss,0.44934321145561207,0.4057,iss=0.6295 rho=0.0409
2026-09-19T05:12,R4,4,e8b2c0d4,E,y3_recover_cash_6m,dso_qa,train_cv,auroc_clip_dso_resid_fds_days,0.5469877391462076,0.4057,days=0.7114 rho=0.1173 clone=False
2026-09-19T05:13,R4,4,e8b2c0d4,E,y7_top1_lost,dso_qa,train_cv,auroc_dso_resid_dpo_iss,0.4987465914886429,0.4057,iss=0.6295 rho=0.1503
2026-09-19T05:13,R4,4,e8b2c0d4,E,y3_recover_cash_6m,dso_qa,train_cv,auroc_clip_dso_resid_zero_days,0.5598750664529939,0.4057,days=0.7114 rho=0.0834 clone=False
2026-09-19T05:13,R4,4,e8b2c0d4,E,y7_top1_lost,dso_qa,train_cv,auroc_dso_resid_od_iss,0.5213979796984789,0.4057,iss=0.6295 rho=0.0790
2026-09-19T05:14,R4,4,e8b2c0d4,E,y7_top1_lost,dso_qa,train_cv,auroc_dso_resid_paid_iss,0.5361582786839496,0.4057,iss=0.6295 rho=-0.0022
2026-09-19T05:14,R4,4,e8b2c0d4,E,y7_top1_lost,dso_qa,train_cv,auroc_dso_resid_size_iss,0.4632296745247849,0.4057,iss=0.6295 rho=-0.5117
2026-09-19T05:15,R4,4,e8b2c0d4,E,y7_top1_lost,dso_qa,train_cv,auroc_dso_resid_fds_iss,0.4139209376969813,0.4057,iss=0.6295 rho=0.2197
2026-09-19T05:15,R4,4,e8b2c0d4,E,y3_recover_cash_6m,dso_qa,train_cv,auroc_dso_resid_apiss_days,0.47514540318861725,0.4057,days=0.7114 rho=0.6696
2026-09-19T05:15,R4,4,e8b2c0d4,E,y7_top1_lost,dso_qa,train_cv,auroc_dso_resid_od30_iss,0.48156495304706565,0.4057,iss=0.6295 rho=-0.0314
2026-09-19T05:16,R4,4,e8b2c0d4,E,y7_top1_lost,dso_qa,train_cv,auroc_dso_resid_apiss_iss,0.4522477529439417,0.4057,iss=0.6295 rho=0.2314
2026-09-19T05:16,R4,4,e8b2c0d4,E,y7_top1_lost,dso_qa,train_cv,auroc_dso_resid_zero_iss,0.5056075508458328,0.4057,iss=0.6295 rho=0.1938
2026-09-19T05:16,R4,4,c81e4b07,A,y3_recover_cash_6m,n_tx_qa,train_cv,auroc_a_n_tx,0.7033480255480502,1.0000,days=0.7114 size=0.6166 leftover=0.5376 card=CLOSE
2026-09-19T05:16,R4,4,c81e4b07,A,y3_recover_cash_6m,n_tx_qa,train_cv,auroc_c_n_days_with_tx,0.7114423276043065,1.0000,CONFIRM_0.711=True size_ok=True
2026-09-19T05:16,R4,4,c81e4b07,A,y3_recover_cash_6m,n_tx_qa,train_cv,auroc_a_n_tx_resid_days,0.5375522679314919,1.0000,ols=0.6227 fake=False r2=0.2632 dies=True
2026-09-19T05:16,R4,4,c81e4b07,A,y3_recover_cash_6m,n_tx_qa,train_cv,auroc_days_resid_a_n_tx,0.563799803560116,1.0000,ols=0.7103 lives=True
2026-09-19T05:16,R4,4,c81e4b07,A,-,n_tx_qa,train,rho_a_n_tx_vs_days,0.9377697677377367,1.0000,identity=True rho_cntx=1.0000 rho_gap=-0.8664 size=0.6609
2026-09-19T05:16,R4,4,c81e4b07,A,y2_neg_2of3,n_tx_qa,train_cv,auroc_a_n_tx,0.5982963465120703,1.0000,days=0.5712 legal_0.571=True
2026-09-19T05:16,R4,4,c81e4b07,A,-,n_tx_qa,train,icc_a_n_tx,0.9692132961374579,1.0000,confirm097=True trait=True acf1=0.2226
2026-09-19T05:16,R4,4,c81e4b07,A,y3_recover_cash_6m,n_tx_qa,train_cv,auroc_a_n_tx_lag1_resid_days_lag1,0.5339848945776535,1.0000,l3=0.5318 l1_dies=True q6=KEEP
2026-09-19T05:17,R4,4,c81e4b07,A,y3_recover_cash_6m,n_tx_qa,train_cv,auroc_a_n_tx_resid_days_size,0.5346337682521796,1.0000,ols_days=0.6227 rank_days=0.5376 fake_ols=True
2026-09-19T05:17,R4,4,c81e4b07,A,y3_recover_cash_6m,n_tx_qa,train,identity_a_n_tx_c_n_tx,1.0,1.0000,dust=True maxabs=2.84e-14 leftover_rank=0.7023
2026-09-19T05:18,R4,4,c81e4b07,A,y2_neg_2of3,n_tx_qa,train_cv,auroc_intensity_resid_days,0.5969452751224865,1.0000,y2_left=0.5831 inten_raw=0.6188 after_size=0.5977
2026-09-19T05:19:10+02:00,R4,4,572fb928,F,y3_recover_cash_6m,ds_r_qa,train_cv,auroc_f_ds_r,0.6195403565269706,0.8852,days=0.7114 size=0.6166 beat=False
2026-09-19T05:19:10+02:00,R4,4,572fb928,F,y3_recover_cash_6m,ds_r_qa,train_cv,auroc_f_ds_r_resid_days,0.5278671099962959,0.8852,ols=0.7087 dies=True fake=False r2=0.0005
2026-09-19T05:19:10+02:00,R4,4,572fb928,F,y3_recover_cash_6m,ds_r_qa,train_cv,auroc_f_ds_r_resid_fc,0.605741319362832,0.8852,confirm_606=True dies=False
2026-09-19T05:19:10+02:00,R4,4,572fb928,F,y3_recover_cash_6m,ds_r_qa,train_cv,auroc_days_resid_ds_r,0.6824353894741435,0.8852,inverse dies=False
2026-09-19T05:19:10+02:00,R4,4,572fb928,F,-,ds_r_qa,train,rho_f_ds_r_vs_f_fc_r,0.20497974207242597,0.8852,"confirm_205=True twins=['a_debt_service', 'f_debt_service']"
2026-09-19T05:19:10+02:00,R4,4,572fb928,F,y4_ds_r_double,ds_r_qa,train,rho_f_ds_r_vs_y4,-0.08159707850863758,0.8852,identity_only jac=0.0679 not_KEEP F_forbidden
2026-09-19T05:19:10+02:00,R4,4,572fb928,F,y3_recover_cash_6m,ds_r_qa,train,card_stem,-1,0.8852,DROP unused leftover after days: honest rank 0.528 dies (OLS 0.709 fake=False). Parent 15-col card absorbs; do not edit the card. Same shape as contemp f_fc_r unused on the 44.
2026-09-19T05:19,R4,4,c81e4b07,A,y2_neg_2of3,n_tx_qa,train_cv,auroc_intensity,0.6187965058689853,1.0000,left_days=0.5969 keep_y2=False rho_days=0.7810
2026-09-19T05:20,R4,4,c81e4b07,A,y3_recover_cash_6m,n_tx_qa,train_cv,auroc_a_n_tx_resid_gap_sd,0.6146688197791119,1.0000,group_icc=0.7647 nz_left=0.5317 long_left=nan
2026-09-19T05:20:34+02:00,R4,4,e8b2c0d4,E,y3_recover_cash_6m,issued_qa,train_cv,auroc_e_ar_issued,0.6867834230471357,0.6407,days=0.7114 size=0.6166
2026-09-19T05:20:34+02:00,R4,4,e8b2c0d4,E,y3_recover_cash_6m,issued_qa,train_cv,auroc_issued_resid_days_rank,0.6080859672513647,0.6407,ols=0.6943 fake=True
2026-09-19T05:20:34+02:00,R4,4,e8b2c0d4,E,y7_top1_lost,issued_qa,train_cv,auroc_issued_resid_lag1_rank,0.5812918149803787,0.6407,ols=0.6554 addon_close=True
2026-09-19T05:20:34+02:00,R4,4,e8b2c0d4,E,y7_top1_lost,issued_qa,train_cv,auroc_e_ar_issued_fold4,0.6959451821434487,0.6407,lag1_f4=0.647432337133562
2026-09-19T05:20:34+02:00,R4,4,e8b2c0d4,E,y3_recover_cash_6m,issued_qa,train_cv,rho_issued_vs_days,0.41670009780955813,0.6407,rho_size=0.4625 rho_lag1=0.8142
2026-09-19T05:21:52+02:00,R4,4,e8b2c0d4,E,y3_recover_cash_6m,issued_qa,train_cv,auroc_log1p_issued_resid_days_rank,0.6080859672513647,0.6407,ols=0.6028 dies=False
2026-09-19T05:21:52+02:00,R4,4,e8b2c0d4,E,y3_recover_cash_6m,issued_qa,train_cv,auroc_issued_pos_resid_days_rank,0.4121280082431846,0.6407,fake=True raw=0.5867091486801977
2026-09-19T05:21:52+02:00,R4,4,e8b2c0d4,E,y3_recover_cash_6m,issued_qa,train_cv,rho_log1p_issued_vs_lag1,0.8141606153078983,0.6407,twin=True leftover=0.6530997860171456
2026-09-19T05:25,R4,4,d4c8e201,C,y3_recover_cash_6m,ss_qa,train_cv,auroc_c_ss_month,0.6932356416670103,1.0000,days=0.7114 sal=0.6712 leftover=0.6347 card=KEEP
2026-09-19T05:25,R4,4,d4c8e201,C,y3_recover_cash_6m,ss_qa,train_cv,auroc_c_ss_month_resid_days,0.6347055340808844,1.0000,ols=0.6347 fake_ols=False r2=0.1783 dies=False
2026-09-19T05:25,R4,4,d4c8e201,C,y3_recover_cash_6m,ss_qa,train_cv,auroc_c_ss_month_resid_salary,0.668125032740989,1.0000,r2=0.3837 payroll_twin=False jac=0.6389
2026-09-19T05:25,R4,4,d4c8e201,C,y3_recover_cash_6m,ss_qa,train_cv,auroc_days_resid_c_ss_month,0.6412604383127476,1.0000,ols=0.6428 lives=True
2026-09-19T05:25,R4,4,d4c8e201,C,-,ss_qa,train,rho_c_ss_month_vs_days,0.42438982060187475,1.0000,sal=0.6194 tax=0.3305 size=0.3417 twins=False
2026-09-19T05:25,R4,4,d4c8e201,C,-,ss_qa,train,icc_c_ss_month,0.9897204381142648,1.0000,confirm099=True trait=True acf1=0.6000
2026-09-19T05:25,R4,4,d4c8e201,C,y3_recover_cash_6m,ss_qa,train_cv,auroc_c_ss_month_lag1_resid_days_lag1,0.6310326000558392,1.0000,l3=0.6060 l1_dies=False q6=KEEP
2026-09-19T05:25:50+02:00,R4,4,e8b2c0d4,E,y3_recover_cash_6m,issued_qa,train_cv,rho_issued_vs_login3_company_median,0.5111422907790649,0.6407,SIZE=True row_rho=0.4625
2026-09-19T05:25:50+02:00,R4,4,e8b2c0d4,E,y3_recover_cash_6m,issued_qa,train_cv,auroc_issued_resid_days_size_lag1_rank,0.6007523594515018,0.6407,dies=False
2026-09-19T05:25:50+02:00,R4,4,e8b2c0d4,E,y3_recover_cash_6m,issued_qa,train_cv,auroc_q6_resid_days_lag1_issued_lag1_rank,0.5836611598799617,0.6407,dies=True
2026-09-19T05:27,R4,4,d4c8e201,C,y3_recover_cash_6m,ss_qa,train_cv,auroc_c_ss_month_resid_days_salary,0.6334138555538663,1.0000,stack=0.6350 between=0.6508 within=0.5708
2026-09-19T05:28:04+02:00,R4,4,e8b2c0d4,E,y3_recover_cash_6m,issued_qa,train_cv,auroc_issued_bothpos_resid_days_rank,0.3699683339808663,0.6407,lag_rank=0.5965 rho=0.8059
2026-09-19T05:30:17+02:00,R4,4,572fb928,C,y3_recover_cash_6m,salary_month_qa,train_cv,auroc_c_salary_month,0.6712395185477562,1.0000,days=0.7114 size=0.6166 beat=True
2026-09-19T05:30:17+02:00,R4,4,572fb928,C,y3_recover_cash_6m,salary_month_qa,train_cv,auroc_c_salary_month_resid_days,0.6031322832520187,1.0000,ols=0.6031 dies=False fake=False r2=0.1744
2026-09-19T05:30:17+02:00,R4,4,572fb928,C,y3_recover_cash_6m,salary_month_qa,train_cv,auroc_c_salary_month_resid_ss,0.62603821677192,1.0000,dies=False miss=0.6714
2026-09-19T05:30:17+02:00,R4,4,572fb928,C,y3_recover_cash_6m,salary_month_qa,train_cv,auroc_days_resid_salary,0.6471560337074435,1.0000,inverse dies=False
2026-09-19T05:30:17+02:00,R4,4,572fb928,C,-,salary_month_qa,train,rho_salary_vs_days,0.41889961399771736,1.0000,twins=[] jac_ss=0.6389
2026-09-19T05:30:17+02:00,R4,4,572fb928,C,y3_recover_cash_6m,salary_month_qa,train,card_stem,1,1.0000,"KEEP leftover after days rank 0.603 lives, beats size by 0.055, not SIZE, not a twin"
2026-09-19T05:30,R4,4,d4c8e201,C,y3_recover_cash_6m,ss_qa,train_cv,auroc_c_ss_month_resid_days_boot_p50,0.6339104314748203,1.0000,p05=0.5927 p95=0.6751 die=0.0045
2026-09-19T05:30,R4,4,d4c8e201,C,y3_recover_cash_6m,ss_qa,train_cv,auroc_c_ss_month_mixed_resid_days,0.41898833710583216,1.0000,raw=0.5801 n_pos=105 after_sal=0.5491
2026-09-19T05:36:50+02:00,R4,4,572fb928,A,y3_recover_cash_6m,in3_qa,train_cv,auroc_log1p_a_in3,0.6166389674101939,0.8852,days=0.7114 confirm=True
2026-09-19T05:36:50+02:00,R4,4,572fb928,A,y3_recover_cash_6m,in3_qa,train_cv,auroc_log1p_a_in3_resid_days,0.5208353431768746,0.8852,ols=0.5309 dies=True fake=False r2=0.3355
2026-09-19T05:36:50+02:00,R4,4,572fb928,A,y3_recover_cash_6m,in3_qa,train_cv,auroc_days_resid_log_in3,0.6670270122761552,0.8852,inverse dies=False
2026-09-19T05:36:50+02:00,R4,4,572fb928,A,-,in3_qa,train,rho_log_in3_vs_days,0.5952782215074067,0.8852,"twins=['a_op_in', 'log_opin', 'a_in6', 'a_in12', 'log_in6', 'log_in12'] acf_in3=0.6552 acf_op=0.0036"
2026-09-19T05:36:50+02:00,R4,4,572fb928,A,y3_recover_cash_6m,in3_qa,train,size_control,0,0.8852,"CLOSE as unused leftover unused leftover after days: honest rank 0.521 dies (OLS 0.531 fake=False). DROP from the 44 as engine X. Size bar 0.617 stays the KEEP-as-X quote, not a card st"
2026-09-19T05:41,R4,4,a91c4e02,C,y3_recover_cash_6m,tax_month_qa,train_cv,auroc_c_tax_month,0.6105853836862787,1.0000,days=0.7114 leftover=0.5204 card=CLOSE
2026-09-19T05:41,R4,4,a91c4e02,C,y3_recover_cash_6m,tax_month_qa,train_cv,auroc_c_tax_month_resid_days,0.5203548105309088,1.0000,ols=0.5204 fake_ols=False r2=0.1778 dies=True
2026-09-19T05:41,R4,4,a91c4e02,C,y3_recover_cash_6m,tax_month_qa,train_cv,auroc_c_tax_month_resid_ss,0.528053481415769,1.0000,sal=0.5384 stack=0.4886 miss=0.6169
2026-09-19T05:41,R4,4,a91c4e02,C,y3_recover_cash_6m,tax_month_qa,train_cv,auroc_c_tax_month_lag1_resid_days_lag1,0.5192440845692876,1.0000,q6=CLOSE days_l1=0.6841
2026-09-19T05:42,R4,4,a91c4e02,C,y3_recover_cash_6m,tax_month_qa,train_cv,auroc_c_tax_month_resid_days_boot_p50,0.518989457128374,1.0000,p05=0.4581 p95=0.5502 die=0.9450
2026-09-19T05:45:39+02:00,R4,4,572fb928,D,y3_recover_cash_6m,n_cust_qa,train_cv,auroc_d_n_cust,0.6530767458108173,0.5338,days=0.7114 size=0.6166 beat=True
2026-09-19T05:45:39+02:00,R4,4,572fb928,D,y3_recover_cash_6m,n_cust_qa,train_cv,auroc_d_n_cust_resid_days,0.5446808958029467,0.5338,ols=0.6478 dies=True fake=False r2=0.0626
2026-09-19T05:45:39+02:00,R4,4,572fb928,D,y3_recover_cash_6m,n_cust_qa,train_cv,auroc_days_resid_d_n_cust,0.699031391291314,0.5338,inverse dies=False
2026-09-19T05:45:39+02:00,R4,4,572fb928,D,y3_recover_cash_6m,n_cust_qa,train_cv,auroc_d_n_cust_resid_top1,0.4556509644370414,0.5338,after_hhi=0.4589 after_days_top1=0.5637
2026-09-19T05:45:39+02:00,R4,4,572fb928,D,-,n_cust_qa,train,rho_d_n_cust_vs_hhi,-0.8373643356492787,0.5338,"twins=['d_cust_top1', 'd_cust_hhi'] size=False acf1=0.8667"
2026-09-19T05:45:39+02:00,R4,4,572fb928,D,y3_recover_cash_6m,n_cust_qa,train,n_cust_leftover,0,0.5338,CLOSE unused leftover unused leftover after days: honest rank 0.545 dies (OLS 0.648 fake=False). DROP from the 44 as Y3 X. Do not invent y_n_cust. Off the 15-col card.
2026-09-19T05:51,R4,4,b17e9c44,F,y3_recover_cash_6m,n_types_qa,train_cv,auroc_f_n_types,0.5777609714335303,1.0000,days=0.7114 leftover=0.5336 card=DROP
2026-09-19T05:51,R4,4,b17e9c44,F,y3_recover_cash_6m,n_types_qa,train_cv,auroc_f_n_types_resid_days,0.5335505890961457,1.0000,ols=0.5296 fake_ols=False r2=0.0889 dies=True
2026-09-19T05:51,R4,4,b17e9c44,F,y3_recover_cash_6m,n_types_qa,train_cv,auroc_f_n_types_resid_facilities,0.5154335357749018,1.0000,r2=0.3578 rewrite=False rho_fac=0.9939
2026-09-19T05:51,R4,4,b17e9c44,F,y3_recover_cash_6m,n_types_qa,train_cv,auroc_f_n_types_lag1_resid_days_lag1,0.5288629197583095,1.0000,q6=CLOSE days_l1=0.6841
2026-09-19T05:52,R4,4,b17e9c44,F,y3_recover_cash_6m,n_types_qa,train_cv,auroc_f_n_types_resid_days_boot_p50,0.5447078746152063,1.0000,p05=0.4248 p95=0.5678 Pge55=0.400
2026-09-19T05:53:30+02:00,R4,4,e8b2c0d4,E,y3_recover_cash_6m,ap_issued_qa,train_cv,auroc_e_ap_issued,0.6748412789711097,0.6407,days=0.7114 size=0.6166
2026-09-19T05:53:30+02:00,R4,4,e8b2c0d4,E,y3_recover_cash_6m,ap_issued_qa,train_cv,auroc_ap_resid_days_rank,0.5912525963494291,0.6407,ols=0.7143 fake=True
2026-09-19T05:53:30+02:00,R4,4,e8b2c0d4,E,y3_recover_cash_6m,ap_issued_qa,train_cv,auroc_ap_resid_ar_rank,0.5783914852542119,0.6407,ols=0.5573 rewrite=False
2026-09-19T05:53:30+02:00,R4,4,e8b2c0d4,E,y3_recover_cash_6m,ap_issued_qa,train_cv,rho_ap_vs_days,0.4593861949543313,0.6407,rho_ar=0.6722 rho_size=0.5139
2026-09-19T05:53:30+02:00,R4,4,e8b2c0d4,E,y3_recover_cash_6m,ap_issued_qa,train_cv,auroc_ap_resid_lag1_rank,0.6142398222867839,0.6407,ols=0.6766 y7=0.5420985612202975
2026-09-19T05:54:34+02:00,R4,4,572fb928,D,y3_recover_cash_6m,n_supp_qa,train_cv,auroc_d_n_supp,0.6988247217065803,0.5338,days=0.7114 size=0.6166 beat=True
2026-09-19T05:54:34+02:00,R4,4,572fb928,D,y3_recover_cash_6m,n_supp_qa,train_cv,auroc_d_n_supp_resid_days,0.5874955830535049,0.5338,ols=0.5304 dies=False fake=False r2=0.1035
2026-09-19T05:54:34+02:00,R4,4,572fb928,D,y3_recover_cash_6m,n_supp_qa,train_cv,auroc_days_resid_d_n_supp,0.6656568868444424,0.5338,inverse dies=False
2026-09-19T05:54:34+02:00,R4,4,572fb928,D,y3_recover_cash_6m,n_supp_qa,train_cv,auroc_d_n_supp_resid_top1,0.6385766090090987,0.5338,after_hhi=0.6261 after_ncust=0.6491
2026-09-19T05:54:34+02:00,R4,4,572fb928,D,-,n_supp_qa,train,rho_d_n_supp_vs_n_cust,0.6318216903890949,0.5338,twins=[] size=True acf1=0.9060
2026-09-19T05:54:34+02:00,R4,4,572fb928,D,y3_recover_cash_6m,n_supp_qa,train,n_supp_leftover,1,0.5338,CLOSE unused leftover unused leftover after days: honest rank 0.587 dies (OLS 0.530 fake=False almost=False). DROP from the 44 as Y3 X. Do not invent y_n_supp. Off the 15-col card.
2026-09-19T05:55,R4,4,b17e9c44,F,y3_recover_cash_6m,n_types_qa,train_cv,auroc_f_n_types_resid_facilities_boot_p50,0.518329985788262,1.0000,p05=0.4528 p95=0.5449 connected_recover=0.1331
2026-09-19T06:01:08+02:00,R4,4,572fb928,D,y3_recover_cash_6m,top1_qa,train_cv,auroc_d_cust_top1,0.5901116236497441,0.4220,days=0.7114 size=0.6166 beat=False
2026-09-19T06:01:08+02:00,R4,4,572fb928,D,y3_recover_cash_6m,top1_qa,train_cv,auroc_d_cust_top1_resid_days,0.5245445468318304,0.4220,ols=0.4191 dies=True fake=False
2026-09-19T06:01:08+02:00,R4,4,572fb928,D,y3_recover_cash_6m,top1_qa,train_cv,auroc_d_cust_top1_resid_hhi,0.4339773405572071,0.4220,after_ncust=0.5323 after_days_hhi=0.5718
2026-09-19T06:01:08+02:00,R4,4,572fb928,D,-,top1_qa,train,rho_d_cust_top1_vs_hhi,0.9943707561885202,0.4220,"twins=['d_cust_hhi', 'd_n_cust'] size=False"
2026-09-19T06:01:08+02:00,R4,4,572fb928,D,y4_ds_r_double,top1_qa,train_cv,y4_top1_lag3_footnote,0.6037757592784646,0.4220,footnote=KEEP leftover_hhi_after_top1_lag3=0.4613
2026-09-19T06:01:08+02:00,R4,4,572fb928,D,y3_recover_cash_6m,top1_qa,train,top1_leftover,0,0.4220,"CLOSE unused leftover unused leftover after days: honest rank 0.525 dies (OLS 0.419 fake=False). Also TWIN of ['d_cust_hhi', 'd_n_cust']. DROP from the 44 as Y3 X. Y4 >0.975 footnote"
2026-09-19T06:08:33+02:00,R4,4,572fb928,A,y3_recover_cash_6m,uncat_share_qa,train_cv,auroc_a_uncat_share,0.5415736337415085,0.9580,days=0.7114 size=0.6166 beat=False
2026-09-19T06:08:33+02:00,R4,4,572fb928,A,y3_recover_cash_6m,uncat_share_qa,train_cv,auroc_a_uncat_share_resid_days,0.5725958823036963,0.9580,ols=0.5590 dies=False fake=False
2026-09-19T06:08:33+02:00,R4,4,572fb928,A,y3_recover_cash_6m,uncat_share_qa,train_cv,auroc_a_uncat_share_resid_miss_cp,0.533407439818259,0.9580,after_dtx=0.5360
2026-09-19T06:08:33+02:00,R4,4,572fb928,A,-,uncat_share_qa,train,icc_a_uncat_share,0.7983943718670148,0.9580,trait=False twins=['amt_uncat']
2026-09-19T06:08:33+02:00,R4,4,572fb928,A,y3_recover_cash_6m,uncat_share_qa,train,uncat_share_leftover,1,0.9580,CLOSE unused leftover leftover after days rank 0.573 lives but fails beat-size (0.542 vs 0.617). Style dummy ICC 0.798. DROP from the 44 as Y3 X. PARK as Y.
2026-09-19T06:14:31+02:00,R4,4,572fb928,H,y3_recover_cash_6m,sib_neg_qa,train_cv,auroc_h_sib_neg_share,0.4336028319670476,0.9490,days=0.7114 size=0.6166 beat=False
2026-09-19T06:14:31+02:00,R4,4,572fb928,H,y3_recover_cash_6m,sib_neg_qa,train_cv,auroc_h_sib_neg_share_resid_days,0.45258549987670094,0.9490,ols=0.4529 dies=True fake=False
2026-09-19T06:14:31+02:00,R4,4,572fb928,H,y3_recover_cash_6m,sib_neg_qa,train_cv,auroc_h_sib_neg_share_resid_size,0.4457667901925193,0.9490,t1_res=0.1667
2026-09-19T06:14:31+02:00,R4,4,572fb928,H,y3_recover_cash_6m,sib_neg_qa,train,sib_neg_leftover,0,0.9490,CLOSE unused leftover unused leftover after days: honest rank 0.453 dies (OLS 0.453 fake=False). Single 0.434 vs days 0.711 / size 0.617. DROP from the 44 as Y3 X. PARK as Y (H marks
2026-09-19T06:14:31+02:00,R4,4,572fb928,H,y3_recover_cash_6m,sib_neg_qa,train,sister_runway_footnote,1,0.9490,gap=0.0787 leftover_after_flag=0.4250
2026-09-19T06:15,R4,4,b17e9c44,F,y3_recover_cash_6m,ogtg_qa,train_cv,auroc_f_ogtg_native,nan,0.0574,n_pos=0 lp=True card=PARK
2026-09-19T06:15,R4,4,b17e9c44,F,y3_recover_cash_6m,ogtg_qa,train_cv,auroc_f_ogtg_hole_resid_days,0.7114423276043065,0.0574,ols=0.7114423276043065 fake=True dies=True
2026-09-19T06:15,R4,4,b17e9c44,F,y3_recover_cash_6m,ogtg_qa,train_cv,auroc_f_ogtg_hole_resid_types,0.5777609714335303,0.0574,fac_left=0.5787715003967773
2026-09-19T06:15,R4,4,b17e9c44,F,y3_recover_cash_6m,ogtg_qa,train_cv,auroc_f_ogtg_lag1_resid_days_lag1,0.6321414206318575,0.0574,q6=CLOSE days_l1=0.6840535143535809
2026-09-19T06:17,R4,4,b17e9c44,F,y3_recover_cash_6m,ogtg_qa,train_cv,auroc_f_ogtg_trait_resid_days_boot_p50,0.6874860724781375,0.0574,p05=0.6564 p95=0.7118 fake_trait=True
2026-09-19T06:19:28+02:00,R4,4,572fb928,D,y3_recover_cash_6m,supp_top1_qa,train_cv,auroc_d_supp_top1,0.6410423630732376,0.5008,days=0.7114 size=0.6166 beat=True
2026-09-19T06:19:28+02:00,R4,4,572fb928,D,y3_recover_cash_6m,supp_top1_qa,train_cv,auroc_d_supp_top1_resid_days,0.4294975871512646,0.5008,ols=0.4268 dies=True fake=False
2026-09-19T06:19:28+02:00,R4,4,572fb928,D,y3_recover_cash_6m,supp_top1_qa,train_cv,auroc_d_supp_top1_resid_hhi,0.5551120483507435,0.5008,after_nsupp=0.3960
2026-09-19T06:19:28+02:00,R4,4,572fb928,D,y5_ap_od30_ownp80,supp_top1_qa,train,y5_protective_tail,0.0273972602739726,0.5008,footnote=KEEP rest=0.0861
2026-09-19T06:19:28+02:00,R4,4,572fb928,D,y3_recover_cash_6m,supp_top1_qa,train,supp_top1_leftover,0,0.5008,CLOSE unused leftover unused leftover after days: honest rank 0.429 dies (OLS 0.427 fake=False). Also TWIN of ['d_supp_hhi']. DROP from the 44 as Y3 X. Y5 protective-tail footnote KE
2026-09-19T06:22:10+02:00,R4,4,e8b2c0d4,E,y3_recover_cash_6m,ap_open_qa,train_cv,auroc_e_ap_open,0.5694933566421441,0.6406,days=0.7114 size=0.6166
2026-09-19T06:22:10+02:00,R4,4,e8b2c0d4,E,y3_recover_cash_6m,ap_open_qa,train_cv,auroc_open_resid_days_rank,0.41834242525339904,0.6406,ols=0.6948 fake=False
2026-09-19T06:22:10+02:00,R4,4,e8b2c0d4,E,y3_recover_cash_6m,ap_open_qa,train_cv,auroc_open_resid_issued_rank,0.4594480005521443,0.6406,ols=0.5598 rewrite=True
2026-09-19T06:22:10+02:00,R4,4,e8b2c0d4,E,y3_recover_cash_6m,ap_open_qa,train_cv,auroc_open_resid_dpo_rank,0.6049528952174872,0.6406,ols=0.4854 numer=False
2026-09-19T06:22:10+02:00,R4,4,e8b2c0d4,E,y3_recover_cash_6m,ap_open_qa,train_cv,rho_open_vs_days,0.37898951039134987,0.6406,rho_issued=0.7566 rho_size=0.4616
2026-09-19T06:28:38+02:00,R4,4,572fb928,C,y3_recover_cash_6m,june_tx_qa,train_cv,auroc_c_last_tx_before_2026_06,0.5,1.0000,const=True days=0.7114 hole=True
2026-09-19T06:28:38+02:00,R4,4,572fb928,C,y3_recover_cash_6m,june_tx_qa,train_cv,auroc_june_flag_resid_days,0.7114423276043065,1.0000,ols=0.7114423276043065 dies=True const=False
2026-09-19T06:28:38+02:00,R4,4,572fb928,C,y3_recover_cash_6m,june_tx_qa,train,june_extract_61_vs_62,62,1.0000,extract=61 plus1=True
2026-09-19T06:28:38+02:00,R4,4,572fb928,C,y3_recover_cash_6m,june_tx_qa,train_cv,auroc_june_asof62_resid_days,0.6190624213021516,1.0000,asof=0.5568 no0981=0.6218424280783067
2026-09-19T06:28:38+02:00,R4,4,572fb928,C,y3_recover_cash_6m,june_tx_qa,train,june_tx_leftover,0,1.0000,PARK as extract extract hole: flag only 2026-06..08; last Y3 2026-02-01; mean(flag|Y3)=0.0%. Contemporaneous leftover after days rank 0.711 const=False dies. Single 0.500 (peek
2026-09-19T06:34:33+02:00,R4,4,572fb928,J,y3_recover_cash_6m,pay_match_qa,train_cv,auroc_j_pay_match,0.5674776492389727,0.4560,days=0.7114 size=0.6166 beat=False
2026-09-19T06:34:33+02:00,R4,4,572fb928,J,y3_recover_cash_6m,pay_match_qa,train_cv,auroc_j_pay_match_resid_days,0.5555165286033548,0.4560,ols=0.5604 dies=False fake=False
2026-09-19T06:34:33+02:00,R4,4,572fb928,J,y3_recover_cash_6m,pay_match_qa,train_cv,auroc_j_pay_match_resid_pending,0.5655720756953903,0.4560,twin=False rho=-0.0935
2026-09-19T06:34:33+02:00,R4,4,572fb928,J,y5_ar_od30_sust,pay_match_qa,train_cv,auroc_j_pay_match_resid_size_y5,0.5328535413031672,0.4560,y5=0.5323 fold3=0.5209592791148625
2026-09-19T06:34:33+02:00,R4,4,572fb928,J,y3_recover_cash_6m,pay_match_qa,train,pay_match_leftover,1,0.4560,"KEEP-Q5 only leftover after days rank 0.556 lives but beat-size FAIL (0.567 vs 0.617). J stays KEEP-Q5 diagnostic, not a Y3 X. Do not merge J."
2026-09-19T06:39:58+02:00,R4,4,572fb928,E,y3_recover_cash_6m,ar_open_qa,train_cv,auroc_e_ar_open,0.5868297943512275,0.6406,days=0.7114 size=0.6166 beat=False
2026-09-19T06:39:58+02:00,R4,4,572fb928,E,y3_recover_cash_6m,ar_open_qa,train_cv,auroc_e_ar_open_resid_days,0.5267160650097893,0.6406,ols=0.7187 dies=True fake=True
2026-09-19T06:39:58+02:00,R4,4,572fb928,E,y3_recover_cash_6m,ar_open_qa,train_cv,auroc_e_ar_open_resid_issued,0.43301513469655867,0.6406,rewrite=True rho=0.6973
2026-09-19T06:39:58+02:00,R4,4,572fb928,E,y3_recover_cash_6m,ar_open_qa,train_cv,auroc_e_ar_open_resid_dso,0.5573576588064433,0.6406,numer=False
2026-09-19T06:39:58+02:00,R4,4,572fb928,E,y3_recover_cash_6m,ar_open_qa,train,ar_open_leftover,0,0.6406,CLOSE unused leftover unused leftover after days: honest rank 0.527 dies (OLS 0.719 fake=True). Issued rewrite leftover 0.433. DROP from the 44 as Y3 X. Off the 15-col card. Do not g
2026-09-19T06:46,R4,4,b17e9c44,F,y3_recover_cash_6m,util_snap_qa,train_cv,auroc_f_util_native,nan,0.0158,n_pos=0 lp=True card=PARK
2026-09-19T06:46,R4,4,b17e9c44,F,y3_recover_cash_6m,util_snap_qa,train_cv,auroc_f_util_hole_resid_days,0.7114423276043065,0.0158,ols=0.7114423276043065 fake=True dies=True
2026-09-19T06:46,R4,4,b17e9c44,F,y3_recover_cash_6m,util_snap_qa,train_cv,auroc_f_util_dummy_resid_days,0.7114423276043065,0.0158,fake=True types=0.5777609714335303
2026-09-19T06:46,R4,4,b17e9c44,F,y3_recover_cash_6m,util_snap_qa,train_cv,auroc_f_util_lag1_resid_days_lag1,0.6321414206318575,0.0158,q6=CLOSE days_l1=0.6840535143535809
2026-09-19T06:46,R4,4,b17e9c44,F,y3_recover_cash_6m,util_snap_qa,train_cv,auroc_f_util_trait_resid_days_boot_p50,0.6071753818405331,0.0158,p05=0.3908 p95=0.6934 fake_trait=False
2026-09-19T06:53:26+02:00,R4,4,572fb928,G,y3_recover_cash_6m,n_accounts_qa,train_cv,auroc_g_n_accounts,0.5810869577192294,1.0000,days=0.7114 size=0.6166 beat=False
2026-09-19T06:53:26+02:00,R4,4,572fb928,G,y3_recover_cash_6m,n_accounts_qa,train_cv,auroc_g_n_accounts_resid_days,0.42844236542982805,1.0000,ols=0.5621 dies=True fake=False
2026-09-19T06:53:26+02:00,R4,4,572fb928,G,y3_recover_cash_6m,n_accounts_qa,train_cv,auroc_g_n_accounts_resid_checking,0.5857694840959023,1.0000,rewrite=False hole=0.9913
2026-09-19T06:53:26+02:00,R4,4,572fb928,G,y3_recover_cash_6m,n_accounts_qa,train,n_accounts_leftover,0,1.0000,CLOSE unused leftover unused leftover after days: honest rank 0.428 dies (OLS 0.562 fake=False). Rise-only 1561/0. DROP from the 44 as Y3 X. Off the 15-col card. Do not grow TURNOVER
2026-09-19T06:54:27+02:00,R4,4,e8b2c0d4,E,y3_recover_cash_6m,ap_overdue_qa,train_cv,auroc_e_ap_overdue,0.6246371160911649,0.5754,days=0.7114 size=0.6166
2026-09-19T06:54:27+02:00,R4,4,e8b2c0d4,E,y3_recover_cash_6m,ap_overdue_qa,train_cv,auroc_od_resid_days_rank,0.5844262549754751,0.5754,ols=0.5644 fake=False
2026-09-19T06:54:27+02:00,R4,4,e8b2c0d4,E,y3_recover_cash_6m,ap_overdue_qa,train_cv,auroc_od_resid_open_rank,0.6232800443999094,0.5754,ols=0.6265 rewrite=False
2026-09-19T06:54:27+02:00,R4,4,e8b2c0d4,E,y3_recover_cash_6m,ap_overdue_qa,train_cv,auroc_od_resid_dpo_rank,0.5439232732243147,0.5754,delay=0.5791
2026-09-19T06:54:27+02:00,R4,4,e8b2c0d4,E,y3_recover_cash_6m,ap_overdue_qa,train_cv,rho_od_vs_days,-0.18260471936928246,0.5754,rho_open=-0.0069 rho_size=-0.2288
2026-09-19T07:16,R4,4,b17e9c44,A,y3_recover_cash_6m,fin_cost_qa,train_cv,auroc_a_fin_cost_native,0.6342945923056706,1.0000,n_pos=402 card=CLOSE
2026-09-19T07:16,R4,4,b17e9c44,A,y3_recover_cash_6m,fin_cost_qa,train_cv,auroc_a_fin_cost_resid_days,0.48322877954816496,1.0000,ols=0.6825481740562213 fake=True dies=True
2026-09-19T07:16,R4,4,b17e9c44,A,y3_recover_cash_6m,fin_cost_qa,train_cv,auroc_a_fin_cost_resid_fc_r,0.6335495250667489,1.0000,ffc=0.6345537633907151 stack=0.528965002506913
2026-09-19T07:16,R4,4,b17e9c44,A,y3_recover_cash_6m,fin_cost_qa,train_cv,auroc_a_fin_cost_lag1_resid_days_lag1,0.4692139947140328,1.0000,q6=CLOSE days_l1=0.6840535143535809
2026-09-19T07:22:10+02:00,R4,4,572fb928,A,y3_recover_cash_6m,op_out_qa,train_cv,auroc_a_op_out,0.6778495269351081,1.0000,days=0.7114 size=0.6166 beat=True
2026-09-19T07:22:10+02:00,R4,4,572fb928,A,y3_recover_cash_6m,op_out_qa,train_cv,auroc_a_op_out_resid_days,0.5860459548057763,1.0000,ols=0.6753 dies=True fake=True
2026-09-19T07:22:10+02:00,R4,4,572fb928,A,y3_recover_cash_6m,op_out_qa,train_cv,auroc_a_op_out_resid_out3,0.6165582461340037,1.0000,rewrite=False
2026-09-19T07:22:10+02:00,R4,4,572fb928,A,y3_recover_cash_6m,op_out_qa,train,op_out_leftover,0,1.0000,CLOSE unused leftover unused leftover after days: honest rank 0.586 dies (OLS 0.675 fake=True). DROP from the 44 as Y3 X. Off the 15-col card. Do not grow TURNOVER.
2026-09-19T07:26:12+02:00,R4,4,e8b2c0d4,D,y3_recover_cash_6m,cust_lost_qa,train_cv,auroc_d_cust_lost,0.5809515074029448,0.5359,days=0.7114 size=0.6166
2026-09-19T07:26:12+02:00,R4,4,e8b2c0d4,D,y3_recover_cash_6m,cust_lost_qa,train_cv,auroc_lost_resid_days_rank,0.5224668654628442,0.5359,ols=0.6631 fake=False
2026-09-19T07:26:12+02:00,R4,4,e8b2c0d4,D,y3_recover_cash_6m,cust_lost_qa,train_cv,auroc_lost_resid_ncust_rank,0.5744751096584436,0.5359,rewrite=False
2026-09-19T07:26:12+02:00,R4,4,e8b2c0d4,D,y3_recover_cash_6m,cust_lost_qa,train_cv,auroc_lost_resid_top1_rank,0.5471718347667892,0.5359,new=0.4628
2026-09-19T07:26:12+02:00,R4,4,e8b2c0d4,D,y3_recover_cash_6m,cust_lost_qa,train_cv,rho_lost_vs_ncust,0.8605487380989041,0.5359,rho_days=0.4173 rho_size=0.3217
2026-09-19T07:35:00+02:00,R4,4,689100e7,E,-,lit_invoice,n/a,n_ultra,12,1.0000,invoice trade-credit cluster; analysis/outputs/lit_invoice.md; do not grow TURNOVER 0.720
2026-09-19T08:15:00+02:00,R4,4,f6fc63bd,-,-,lit_cashflow,n/a,n_ultra,11,1.0000,cash-flow SME scorecard cluster; analysis/outputs/lit_cashflow.md; Ng v4 val 0.806 / CV 0.850; never B as Y2/Y3 X
2026-09-19T07:40:21+02:00,R4,4,689100e7,E,y7_top1_lost,top1_pastdue_qa,train_cv,auroc_top1_pastdue,0.6122289921975953,0.32641678876967434,top-1 PastDue defined 32.6% of train CM; dark 470 NaN CONFIRM. mean 0.586 (Hirshleifer 27%). ρ vs delay 0.278 DSO 0.291 overdue 0.858 TWIN. Y7 raw 0.612 vs issued_lag1 0.630 size 0.469 beat-size PASS. Leftover after issued_lag1+CN rank 0.57
2026-09-19T07:40:21+02:00,R4,4,689100e7,E,y7_top1_lost,top1_pastdue_qa,train_cv,leftover_iss_cn_rank,0.5760341566831929,0.32641678876967434,ols=0.621 keep=CLOSE
2026-09-19T07:40:21+02:00,R4,4,689100e7,E,y7_top1_lost,top1_pastdue_qa,train_cv,rho_vs_delay_coll,0.27812141120086425,0.32641678876967434,twins=['e_ar_overdue']
2026-09-19T07:40:44+02:00,R4,4,572fb928,A,y3_recover_cash_6m,debt_svc_qa,train_cv,auroc_a_debt_service,0.6133506277130157,1.0000,days=0.7114 size=0.6166 beat=False
2026-09-19T07:40:44+02:00,R4,4,572fb928,A,y3_recover_cash_6m,debt_svc_qa,train_cv,auroc_a_debt_service_resid_days,0.48383960256011305,1.0000,ols=0.6306 dies=True fake=False
2026-09-19T07:40:44+02:00,R4,4,572fb928,A,y3_recover_cash_6m,debt_svc_qa,train_cv,auroc_a_debt_service_resid_dsr,0.5874155814753497,1.0000,rewrite=False
2026-09-19T07:40:44+02:00,R4,4,572fb928,A,y3_recover_cash_6m,debt_svc_qa,train,debt_svc_leftover,0,1.0000,CLOSE unused leftover unused leftover after days: honest rank 0.484 dies (OLS 0.631 fake=False). DROP from the 44 as Y3 X. Off the 15-col card. Do not grow TURNOVER.
2026-09-19T07:40:51+02:00,R4,4,y3_reasons,-,y3_recover_cash_6m,y3_reasons,n/a,ss_left,0.6347,0.6031,days=0.711 ss_l1=0.631 KEEP stems only
2026-09-19T07:41:17+02:00,R4,4,y3_reasons,-,y3_recover_cash_6m,y3_reasons,n/a,ss_left,0.6347,0.6031,days=0.711 ss_l1=0.631 KEEP stems only
2026-09-19T07:41:34+02:00,R4,4,y3_reasons,-,y3_recover_cash_6m,y3_reasons,n/a,ss_left,0.6347,0.6031,days=0.711 ss_l1=0.631 KEEP stems only
2026-09-19T07:41:51+02:00,R4,4,y3_reasons,-,y3_recover_cash_6m,y3_reasons,n/a,ss_left,0.6347,0.6031,days=0.711 ss_l1=0.631 KEEP stems only
2026-09-19T07:42:57+02:00,R4,4,689100e7,E,y7_top1_lost,top1_pastdue_qa,train_cv,leftover_after_overdue,0.518127679499505,0.32641678876967434,twin screen leftover
2026-09-19T07:42:57+02:00,R4,4,689100e7,E,y7_top1_lost,top1_pastdue_qa,train_cv,leftover_div_share50,0.6151776254815281,0.32641678876967434,rho_od=0.784 mono=0.519
2026-09-19T07:42:57+02:00,R4,4,689100e7,E,y7_top1_lost,top1_pastdue_qa,train_cv,leftover_gap_named_minus_overdue,0.5433332680063623,0.32641678876967434,pd30=0.556 triple=0.524
2026-09-19T07:43:55+02:00,R4,4,days_delta_qa,C,y3_recover_cash_6m,days_delta_qa,train_cv,d3_left,0.4842,0.5171,DROP card=DROP from Y3 X / KEEP off the 15-col car
2026-09-19T07:44:34+02:00,R4,4,689100e7,E,y7_top1_lost,top1_pastdue_qa,train_cv,leftover_div_after_overdue,0.45434931147728436,0.32641678876967434,twins=[]
